id,image_path,label,stage
flowers102_0,image_07088.jpg,ood_test,test
flowers102_1,image_06396.jpg,ood_test,test
flowers102_2,image_05847.jpg,ood_test,test
flowers102_3,image_04581.jpg,ood_test,test
flowers102_4,image_03588.jpg,ood_test,test
flowers102_5,image_02696.jpg,ood_test,test
flowers102_6,image_07936.jpg,ood_test,test
flowers102_7,image_00081.jpg,ood_test,test
flowers102_8,image_07922.jpg,ood_test,test
flowers102_9,image_00095.jpg,ood_test,test
flowers102_10,image_02682.jpg,ood_test,test
flowers102_11,image_05853.jpg,ood_test,test
flowers102_12,image_04595.jpg,ood_test,test
flowers102_13,image_06382.jpg,ood_test,test
flowers102_14,image_00903.jpg,ood_test,test
flowers102_15,image_02872.jpg,ood_test,test
flowers102_16,image_02866.jpg,ood_test,test
flowers102_17,image_00917.jpg,ood_test,test
flowers102_18,image_05884.jpg,ood_test,test
flowers102_19,image_04542.jpg,ood_test,test
flowers102_20,image_02133.jpg,ood_test,test
flowers102_21,image_06355.jpg,ood_test,test
flowers102_22,image_00724.jpg,ood_test,test
flowers102_23,image_00042.jpg,ood_test,test
flowers102_24,image_06433.jpg,ood_test,test
flowers102_25,image_02655.jpg,ood_test,test
flowers102_26,image_04224.jpg,ood_test,test
flowers102_27,image_02641.jpg,ood_test,test
flowers102_28,image_04230.jpg,ood_test,test
flowers102_29,image_02899.jpg,ood_test,test
flowers102_30,image_00056.jpg,ood_test,test
flowers102_31,image_07739.jpg,ood_test,test
flowers102_32,image_06427.jpg,ood_test,test
flowers102_33,image_01348.jpg,ood_test,test
flowers102_34,image_06341.jpg,ood_test,test
flowers102_35,image_00730.jpg,ood_test,test
flowers102_36,image_05890.jpg,ood_test,test
flowers102_37,image_03239.jpg,ood_test,test
flowers102_38,image_04556.jpg,ood_test,test
flowers102_39,image_05648.jpg,ood_test,test
flowers102_40,image_02127.jpg,ood_test,test
flowers102_41,image_01406.jpg,ood_test,test
flowers102_42,image_06369.jpg,ood_test,test
flowers102_43,image_07077.jpg,ood_test,test
flowers102_44,image_00718.jpg,ood_test,test
flowers102_45,image_03211.jpg,ood_test,test
flowers102_46,image_05660.jpg,ood_test,test
flowers102_47,image_02669.jpg,ood_test,test
flowers102_48,image_05106.jpg,ood_test,test
flowers102_49,image_04218.jpg,ood_test,test
flowers102_50,image_03577.jpg,ood_test,test
flowers102_51,image_07711.jpg,ood_test,test
flowers102_52,image_01360.jpg,ood_test,test
flowers102_53,image_07705.jpg,ood_test,test
flowers102_54,image_01374.jpg,ood_test,test
flowers102_55,image_05112.jpg,ood_test,test
flowers102_56,image_03563.jpg,ood_test,test
flowers102_57,image_03205.jpg,ood_test,test
flowers102_58,image_05674.jpg,ood_test,test
flowers102_59,image_01412.jpg,ood_test,test
flowers102_60,image_07063.jpg,ood_test,test
flowers102_61,image_00283.jpg,ood_test,test
flowers102_62,image_03952.jpg,ood_test,test
flowers102_63,image_02494.jpg,ood_test,test
flowers102_64,image_04783.jpg,ood_test,test
flowers102_65,image_06194.jpg,ood_test,test
flowers102_66,image_01823.jpg,ood_test,test
flowers102_67,image_06180.jpg,ood_test,test
flowers102_68,image_01837.jpg,ood_test,test
flowers102_69,image_04797.jpg,ood_test,test
flowers102_70,image_05489.jpg,ood_test,test
flowers102_71,image_03946.jpg,ood_test,test
flowers102_72,image_02480.jpg,ood_test,test
flowers102_73,image_00297.jpg,ood_test,test
flowers102_74,image_01189.jpg,ood_test,test
flowers102_75,image_06816.jpg,ood_test,test
flowers102_76,image_08185.jpg,ood_test,test
flowers102_77,image_04967.jpg,ood_test,test
flowers102_78,image_04973.jpg,ood_test,test
flowers102_79,image_06802.jpg,ood_test,test
flowers102_80,image_03749.jpg,ood_test,test
flowers102_81,image_04026.jpg,ood_test,test
flowers102_82,image_03991.jpg,ood_test,test
flowers102_83,image_05338.jpg,ood_test,test
flowers102_84,image_02457.jpg,ood_test,test
flowers102_85,image_06631.jpg,ood_test,test
flowers102_86,image_00240.jpg,ood_test,test
flowers102_87,image_00526.jpg,ood_test,test
flowers102_88,image_07249.jpg,ood_test,test
flowers102_89,image_06157.jpg,ood_test,test
flowers102_90,image_01638.jpg,ood_test,test
flowers102_91,image_02331.jpg,ood_test,test
flowers102_92,image_04998.jpg,ood_test,test
flowers102_93,image_04740.jpg,ood_test,test
flowers102_94,image_02325.jpg,ood_test,test
flowers102_95,image_04754.jpg,ood_test,test
flowers102_96,image_00532.jpg,ood_test,test
flowers102_97,image_06143.jpg,ood_test,test
flowers102_98,image_06625.jpg,ood_test,test
flowers102_99,image_00254.jpg,ood_test,test
flowers102_100,image_04032.jpg,ood_test,test
flowers102_101,image_03985.jpg,ood_test,test
flowers102_102,image_02443.jpg,ood_test,test
flowers102_103,image_01162.jpg,ood_test,test
flowers102_104,image_07513.jpg,ood_test,test
flowers102_105,image_03775.jpg,ood_test,test
flowers102_106,image_05304.jpg,ood_test,test
flowers102_107,image_05462.jpg,ood_test,test
flowers102_108,image_03013.jpg,ood_test,test
flowers102_109,image_08146.jpg,ood_test,test
flowers102_110,image_07275.jpg,ood_test,test
flowers102_111,image_01604.jpg,ood_test,test
flowers102_112,image_08152.jpg,ood_test,test
flowers102_113,image_07261.jpg,ood_test,test
flowers102_114,image_01610.jpg,ood_test,test
flowers102_115,image_02319.jpg,ood_test,test
flowers102_116,image_05476.jpg,ood_test,test
flowers102_117,image_04768.jpg,ood_test,test
flowers102_118,image_03007.jpg,ood_test,test
flowers102_119,image_03761.jpg,ood_test,test
flowers102_120,image_05310.jpg,ood_test,test
flowers102_121,image_01176.jpg,ood_test,test
flowers102_122,image_06619.jpg,ood_test,test
flowers102_123,image_07507.jpg,ood_test,test
flowers102_124,image_00268.jpg,ood_test,test
flowers102_125,image_06786.jpg,ood_test,test
flowers102_126,image_07498.jpg,ood_test,test
flowers102_127,image_04191.jpg,ood_test,test
flowers102_128,image_03826.jpg,ood_test,test
flowers102_129,image_02286.jpg,ood_test,test
flowers102_130,image_03198.jpg,ood_test,test
flowers102_131,image_01957.jpg,ood_test,test
flowers102_132,image_00491.jpg,ood_test,test
flowers102_133,image_01943.jpg,ood_test,test
flowers102_134,image_00485.jpg,ood_test,test
flowers102_135,image_02292.jpg,ood_test,test
flowers102_136,image_04185.jpg,ood_test,test
flowers102_137,image_03832.jpg,ood_test,test
flowers102_138,image_06792.jpg,ood_test,test
flowers102_139,image_06962.jpg,ood_test,test
flowers102_140,image_04813.jpg,ood_test,test
flowers102_141,image_04807.jpg,ood_test,test
flowers102_142,image_06976.jpg,ood_test,test
flowers102_143,image_02523.jpg,ood_test,test
flowers102_144,image_04152.jpg,ood_test,test
flowers102_145,image_00334.jpg,ood_test,test
flowers102_146,image_06745.jpg,ood_test,test
flowers102_147,image_06023.jpg,ood_test,test
flowers102_148,image_01994.jpg,ood_test,test
flowers102_149,image_00452.jpg,ood_test,test
flowers102_150,image_04634.jpg,ood_test,test
flowers102_151,image_02245.jpg,ood_test,test
flowers102_152,image_04620.jpg,ood_test,test
flowers102_153,image_02251.jpg,ood_test,test
flowers102_154,image_01758.jpg,ood_test,test
flowers102_155,image_06037.jpg,ood_test,test
flowers102_156,image_07329.jpg,ood_test,test
flowers102_157,image_01980.jpg,ood_test,test
flowers102_158,image_00446.jpg,ood_test,test
flowers102_159,image_06989.jpg,ood_test,test
flowers102_160,image_00320.jpg,ood_test,test
flowers102_161,image_06751.jpg,ood_test,test
flowers102_162,image_02537.jpg,ood_test,test
flowers102_163,image_05258.jpg,ood_test,test
flowers102_164,image_04146.jpg,ood_test,test
flowers102_165,image_03629.jpg,ood_test,test
flowers102_166,image_00308.jpg,ood_test,test
flowers102_167,image_07467.jpg,ood_test,test
flowers102_168,image_06779.jpg,ood_test,test
flowers102_169,image_01016.jpg,ood_test,test
flowers102_170,image_05270.jpg,ood_test,test
flowers102_171,image_03601.jpg,ood_test,test
flowers102_172,image_03167.jpg,ood_test,test
flowers102_173,image_04608.jpg,ood_test,test
flowers102_174,image_05516.jpg,ood_test,test
flowers102_175,image_02279.jpg,ood_test,test
flowers102_176,image_01770.jpg,ood_test,test
flowers102_177,image_08032.jpg,ood_test,test
flowers102_178,image_07301.jpg,ood_test,test
flowers102_179,image_01764.jpg,ood_test,test
flowers102_180,image_08026.jpg,ood_test,test
flowers102_181,image_07315.jpg,ood_test,test
flowers102_182,image_03173.jpg,ood_test,test
flowers102_183,image_05502.jpg,ood_test,test
flowers102_184,image_05264.jpg,ood_test,test
flowers102_185,image_03615.jpg,ood_test,test
flowers102_186,image_07473.jpg,ood_test,test
flowers102_187,image_01002.jpg,ood_test,test
flowers102_188,image_00693.jpg,ood_test,test
flowers102_189,image_05933.jpg,ood_test,test
flowers102_190,image_02084.jpg,ood_test,test
flowers102_191,image_04393.jpg,ood_test,test
flowers102_192,image_07842.jpg,ood_test,test
flowers102_193,image_06584.jpg,ood_test,test
flowers102_194,image_07856.jpg,ood_test,test
flowers102_195,image_06590.jpg,ood_test,test
flowers102_196,image_05099.jpg,ood_test,test
flowers102_197,image_04387.jpg,ood_test,test
flowers102_198,image_05927.jpg,ood_test,test
flowers102_199,image_02090.jpg,ood_test,test
flowers102_200,image_01599.jpg,ood_test,test
flowers102_201,image_00687.jpg,ood_test,test
flowers102_202,image_00877.jpg,ood_test,test
flowers102_203,image_02906.jpg,ood_test,test
flowers102_204,image_02912.jpg,ood_test,test
flowers102_205,image_00863.jpg,ood_test,test
flowers102_206,image_02047.jpg,ood_test,test
flowers102_207,image_05728.jpg,ood_test,test
flowers102_208,image_04436.jpg,ood_test,test
flowers102_209,image_03359.jpg,ood_test,test
flowers102_210,image_00650.jpg,ood_test,test
flowers102_211,image_00888.jpg,ood_test,test
flowers102_212,image_06221.jpg,ood_test,test
flowers102_213,image_01228.jpg,ood_test,test
flowers102_214,image_07881.jpg,ood_test,test
flowers102_215,image_06547.jpg,ood_test,test
flowers102_216,image_07659.jpg,ood_test,test
flowers102_217,image_00136.jpg,ood_test,test
flowers102_218,image_04350.jpg,ood_test,test
flowers102_219,image_02721.jpg,ood_test,test
flowers102_220,image_04344.jpg,ood_test,test
flowers102_221,image_02735.jpg,ood_test,test
flowers102_222,image_07895.jpg,ood_test,test
flowers102_223,image_06553.jpg,ood_test,test
flowers102_224,image_00122.jpg,ood_test,test
flowers102_225,image_00644.jpg,ood_test,test
flowers102_226,image_06235.jpg,ood_test,test
flowers102_227,image_02053.jpg,ood_test,test
flowers102_228,image_04422.jpg,ood_test,test
flowers102_229,image_07103.jpg,ood_test,test
flowers102_230,image_01572.jpg,ood_test,test
flowers102_231,image_05714.jpg,ood_test,test
flowers102_232,image_03365.jpg,ood_test,test
flowers102_233,image_03403.jpg,ood_test,test
flowers102_234,image_05072.jpg,ood_test,test
flowers102_235,image_01214.jpg,ood_test,test
flowers102_236,image_07665.jpg,ood_test,test
flowers102_237,image_01200.jpg,ood_test,test
flowers102_238,image_07671.jpg,ood_test,test
flowers102_239,image_03417.jpg,ood_test,test
flowers102_240,image_04378.jpg,ood_test,test
flowers102_241,image_05066.jpg,ood_test,test
flowers102_242,image_02709.jpg,ood_test,test
flowers102_243,image_05700.jpg,ood_test,test
flowers102_244,image_03371.jpg,ood_test,test
flowers102_245,image_00678.jpg,ood_test,test
flowers102_246,image_07117.jpg,ood_test,test
flowers102_247,image_06209.jpg,ood_test,test
flowers102_248,image_01566.jpg,ood_test,test
flowers102_249,image_02708.jpg,ood_test,test
flowers102_250,image_05067.jpg,ood_test,test
flowers102_251,image_04379.jpg,ood_test,test
flowers102_252,image_03416.jpg,ood_test,test
flowers102_253,image_07670.jpg,ood_test,test
flowers102_254,image_01201.jpg,ood_test,test
flowers102_255,image_01567.jpg,ood_test,test
flowers102_256,image_06208.jpg,ood_test,test
flowers102_257,image_07116.jpg,ood_test,test
flowers102_258,image_00679.jpg,ood_test,test
flowers102_259,image_03370.jpg,ood_test,test
flowers102_260,image_05701.jpg,ood_test,test
flowers102_261,image_03364.jpg,ood_test,test
flowers102_262,image_05715.jpg,ood_test,test
flowers102_263,image_01573.jpg,ood_test,test
flowers102_264,image_07102.jpg,ood_test,test
flowers102_265,image_07664.jpg,ood_test,test
flowers102_266,image_01215.jpg,ood_test,test
flowers102_267,image_05073.jpg,ood_test,test
flowers102_268,image_03402.jpg,ood_test,test
flowers102_269,image_00123.jpg,ood_test,test
flowers102_270,image_06552.jpg,ood_test,test
flowers102_271,image_07894.jpg,ood_test,test
flowers102_272,image_02734.jpg,ood_test,test
flowers102_273,image_04345.jpg,ood_test,test
flowers102_274,image_04423.jpg,ood_test,test
flowers102_275,image_02052.jpg,ood_test,test
flowers102_276,image_06234.jpg,ood_test,test
flowers102_277,image_00645.jpg,ood_test,test
flowers102_278,image_06220.jpg,ood_test,test
flowers102_279,image_00889.jpg,ood_test,test
flowers102_280,image_00651.jpg,ood_test,test
flowers102_281,image_03358.jpg,ood_test,test
flowers102_282,image_04437.jpg,ood_test,test
flowers102_283,image_05729.jpg,ood_test,test
flowers102_284,image_02046.jpg,ood_test,test
flowers102_285,image_02720.jpg,ood_test,test
flowers102_286,image_04351.jpg,ood_test,test
flowers102_287,image_00137.jpg,ood_test,test
flowers102_288,image_07658.jpg,ood_test,test
flowers102_289,image_06546.jpg,ood_test,test
flowers102_290,image_07880.jpg,ood_test,test
flowers102_291,image_01229.jpg,ood_test,test
flowers102_292,image_02913.jpg,ood_test,test
flowers102_293,image_00862.jpg,ood_test,test
flowers102_294,image_00876.jpg,ood_test,test
flowers102_295,image_02907.jpg,ood_test,test
flowers102_296,image_04386.jpg,ood_test,test
flowers102_297,image_05098.jpg,ood_test,test
flowers102_298,image_06591.jpg,ood_test,test
flowers102_299,image_07857.jpg,ood_test,test
flowers102_300,image_00686.jpg,ood_test,test
flowers102_301,image_01598.jpg,ood_test,test
flowers102_302,image_02091.jpg,ood_test,test
flowers102_303,image_05926.jpg,ood_test,test
flowers102_304,image_02085.jpg,ood_test,test
flowers102_305,image_05932.jpg,ood_test,test
flowers102_306,image_00692.jpg,ood_test,test
flowers102_307,image_06585.jpg,ood_test,test
flowers102_308,image_07843.jpg,ood_test,test
flowers102_309,image_04392.jpg,ood_test,test
flowers102_310,image_05503.jpg,ood_test,test
flowers102_311,image_03172.jpg,ood_test,test
flowers102_312,image_07314.jpg,ood_test,test
flowers102_313,image_08027.jpg,ood_test,test
flowers102_314,image_01765.jpg,ood_test,test
flowers102_315,image_01003.jpg,ood_test,test
flowers102_316,image_07472.jpg,ood_test,test
flowers102_317,image_03614.jpg,ood_test,test
flowers102_318,image_05265.jpg,ood_test,test
flowers102_319,image_03600.jpg,ood_test,test
flowers102_320,image_05271.jpg,ood_test,test
flowers102_321,image_01017.jpg,ood_test,test
flowers102_322,image_06778.jpg,ood_test,test
flowers102_323,image_07466.jpg,ood_test,test
flowers102_324,image_00309.jpg,ood_test,test
flowers102_325,image_07300.jpg,ood_test,test
flowers102_326,image_08033.jpg,ood_test,test
flowers102_327,image_01771.jpg,ood_test,test
flowers102_328,image_02278.jpg,ood_test,test
flowers102_329,image_05517.jpg,ood_test,test
flowers102_330,image_04609.jpg,ood_test,test
flowers102_331,image_03166.jpg,ood_test,test
flowers102_332,image_00447.jpg,ood_test,test
flowers102_333,image_01981.jpg,ood_test,test
flowers102_334,image_07328.jpg,ood_test,test
flowers102_335,image_06036.jpg,ood_test,test
flowers102_336,image_01759.jpg,ood_test,test
flowers102_337,image_02250.jpg,ood_test,test
flowers102_338,image_04621.jpg,ood_test,test
flowers102_339,image_03628.jpg,ood_test,test
flowers102_340,image_04147.jpg,ood_test,test
flowers102_341,image_05259.jpg,ood_test,test
flowers102_342,image_02536.jpg,ood_test,test
flowers102_343,image_06750.jpg,ood_test,test
flowers102_344,image_00321.jpg,ood_test,test
flowers102_345,image_06988.jpg,ood_test,test
flowers102_346,image_06744.jpg,ood_test,test
flowers102_347,image_00335.jpg,ood_test,test
flowers102_348,image_04153.jpg,ood_test,test
flowers102_349,image_02522.jpg,ood_test,test
flowers102_350,image_02244.jpg,ood_test,test
flowers102_351,image_04635.jpg,ood_test,test
flowers102_352,image_00453.jpg,ood_test,test
flowers102_353,image_01995.jpg,ood_test,test
flowers102_354,image_06022.jpg,ood_test,test
flowers102_355,image_04806.jpg,ood_test,test
flowers102_356,image_06977.jpg,ood_test,test
flowers102_357,image_06963.jpg,ood_test,test
flowers102_358,image_04812.jpg,ood_test,test
flowers102_359,image_02293.jpg,ood_test,test
flowers102_360,image_00484.jpg,ood_test,test
flowers102_361,image_01942.jpg,ood_test,test
flowers102_362,image_06793.jpg,ood_test,test
flowers102_363,image_03833.jpg,ood_test,test
flowers102_364,image_04184.jpg,ood_test,test
flowers102_365,image_03827.jpg,ood_test,test
flowers102_366,image_04190.jpg,ood_test,test
flowers102_367,image_07499.jpg,ood_test,test
flowers102_368,image_06787.jpg,ood_test,test
flowers102_369,image_00490.jpg,ood_test,test
flowers102_370,image_01956.jpg,ood_test,test
flowers102_371,image_03199.jpg,ood_test,test
flowers102_372,image_02287.jpg,ood_test,test
flowers102_373,image_03006.jpg,ood_test,test
flowers102_374,image_04769.jpg,ood_test,test
flowers102_375,image_05477.jpg,ood_test,test
flowers102_376,image_02318.jpg,ood_test,test
flowers102_377,image_01611.jpg,ood_test,test
flowers102_378,image_07260.jpg,ood_test,test
flowers102_379,image_08153.jpg,ood_test,test
flowers102_380,image_00269.jpg,ood_test,test
flowers102_381,image_07506.jpg,ood_test,test
flowers102_382,image_06618.jpg,ood_test,test
flowers102_383,image_01177.jpg,ood_test,test
flowers102_384,image_05311.jpg,ood_test,test
flowers102_385,image_03760.jpg,ood_test,test
flowers102_386,image_05305.jpg,ood_test,test
flowers102_387,image_03774.jpg,ood_test,test
flowers102_388,image_07512.jpg,ood_test,test
flowers102_389,image_01163.jpg,ood_test,test
flowers102_390,image_01605.jpg,ood_test,test
flowers102_391,image_07274.jpg,ood_test,test
flowers102_392,image_08147.jpg,ood_test,test
flowers102_393,image_03012.jpg,ood_test,test
flowers102_394,image_05463.jpg,ood_test,test
flowers102_395,image_06142.jpg,ood_test,test
flowers102_396,image_00533.jpg,ood_test,test
flowers102_397,image_04755.jpg,ood_test,test
flowers102_398,image_02324.jpg,ood_test,test
flowers102_399,image_02442.jpg,ood_test,test
flowers102_400,image_03984.jpg,ood_test,test
flowers102_401,image_04033.jpg,ood_test,test
flowers102_402,image_00255.jpg,ood_test,test
flowers102_403,image_06624.jpg,ood_test,test
flowers102_404,image_00241.jpg,ood_test,test
flowers102_405,image_06630.jpg,ood_test,test
flowers102_406,image_02456.jpg,ood_test,test
flowers102_407,image_05339.jpg,ood_test,test
flowers102_408,image_03990.jpg,ood_test,test
flowers102_409,image_04027.jpg,ood_test,test
flowers102_410,image_03748.jpg,ood_test,test
flowers102_411,image_04741.jpg,ood_test,test
flowers102_412,image_04999.jpg,ood_test,test
flowers102_413,image_02330.jpg,ood_test,test
flowers102_414,image_01639.jpg,ood_test,test
flowers102_415,image_06156.jpg,ood_test,test
flowers102_416,image_07248.jpg,ood_test,test
flowers102_417,image_00527.jpg,ood_test,test
flowers102_418,image_04972.jpg,ood_test,test
flowers102_419,image_06803.jpg,ood_test,test
flowers102_420,image_06817.jpg,ood_test,test
flowers102_421,image_04966.jpg,ood_test,test
flowers102_422,image_08184.jpg,ood_test,test
flowers102_423,image_05488.jpg,ood_test,test
flowers102_424,image_04796.jpg,ood_test,test
flowers102_425,image_01836.jpg,ood_test,test
flowers102_426,image_06181.jpg,ood_test,test
flowers102_427,image_01188.jpg,ood_test,test
flowers102_428,image_00296.jpg,ood_test,test
flowers102_429,image_02481.jpg,ood_test,test
flowers102_430,image_03947.jpg,ood_test,test
flowers102_431,image_02495.jpg,ood_test,test
flowers102_432,image_03953.jpg,ood_test,test
flowers102_433,image_00282.jpg,ood_test,test
flowers102_434,image_01822.jpg,ood_test,test
flowers102_435,image_06195.jpg,ood_test,test
flowers102_436,image_04782.jpg,ood_test,test
flowers102_437,image_03562.jpg,ood_test,test
flowers102_438,image_05113.jpg,ood_test,test
flowers102_439,image_01375.jpg,ood_test,test
flowers102_440,image_07704.jpg,ood_test,test
flowers102_441,image_07062.jpg,ood_test,test
flowers102_442,image_01413.jpg,ood_test,test
flowers102_443,image_05675.jpg,ood_test,test
flowers102_444,image_03204.jpg,ood_test,test
flowers102_445,image_05661.jpg,ood_test,test
flowers102_446,image_03210.jpg,ood_test,test
flowers102_447,image_00719.jpg,ood_test,test
flowers102_448,image_07076.jpg,ood_test,test
flowers102_449,image_06368.jpg,ood_test,test
flowers102_450,image_01407.jpg,ood_test,test
flowers102_451,image_01361.jpg,ood_test,test
flowers102_452,image_07710.jpg,ood_test,test
flowers102_453,image_03576.jpg,ood_test,test
flowers102_454,image_04219.jpg,ood_test,test
flowers102_455,image_05107.jpg,ood_test,test
flowers102_456,image_02668.jpg,ood_test,test
flowers102_457,image_01349.jpg,ood_test,test
flowers102_458,image_06426.jpg,ood_test,test
flowers102_459,image_07738.jpg,ood_test,test
flowers102_460,image_00057.jpg,ood_test,test
flowers102_461,image_02898.jpg,ood_test,test
flowers102_462,image_04231.jpg,ood_test,test
flowers102_463,image_02640.jpg,ood_test,test
flowers102_464,image_02126.jpg,ood_test,test
flowers102_465,image_05649.jpg,ood_test,test
flowers102_466,image_04557.jpg,ood_test,test
flowers102_467,image_03238.jpg,ood_test,test
flowers102_468,image_05891.jpg,ood_test,test
flowers102_469,image_00731.jpg,ood_test,test
flowers102_470,image_06340.jpg,ood_test,test
flowers102_471,image_00725.jpg,ood_test,test
flowers102_472,image_06354.jpg,ood_test,test
flowers102_473,image_02132.jpg,ood_test,test
flowers102_474,image_04543.jpg,ood_test,test
flowers102_475,image_05885.jpg,ood_test,test
flowers102_476,image_04225.jpg,ood_test,test
flowers102_477,image_02654.jpg,ood_test,test
flowers102_478,image_06432.jpg,ood_test,test
flowers102_479,image_00043.jpg,ood_test,test
flowers102_480,image_02867.jpg,ood_test,test
flowers102_481,image_00916.jpg,ood_test,test
flowers102_482,image_00902.jpg,ood_test,test
flowers102_483,image_02873.jpg,ood_test,test
flowers102_484,image_02683.jpg,ood_test,test
flowers102_485,image_00094.jpg,ood_test,test
flowers102_486,image_07923.jpg,ood_test,test
flowers102_487,image_06383.jpg,ood_test,test
flowers102_488,image_04594.jpg,ood_test,test
flowers102_489,image_05852.jpg,ood_test,test
flowers102_490,image_04580.jpg,ood_test,test
flowers102_491,image_05846.jpg,ood_test,test
flowers102_492,image_06397.jpg,ood_test,test
flowers102_493,image_07089.jpg,ood_test,test
flowers102_494,image_00080.jpg,ood_test,test
flowers102_495,image_07937.jpg,ood_test,test
flowers102_496,image_02697.jpg,ood_test,test
flowers102_497,image_03589.jpg,ood_test,test
flowers102_498,image_05688.jpg,ood_test,test
flowers102_499,image_05850.jpg,ood_test,test
flowers102_500,image_04596.jpg,ood_test,test
flowers102_501,image_06381.jpg,ood_test,test
flowers102_502,image_00928.jpg,ood_test,test
flowers102_503,image_07921.jpg,ood_test,test
flowers102_504,image_01388.jpg,ood_test,test
flowers102_505,image_00096.jpg,ood_test,test
flowers102_506,image_02859.jpg,ood_test,test
flowers102_507,image_02681.jpg,ood_test,test
flowers102_508,image_02695.jpg,ood_test,test
flowers102_509,image_07935.jpg,ood_test,test
flowers102_510,image_00082.jpg,ood_test,test
flowers102_511,image_06395.jpg,ood_test,test
flowers102_512,image_05844.jpg,ood_test,test
flowers102_513,image_04582.jpg,ood_test,test
flowers102_514,image_00914.jpg,ood_test,test
flowers102_515,image_02865.jpg,ood_test,test
flowers102_516,image_07909.jpg,ood_test,test
flowers102_517,image_02871.jpg,ood_test,test
flowers102_518,image_05878.jpg,ood_test,test
flowers102_519,image_00900.jpg,ood_test,test
flowers102_520,image_06342.jpg,ood_test,test
flowers102_521,image_00733.jpg,ood_test,test
flowers102_522,image_05893.jpg,ood_test,test
flowers102_523,image_04555.jpg,ood_test,test
flowers102_524,image_02124.jpg,ood_test,test
flowers102_525,image_02642.jpg,ood_test,test
flowers102_526,image_04233.jpg,ood_test,test
flowers102_527,image_00055.jpg,ood_test,test
flowers102_528,image_06424.jpg,ood_test,test
flowers102_529,image_00041.jpg,ood_test,test
flowers102_530,image_06430.jpg,ood_test,test
flowers102_531,image_02656.jpg,ood_test,test
flowers102_532,image_05139.jpg,ood_test,test
flowers102_533,image_04227.jpg,ood_test,test
flowers102_534,image_03548.jpg,ood_test,test
flowers102_535,image_05887.jpg,ood_test,test
flowers102_536,image_04541.jpg,ood_test,test
flowers102_537,image_02130.jpg,ood_test,test
flowers102_538,image_01439.jpg,ood_test,test
flowers102_539,image_06356.jpg,ood_test,test
flowers102_540,image_07048.jpg,ood_test,test
flowers102_541,image_00727.jpg,ood_test,test
flowers102_542,image_03206.jpg,ood_test,test
flowers102_543,image_04569.jpg,ood_test,test
flowers102_544,image_05677.jpg,ood_test,test
flowers102_545,image_02118.jpg,ood_test,test
flowers102_546,image_01411.jpg,ood_test,test
flowers102_547,image_07060.jpg,ood_test,test
flowers102_548,image_00069.jpg,ood_test,test
flowers102_549,image_07706.jpg,ood_test,test
flowers102_550,image_06418.jpg,ood_test,test
flowers102_551,image_01377.jpg,ood_test,test
flowers102_552,image_05111.jpg,ood_test,test
flowers102_553,image_03560.jpg,ood_test,test
flowers102_554,image_05105.jpg,ood_test,test
flowers102_555,image_03574.jpg,ood_test,test
flowers102_556,image_07712.jpg,ood_test,test
flowers102_557,image_01363.jpg,ood_test,test
flowers102_558,image_01405.jpg,ood_test,test
flowers102_559,image_07074.jpg,ood_test,test
flowers102_560,image_03212.jpg,ood_test,test
flowers102_561,image_05663.jpg,ood_test,test
flowers102_562,image_03945.jpg,ood_test,test
flowers102_563,image_02483.jpg,ood_test,test
flowers102_564,image_00294.jpg,ood_test,test
flowers102_565,image_06183.jpg,ood_test,test
flowers102_566,image_01834.jpg,ood_test,test
flowers102_567,image_04794.jpg,ood_test,test
flowers102_568,image_04780.jpg,ood_test,test
flowers102_569,image_04958.jpg,ood_test,test
flowers102_570,image_06197.jpg,ood_test,test
flowers102_571,image_01820.jpg,ood_test,test
flowers102_572,image_07289.jpg,ood_test,test
flowers102_573,image_00280.jpg,ood_test,test
flowers102_574,image_06829.jpg,ood_test,test
flowers102_575,image_03951.jpg,ood_test,test
flowers102_576,image_02497.jpg,ood_test,test
flowers102_577,image_03789.jpg,ood_test,test
flowers102_578,image_06801.jpg,ood_test,test
flowers102_579,image_03979.jpg,ood_test,test
flowers102_580,image_04970.jpg,ood_test,test
flowers102_581,image_01808.jpg,ood_test,test
flowers102_582,image_08186.jpg,ood_test,test
flowers102_583,image_04964.jpg,ood_test,test
flowers102_584,image_06815.jpg,ood_test,test
flowers102_585,image_01149.jpg,ood_test,test
flowers102_586,image_06626.jpg,ood_test,test
flowers102_587,image_07538.jpg,ood_test,test
flowers102_588,image_00257.jpg,ood_test,test
flowers102_589,image_04031.jpg,ood_test,test
flowers102_590,image_03986.jpg,ood_test,test
flowers102_591,image_02440.jpg,ood_test,test
flowers102_592,image_02326.jpg,ood_test,test
flowers102_593,image_05449.jpg,ood_test,test
flowers102_594,image_04757.jpg,ood_test,test
flowers102_595,image_03038.jpg,ood_test,test
flowers102_596,image_00531.jpg,ood_test,test
flowers102_597,image_06140.jpg,ood_test,test
flowers102_598,image_00525.jpg,ood_test,test
flowers102_599,image_08179.jpg,ood_test,test
flowers102_600,image_06154.jpg,ood_test,test
flowers102_601,image_02332.jpg,ood_test,test
flowers102_602,image_04743.jpg,ood_test,test
flowers102_603,image_04025.jpg,ood_test,test
flowers102_604,image_03992.jpg,ood_test,test
flowers102_605,image_02454.jpg,ood_test,test
flowers102_606,image_06632.jpg,ood_test,test
flowers102_607,image_00243.jpg,ood_test,test
flowers102_608,image_03762.jpg,ood_test,test
flowers102_609,image_05313.jpg,ood_test,test
flowers102_610,image_01175.jpg,ood_test,test
flowers102_611,image_07504.jpg,ood_test,test
flowers102_612,image_07262.jpg,ood_test,test
flowers102_613,image_08151.jpg,ood_test,test
flowers102_614,image_01613.jpg,ood_test,test
flowers102_615,image_05475.jpg,ood_test,test
flowers102_616,image_03004.jpg,ood_test,test
flowers102_617,image_05461.jpg,ood_test,test
flowers102_618,image_03010.jpg,ood_test,test
flowers102_619,image_00519.jpg,ood_test,test
flowers102_620,image_07276.jpg,ood_test,test
flowers102_621,image_08145.jpg,ood_test,test
flowers102_622,image_06168.jpg,ood_test,test
flowers102_623,image_01607.jpg,ood_test,test
flowers102_624,image_01161.jpg,ood_test,test
flowers102_625,image_07510.jpg,ood_test,test
flowers102_626,image_03776.jpg,ood_test,test
flowers102_627,image_04019.jpg,ood_test,test
flowers102_628,image_05307.jpg,ood_test,test
flowers102_629,image_02468.jpg,ood_test,test
flowers102_630,image_04186.jpg,ood_test,test
flowers102_631,image_05298.jpg,ood_test,test
flowers102_632,image_03831.jpg,ood_test,test
flowers102_633,image_06791.jpg,ood_test,test
flowers102_634,image_06949.jpg,ood_test,test
flowers102_635,image_01940.jpg,ood_test,test
flowers102_636,image_00486.jpg,ood_test,test
flowers102_637,image_01798.jpg,ood_test,test
flowers102_638,image_04838.jpg,ood_test,test
flowers102_639,image_02291.jpg,ood_test,test
flowers102_640,image_02285.jpg,ood_test,test
flowers102_641,image_01954.jpg,ood_test,test
flowers102_642,image_00492.jpg,ood_test,test
flowers102_643,image_06785.jpg,ood_test,test
flowers102_644,image_04192.jpg,ood_test,test
flowers102_645,image_03825.jpg,ood_test,test
flowers102_646,image_06975.jpg,ood_test,test
flowers102_647,image_04804.jpg,ood_test,test
flowers102_648,image_01968.jpg,ood_test,test
flowers102_649,image_04810.jpg,ood_test,test
flowers102_650,image_03819.jpg,ood_test,test
flowers102_651,image_06961.jpg,ood_test,test
flowers102_652,image_00323.jpg,ood_test,test
flowers102_653,image_06752.jpg,ood_test,test
flowers102_654,image_02534.jpg,ood_test,test
flowers102_655,image_04145.jpg,ood_test,test
flowers102_656,image_04623.jpg,ood_test,test
flowers102_657,image_02252.jpg,ood_test,test
flowers102_658,image_06034.jpg,ood_test,test
flowers102_659,image_08019.jpg,ood_test,test
flowers102_660,image_01983.jpg,ood_test,test
flowers102_661,image_00445.jpg,ood_test,test
flowers102_662,image_06020.jpg,ood_test,test
flowers102_663,image_01997.jpg,ood_test,test
flowers102_664,image_00451.jpg,ood_test,test
flowers102_665,image_03158.jpg,ood_test,test
flowers102_666,image_04637.jpg,ood_test,test
flowers102_667,image_05529.jpg,ood_test,test
flowers102_668,image_02246.jpg,ood_test,test
flowers102_669,image_02520.jpg,ood_test,test
flowers102_670,image_04151.jpg,ood_test,test
flowers102_671,image_00337.jpg,ood_test,test
flowers102_672,image_07458.jpg,ood_test,test
flowers102_673,image_06746.jpg,ood_test,test
flowers102_674,image_01029.jpg,ood_test,test
flowers102_675,image_02508.jpg,ood_test,test
flowers102_676,image_05267.jpg,ood_test,test
flowers102_677,image_04179.jpg,ood_test,test
flowers102_678,image_03616.jpg,ood_test,test
flowers102_679,image_07470.jpg,ood_test,test
flowers102_680,image_01001.jpg,ood_test,test
flowers102_681,image_01767.jpg,ood_test,test
flowers102_682,image_06008.jpg,ood_test,test
flowers102_683,image_07316.jpg,ood_test,test
flowers102_684,image_08025.jpg,ood_test,test
flowers102_685,image_00479.jpg,ood_test,test
flowers102_686,image_03170.jpg,ood_test,test
flowers102_687,image_05501.jpg,ood_test,test
flowers102_688,image_03164.jpg,ood_test,test
flowers102_689,image_05515.jpg,ood_test,test
flowers102_690,image_01773.jpg,ood_test,test
flowers102_691,image_07302.jpg,ood_test,test
flowers102_692,image_08031.jpg,ood_test,test
flowers102_693,image_07464.jpg,ood_test,test
flowers102_694,image_01015.jpg,ood_test,test
flowers102_695,image_05273.jpg,ood_test,test
flowers102_696,image_03602.jpg,ood_test,test
flowers102_697,image_05924.jpg,ood_test,test
flowers102_698,image_02093.jpg,ood_test,test
flowers102_699,image_00684.jpg,ood_test,test
flowers102_700,image_07855.jpg,ood_test,test
flowers102_701,image_06593.jpg,ood_test,test
flowers102_702,image_04384.jpg,ood_test,test
flowers102_703,image_02939.jpg,ood_test,test
flowers102_704,image_04390.jpg,ood_test,test
flowers102_705,image_07699.jpg,ood_test,test
flowers102_706,image_07841.jpg,ood_test,test
flowers102_707,image_06587.jpg,ood_test,test
flowers102_708,image_00848.jpg,ood_test,test
flowers102_709,image_00690.jpg,ood_test,test
flowers102_710,image_03399.jpg,ood_test,test
flowers102_711,image_05930.jpg,ood_test,test
flowers102_712,image_02087.jpg,ood_test,test
flowers102_713,image_00860.jpg,ood_test,test
flowers102_714,image_05918.jpg,ood_test,test
flowers102_715,image_02911.jpg,ood_test,test
flowers102_716,image_07869.jpg,ood_test,test
flowers102_717,image_02905.jpg,ood_test,test
flowers102_718,image_00874.jpg,ood_test,test
flowers102_719,image_00647.jpg,ood_test,test
flowers102_720,image_07128.jpg,ood_test,test
flowers102_721,image_06236.jpg,ood_test,test
flowers102_722,image_01559.jpg,ood_test,test
flowers102_723,image_02050.jpg,ood_test,test
flowers102_724,image_04421.jpg,ood_test,test
flowers102_725,image_03428.jpg,ood_test,test
flowers102_726,image_04347.jpg,ood_test,test
flowers102_727,image_05059.jpg,ood_test,test
flowers102_728,image_02736.jpg,ood_test,test
flowers102_729,image_07896.jpg,ood_test,test
flowers102_730,image_06550.jpg,ood_test,test
flowers102_731,image_00121.jpg,ood_test,test
flowers102_732,image_07882.jpg,ood_test,test
flowers102_733,image_06544.jpg,ood_test,test
flowers102_734,image_00135.jpg,ood_test,test
flowers102_735,image_04353.jpg,ood_test,test
flowers102_736,image_02722.jpg,ood_test,test
flowers102_737,image_02044.jpg,ood_test,test
flowers102_738,image_04435.jpg,ood_test,test
flowers102_739,image_00653.jpg,ood_test,test
flowers102_740,image_06222.jpg,ood_test,test
flowers102_741,image_05703.jpg,ood_test,test
flowers102_742,image_03372.jpg,ood_test,test
flowers102_743,image_07114.jpg,ood_test,test
flowers102_744,image_01565.jpg,ood_test,test
flowers102_745,image_01203.jpg,ood_test,test
flowers102_746,image_07672.jpg,ood_test,test
flowers102_747,image_03414.jpg,ood_test,test
flowers102_748,image_05065.jpg,ood_test,test
flowers102_749,image_03400.jpg,ood_test,test
flowers102_750,image_05071.jpg,ood_test,test
flowers102_751,image_01217.jpg,ood_test,test
flowers102_752,image_06578.jpg,ood_test,test
flowers102_753,image_07666.jpg,ood_test,test
flowers102_754,image_00109.jpg,ood_test,test
flowers102_755,image_07100.jpg,ood_test,test
flowers102_756,image_01571.jpg,ood_test,test
flowers102_757,image_02078.jpg,ood_test,test
flowers102_758,image_05717.jpg,ood_test,test
flowers102_759,image_04409.jpg,ood_test,test
flowers102_760,image_03366.jpg,ood_test,test
flowers102_761,image_00108.jpg,ood_test,test
flowers102_762,image_07667.jpg,ood_test,test
flowers102_763,image_06579.jpg,ood_test,test
flowers102_764,image_01216.jpg,ood_test,test
flowers102_765,image_05070.jpg,ood_test,test
flowers102_766,image_03401.jpg,ood_test,test
flowers102_767,image_03367.jpg,ood_test,test
flowers102_768,image_04408.jpg,ood_test,test
flowers102_769,image_05716.jpg,ood_test,test
flowers102_770,image_02079.jpg,ood_test,test
flowers102_771,image_01570.jpg,ood_test,test
flowers102_772,image_07101.jpg,ood_test,test
flowers102_773,image_01564.jpg,ood_test,test
flowers102_774,image_07115.jpg,ood_test,test
flowers102_775,image_03373.jpg,ood_test,test
flowers102_776,image_05702.jpg,ood_test,test
flowers102_777,image_05064.jpg,ood_test,test
flowers102_778,image_03415.jpg,ood_test,test
flowers102_779,image_07673.jpg,ood_test,test
flowers102_780,image_01202.jpg,ood_test,test
flowers102_781,image_02723.jpg,ood_test,test
flowers102_782,image_04352.jpg,ood_test,test
flowers102_783,image_00134.jpg,ood_test,test
flowers102_784,image_06545.jpg,ood_test,test
flowers102_785,image_07883.jpg,ood_test,test
flowers102_786,image_06223.jpg,ood_test,test
flowers102_787,image_00652.jpg,ood_test,test
flowers102_788,image_04434.jpg,ood_test,test
flowers102_789,image_02045.jpg,ood_test,test
flowers102_790,image_04420.jpg,ood_test,test
flowers102_791,image_02051.jpg,ood_test,test
flowers102_792,image_01558.jpg,ood_test,test
flowers102_793,image_06237.jpg,ood_test,test
flowers102_794,image_07129.jpg,ood_test,test
flowers102_795,image_00646.jpg,ood_test,test
flowers102_796,image_00120.jpg,ood_test,test
flowers102_797,image_06551.jpg,ood_test,test
flowers102_798,image_07897.jpg,ood_test,test
flowers102_799,image_02737.jpg,ood_test,test
flowers102_800,image_05058.jpg,ood_test,test
flowers102_801,image_04346.jpg,ood_test,test
flowers102_802,image_03429.jpg,ood_test,test
flowers102_803,image_02904.jpg,ood_test,test
flowers102_804,image_00875.jpg,ood_test,test
flowers102_805,image_05919.jpg,ood_test,test
flowers102_806,image_00861.jpg,ood_test,test
flowers102_807,image_07868.jpg,ood_test,test
flowers102_808,image_02910.jpg,ood_test,test
flowers102_809,image_06586.jpg,ood_test,test
flowers102_810,image_07840.jpg,ood_test,test
flowers102_811,image_07698.jpg,ood_test,test
flowers102_812,image_04391.jpg,ood_test,test
flowers102_813,image_02938.jpg,ood_test,test
flowers102_814,image_02086.jpg,ood_test,test
flowers102_815,image_05931.jpg,ood_test,test
flowers102_816,image_03398.jpg,ood_test,test
flowers102_817,image_00691.jpg,ood_test,test
flowers102_818,image_00849.jpg,ood_test,test
flowers102_819,image_00685.jpg,ood_test,test
flowers102_820,image_02092.jpg,ood_test,test
flowers102_821,image_05925.jpg,ood_test,test
flowers102_822,image_04385.jpg,ood_test,test
flowers102_823,image_06592.jpg,ood_test,test
flowers102_824,image_07854.jpg,ood_test,test
flowers102_825,image_08030.jpg,ood_test,test
flowers102_826,image_07303.jpg,ood_test,test
flowers102_827,image_01772.jpg,ood_test,test
flowers102_828,image_05514.jpg,ood_test,test
flowers102_829,image_03165.jpg,ood_test,test
flowers102_830,image_03603.jpg,ood_test,test
flowers102_831,image_05272.jpg,ood_test,test
flowers102_832,image_01014.jpg,ood_test,test
flowers102_833,image_07465.jpg,ood_test,test
flowers102_834,image_01000.jpg,ood_test,test
flowers102_835,image_07471.jpg,ood_test,test
flowers102_836,image_03617.jpg,ood_test,test
flowers102_837,image_04178.jpg,ood_test,test
flowers102_838,image_05266.jpg,ood_test,test
flowers102_839,image_02509.jpg,ood_test,test
flowers102_840,image_05500.jpg,ood_test,test
flowers102_841,image_03171.jpg,ood_test,test
flowers102_842,image_00478.jpg,ood_test,test
flowers102_843,image_08024.jpg,ood_test,test
flowers102_844,image_07317.jpg,ood_test,test
flowers102_845,image_06009.jpg,ood_test,test
flowers102_846,image_01766.jpg,ood_test,test
flowers102_847,image_02247.jpg,ood_test,test
flowers102_848,image_05528.jpg,ood_test,test
flowers102_849,image_04636.jpg,ood_test,test
flowers102_850,image_03159.jpg,ood_test,test
flowers102_851,image_00450.jpg,ood_test,test
flowers102_852,image_01996.jpg,ood_test,test
flowers102_853,image_06021.jpg,ood_test,test
flowers102_854,image_01028.jpg,ood_test,test
flowers102_855,image_06747.jpg,ood_test,test
flowers102_856,image_07459.jpg,ood_test,test
flowers102_857,image_00336.jpg,ood_test,test
flowers102_858,image_04150.jpg,ood_test,test
flowers102_859,image_02521.jpg,ood_test,test
flowers102_860,image_04144.jpg,ood_test,test
flowers102_861,image_02535.jpg,ood_test,test
flowers102_862,image_06753.jpg,ood_test,test
flowers102_863,image_00322.jpg,ood_test,test
flowers102_864,image_00444.jpg,ood_test,test
flowers102_865,image_08018.jpg,ood_test,test
flowers102_866,image_01982.jpg,ood_test,test
flowers102_867,image_06035.jpg,ood_test,test
flowers102_868,image_02253.jpg,ood_test,test
flowers102_869,image_04622.jpg,ood_test,test
flowers102_870,image_04811.jpg,ood_test,test
flowers102_871,image_01969.jpg,ood_test,test
flowers102_872,image_06960.jpg,ood_test,test
flowers102_873,image_03818.jpg,ood_test,test
flowers102_874,image_06974.jpg,ood_test,test
flowers102_875,image_04805.jpg,ood_test,test
flowers102_876,image_00493.jpg,ood_test,test
flowers102_877,image_01955.jpg,ood_test,test
flowers102_878,image_02284.jpg,ood_test,test
flowers102_879,image_03824.jpg,ood_test,test
flowers102_880,image_04193.jpg,ood_test,test
flowers102_881,image_06784.jpg,ood_test,test
flowers102_882,image_06948.jpg,ood_test,test
flowers102_883,image_06790.jpg,ood_test,test
flowers102_884,image_03830.jpg,ood_test,test
flowers102_885,image_05299.jpg,ood_test,test
flowers102_886,image_04187.jpg,ood_test,test
flowers102_887,image_02290.jpg,ood_test,test
flowers102_888,image_04839.jpg,ood_test,test
flowers102_889,image_01799.jpg,ood_test,test
flowers102_890,image_00487.jpg,ood_test,test
flowers102_891,image_01941.jpg,ood_test,test
flowers102_892,image_01606.jpg,ood_test,test
flowers102_893,image_06169.jpg,ood_test,test
flowers102_894,image_08144.jpg,ood_test,test
flowers102_895,image_07277.jpg,ood_test,test
flowers102_896,image_00518.jpg,ood_test,test
flowers102_897,image_03011.jpg,ood_test,test
flowers102_898,image_05460.jpg,ood_test,test
flowers102_899,image_02469.jpg,ood_test,test
flowers102_900,image_05306.jpg,ood_test,test
flowers102_901,image_04018.jpg,ood_test,test
flowers102_902,image_03777.jpg,ood_test,test
flowers102_903,image_07511.jpg,ood_test,test
flowers102_904,image_01160.jpg,ood_test,test
flowers102_905,image_07505.jpg,ood_test,test
flowers102_906,image_01174.jpg,ood_test,test
flowers102_907,image_05312.jpg,ood_test,test
flowers102_908,image_03763.jpg,ood_test,test
flowers102_909,image_03005.jpg,ood_test,test
flowers102_910,image_05474.jpg,ood_test,test
flowers102_911,image_01612.jpg,ood_test,test
flowers102_912,image_08150.jpg,ood_test,test
flowers102_913,image_07263.jpg,ood_test,test
flowers102_914,image_04742.jpg,ood_test,test
flowers102_915,image_02333.jpg,ood_test,test
flowers102_916,image_06155.jpg,ood_test,test
flowers102_917,image_08178.jpg,ood_test,test
flowers102_918,image_00524.jpg,ood_test,test
flowers102_919,image_00242.jpg,ood_test,test
flowers102_920,image_06633.jpg,ood_test,test
flowers102_921,image_02455.jpg,ood_test,test
flowers102_922,image_03993.jpg,ood_test,test
flowers102_923,image_04024.jpg,ood_test,test
flowers102_924,image_02441.jpg,ood_test,test
flowers102_925,image_03987.jpg,ood_test,test
flowers102_926,image_04030.jpg,ood_test,test
flowers102_927,image_00256.jpg,ood_test,test
flowers102_928,image_07539.jpg,ood_test,test
flowers102_929,image_06627.jpg,ood_test,test
flowers102_930,image_01148.jpg,ood_test,test
flowers102_931,image_06141.jpg,ood_test,test
flowers102_932,image_00530.jpg,ood_test,test
flowers102_933,image_03039.jpg,ood_test,test
flowers102_934,image_04756.jpg,ood_test,test
flowers102_935,image_05448.jpg,ood_test,test
flowers102_936,image_02327.jpg,ood_test,test
flowers102_937,image_04965.jpg,ood_test,test
flowers102_938,image_08187.jpg,ood_test,test
flowers102_939,image_06814.jpg,ood_test,test
flowers102_940,image_03978.jpg,ood_test,test
flowers102_941,image_06800.jpg,ood_test,test
flowers102_942,image_01809.jpg,ood_test,test
flowers102_943,image_04971.jpg,ood_test,test
flowers102_944,image_07288.jpg,ood_test,test
flowers102_945,image_01821.jpg,ood_test,test
flowers102_946,image_06196.jpg,ood_test,test
flowers102_947,image_04959.jpg,ood_test,test
flowers102_948,image_04781.jpg,ood_test,test
flowers102_949,image_03788.jpg,ood_test,test
flowers102_950,image_02496.jpg,ood_test,test
flowers102_951,image_03950.jpg,ood_test,test
flowers102_952,image_06828.jpg,ood_test,test
flowers102_953,image_00281.jpg,ood_test,test
flowers102_954,image_00295.jpg,ood_test,test
flowers102_955,image_02482.jpg,ood_test,test
flowers102_956,image_03944.jpg,ood_test,test
flowers102_957,image_04795.jpg,ood_test,test
flowers102_958,image_01835.jpg,ood_test,test
flowers102_959,image_06182.jpg,ood_test,test
flowers102_960,image_01362.jpg,ood_test,test
flowers102_961,image_07713.jpg,ood_test,test
flowers102_962,image_03575.jpg,ood_test,test
flowers102_963,image_05104.jpg,ood_test,test
flowers102_964,image_05662.jpg,ood_test,test
flowers102_965,image_03213.jpg,ood_test,test
flowers102_966,image_07075.jpg,ood_test,test
flowers102_967,image_01404.jpg,ood_test,test
flowers102_968,image_07061.jpg,ood_test,test
flowers102_969,image_01410.jpg,ood_test,test
flowers102_970,image_02119.jpg,ood_test,test
flowers102_971,image_05676.jpg,ood_test,test
flowers102_972,image_04568.jpg,ood_test,test
flowers102_973,image_03207.jpg,ood_test,test
flowers102_974,image_03561.jpg,ood_test,test
flowers102_975,image_05110.jpg,ood_test,test
flowers102_976,image_01376.jpg,ood_test,test
flowers102_977,image_06419.jpg,ood_test,test
flowers102_978,image_07707.jpg,ood_test,test
flowers102_979,image_00068.jpg,ood_test,test
flowers102_980,image_03549.jpg,ood_test,test
flowers102_981,image_04226.jpg,ood_test,test
flowers102_982,image_05138.jpg,ood_test,test
flowers102_983,image_02657.jpg,ood_test,test
flowers102_984,image_06431.jpg,ood_test,test
flowers102_985,image_00040.jpg,ood_test,test
flowers102_986,image_00726.jpg,ood_test,test
flowers102_987,image_07049.jpg,ood_test,test
flowers102_988,image_06357.jpg,ood_test,test
flowers102_989,image_01438.jpg,ood_test,test
flowers102_990,image_02131.jpg,ood_test,test
flowers102_991,image_04540.jpg,ood_test,test
flowers102_992,image_05886.jpg,ood_test,test
flowers102_993,image_02125.jpg,ood_test,test
flowers102_994,image_04554.jpg,ood_test,test
flowers102_995,image_05892.jpg,ood_test,test
flowers102_996,image_00732.jpg,ood_test,test
flowers102_997,image_06343.jpg,ood_test,test
flowers102_998,image_06425.jpg,ood_test,test
flowers102_999,image_00054.jpg,ood_test,test
flowers102_1000,image_04232.jpg,ood_test,test
flowers102_1001,image_02643.jpg,ood_test,test
flowers102_1002,image_02870.jpg,ood_test,test
flowers102_1003,image_07908.jpg,ood_test,test
flowers102_1004,image_00901.jpg,ood_test,test
flowers102_1005,image_05879.jpg,ood_test,test
flowers102_1006,image_00915.jpg,ood_test,test
flowers102_1007,image_02864.jpg,ood_test,test
flowers102_1008,image_00083.jpg,ood_test,test
flowers102_1009,image_07934.jpg,ood_test,test
flowers102_1010,image_02694.jpg,ood_test,test
flowers102_1011,image_04583.jpg,ood_test,test
flowers102_1012,image_05845.jpg,ood_test,test
flowers102_1013,image_06394.jpg,ood_test,test
flowers102_1014,image_00929.jpg,ood_test,test
flowers102_1015,image_06380.jpg,ood_test,test
flowers102_1016,image_04597.jpg,ood_test,test
flowers102_1017,image_05851.jpg,ood_test,test
flowers102_1018,image_05689.jpg,ood_test,test
flowers102_1019,image_02680.jpg,ood_test,test
flowers102_1020,image_02858.jpg,ood_test,test
flowers102_1021,image_00097.jpg,ood_test,test
flowers102_1022,image_01389.jpg,ood_test,test
flowers102_1023,image_07920.jpg,ood_test,test
flowers102_1024,image_02860.jpg,ood_test,test
flowers102_1025,image_07918.jpg,ood_test,test
flowers102_1026,image_00911.jpg,ood_test,test
flowers102_1027,image_05869.jpg,ood_test,test
flowers102_1028,image_00905.jpg,ood_test,test
flowers102_1029,image_02874.jpg,ood_test,test
flowers102_1030,image_07924.jpg,ood_test,test
flowers102_1031,image_00093.jpg,ood_test,test
flowers102_1032,image_02684.jpg,ood_test,test
flowers102_1033,image_04593.jpg,ood_test,test
flowers102_1034,image_05855.jpg,ood_test,test
flowers102_1035,image_06384.jpg,ood_test,test
flowers102_1036,image_06390.jpg,ood_test,test
flowers102_1037,image_00939.jpg,ood_test,test
flowers102_1038,image_05699.jpg,ood_test,test
flowers102_1039,image_04587.jpg,ood_test,test
flowers102_1040,image_05841.jpg,ood_test,test
flowers102_1041,image_02848.jpg,ood_test,test
flowers102_1042,image_02690.jpg,ood_test,test
flowers102_1043,image_07930.jpg,ood_test,test
flowers102_1044,image_01399.jpg,ood_test,test
flowers102_1045,image_00087.jpg,ood_test,test
flowers102_1046,image_07703.jpg,ood_test,test
flowers102_1047,image_01372.jpg,ood_test,test
flowers102_1048,image_05114.jpg,ood_test,test
flowers102_1049,image_03565.jpg,ood_test,test
flowers102_1050,image_03203.jpg,ood_test,test
flowers102_1051,image_05672.jpg,ood_test,test
flowers102_1052,image_01414.jpg,ood_test,test
flowers102_1053,image_07065.jpg,ood_test,test
flowers102_1054,image_01400.jpg,ood_test,test
flowers102_1055,image_07071.jpg,ood_test,test
flowers102_1056,image_04578.jpg,ood_test,test
flowers102_1057,image_03217.jpg,ood_test,test
flowers102_1058,image_02109.jpg,ood_test,test
flowers102_1059,image_05666.jpg,ood_test,test
flowers102_1060,image_05100.jpg,ood_test,test
flowers102_1061,image_03571.jpg,ood_test,test
flowers102_1062,image_07717.jpg,ood_test,test
flowers102_1063,image_00078.jpg,ood_test,test
flowers102_1064,image_01366.jpg,ood_test,test
flowers102_1065,image_06409.jpg,ood_test,test
flowers102_1066,image_05128.jpg,ood_test,test
flowers102_1067,image_02647.jpg,ood_test,test
flowers102_1068,image_03559.jpg,ood_test,test
flowers102_1069,image_04236.jpg,ood_test,test
flowers102_1070,image_00050.jpg,ood_test,test
flowers102_1071,image_06421.jpg,ood_test,test
flowers102_1072,image_06347.jpg,ood_test,test
flowers102_1073,image_01428.jpg,ood_test,test
flowers102_1074,image_00736.jpg,ood_test,test
flowers102_1075,image_07059.jpg,ood_test,test
flowers102_1076,image_04550.jpg,ood_test,test
flowers102_1077,image_05896.jpg,ood_test,test
flowers102_1078,image_02121.jpg,ood_test,test
flowers102_1079,image_04544.jpg,ood_test,test
flowers102_1080,image_05882.jpg,ood_test,test
flowers102_1081,image_02135.jpg,ood_test,test
flowers102_1082,image_06353.jpg,ood_test,test
flowers102_1083,image_00722.jpg,ood_test,test
flowers102_1084,image_00044.jpg,ood_test,test
flowers102_1085,image_06435.jpg,ood_test,test
flowers102_1086,image_02653.jpg,ood_test,test
flowers102_1087,image_04222.jpg,ood_test,test
flowers102_1088,image_04975.jpg,ood_test,test
flowers102_1089,image_06804.jpg,ood_test,test
flowers102_1090,image_03968.jpg,ood_test,test
flowers102_1091,image_06810.jpg,ood_test,test
flowers102_1092,image_08183.jpg,ood_test,test
flowers102_1093,image_01819.jpg,ood_test,test
flowers102_1094,image_04961.jpg,ood_test,test
flowers102_1095,image_06186.jpg,ood_test,test
flowers102_1096,image_01831.jpg,ood_test,test
flowers102_1097,image_07298.jpg,ood_test,test
flowers102_1098,image_04791.jpg,ood_test,test
flowers102_1099,image_04949.jpg,ood_test,test
flowers102_1100,image_02486.jpg,ood_test,test
flowers102_1101,image_03940.jpg,ood_test,test
flowers102_1102,image_03798.jpg,ood_test,test
flowers102_1103,image_00291.jpg,ood_test,test
flowers102_1104,image_06838.jpg,ood_test,test
flowers102_1105,image_00285.jpg,ood_test,test
flowers102_1106,image_02492.jpg,ood_test,test
flowers102_1107,image_03954.jpg,ood_test,test
flowers102_1108,image_04785.jpg,ood_test,test
flowers102_1109,image_06192.jpg,ood_test,test
flowers102_1110,image_01825.jpg,ood_test,test
flowers102_1111,image_07267.jpg,ood_test,test
flowers102_1112,image_08154.jpg,ood_test,test
flowers102_1113,image_00508.jpg,ood_test,test
flowers102_1114,image_01616.jpg,ood_test,test
flowers102_1115,image_06179.jpg,ood_test,test
flowers102_1116,image_05470.jpg,ood_test,test
flowers102_1117,image_03001.jpg,ood_test,test
flowers102_1118,image_04008.jpg,ood_test,test
flowers102_1119,image_03767.jpg,ood_test,test
flowers102_1120,image_02479.jpg,ood_test,test
flowers102_1121,image_05316.jpg,ood_test,test
flowers102_1122,image_01170.jpg,ood_test,test
flowers102_1123,image_07501.jpg,ood_test,test
flowers102_1124,image_01164.jpg,ood_test,test
flowers102_1125,image_07515.jpg,ood_test,test
flowers102_1126,image_03773.jpg,ood_test,test
flowers102_1127,image_05302.jpg,ood_test,test
flowers102_1128,image_05464.jpg,ood_test,test
flowers102_1129,image_03015.jpg,ood_test,test
flowers102_1130,image_07273.jpg,ood_test,test
flowers102_1131,image_08140.jpg,ood_test,test
flowers102_1132,image_01602.jpg,ood_test,test
flowers102_1133,image_02323.jpg,ood_test,test
flowers102_1134,image_04752.jpg,ood_test,test
flowers102_1135,image_08168.jpg,ood_test,test
flowers102_1136,image_00534.jpg,ood_test,test
flowers102_1137,image_06145.jpg,ood_test,test
flowers102_1138,image_06623.jpg,ood_test,test
flowers102_1139,image_00252.jpg,ood_test,test
flowers102_1140,image_04034.jpg,ood_test,test
flowers102_1141,image_02445.jpg,ood_test,test
flowers102_1142,image_03983.jpg,ood_test,test
flowers102_1143,image_04020.jpg,ood_test,test
flowers102_1144,image_02451.jpg,ood_test,test
flowers102_1145,image_03997.jpg,ood_test,test
flowers102_1146,image_06637.jpg,ood_test,test
flowers102_1147,image_01158.jpg,ood_test,test
flowers102_1148,image_00246.jpg,ood_test,test
flowers102_1149,image_07529.jpg,ood_test,test
flowers102_1150,image_00520.jpg,ood_test,test
flowers102_1151,image_06151.jpg,ood_test,test
flowers102_1152,image_05458.jpg,ood_test,test
flowers102_1153,image_02337.jpg,ood_test,test
flowers102_1154,image_03029.jpg,ood_test,test
flowers102_1155,image_04746.jpg,ood_test,test
flowers102_1156,image_04801.jpg,ood_test,test
flowers102_1157,image_01979.jpg,ood_test,test
flowers102_1158,image_06970.jpg,ood_test,test
flowers102_1159,image_03808.jpg,ood_test,test
flowers102_1160,image_06964.jpg,ood_test,test
flowers102_1161,image_04815.jpg,ood_test,test
flowers102_1162,image_00483.jpg,ood_test,test
flowers102_1163,image_01945.jpg,ood_test,test
flowers102_1164,image_02294.jpg,ood_test,test
flowers102_1165,image_04183.jpg,ood_test,test
flowers102_1166,image_03834.jpg,ood_test,test
flowers102_1167,image_06794.jpg,ood_test,test
flowers102_1168,image_06780.jpg,ood_test,test
flowers102_1169,image_06958.jpg,ood_test,test
flowers102_1170,image_04197.jpg,ood_test,test
flowers102_1171,image_05289.jpg,ood_test,test
flowers102_1172,image_03820.jpg,ood_test,test
flowers102_1173,image_04829.jpg,ood_test,test
flowers102_1174,image_02280.jpg,ood_test,test
flowers102_1175,image_00497.jpg,ood_test,test
flowers102_1176,image_01951.jpg,ood_test,test
flowers102_1177,image_01789.jpg,ood_test,test
flowers102_1178,image_01762.jpg,ood_test,test
flowers102_1179,image_07313.jpg,ood_test,test
flowers102_1180,image_08020.jpg,ood_test,test
flowers102_1181,image_03175.jpg,ood_test,test
flowers102_1182,image_05504.jpg,ood_test,test
flowers102_1183,image_05262.jpg,ood_test,test
flowers102_1184,image_03613.jpg,ood_test,test
flowers102_1185,image_07475.jpg,ood_test,test
flowers102_1186,image_01004.jpg,ood_test,test
flowers102_1187,image_07461.jpg,ood_test,test
flowers102_1188,image_01010.jpg,ood_test,test
flowers102_1189,image_05276.jpg,ood_test,test
flowers102_1190,image_02519.jpg,ood_test,test
flowers102_1191,image_03607.jpg,ood_test,test
flowers102_1192,image_04168.jpg,ood_test,test
flowers102_1193,image_03161.jpg,ood_test,test
flowers102_1194,image_05510.jpg,ood_test,test
flowers102_1195,image_06019.jpg,ood_test,test
flowers102_1196,image_01776.jpg,ood_test,test
flowers102_1197,image_00468.jpg,ood_test,test
flowers102_1198,image_07307.jpg,ood_test,test
flowers102_1199,image_08034.jpg,ood_test,test
flowers102_1200,image_04626.jpg,ood_test,test
flowers102_1201,image_03149.jpg,ood_test,test
flowers102_1202,image_02257.jpg,ood_test,test
flowers102_1203,image_05538.jpg,ood_test,test
flowers102_1204,image_06031.jpg,ood_test,test
flowers102_1205,image_00440.jpg,ood_test,test
flowers102_1206,image_01986.jpg,ood_test,test
flowers102_1207,image_07449.jpg,ood_test,test
flowers102_1208,image_00326.jpg,ood_test,test
flowers102_1209,image_01038.jpg,ood_test,test
flowers102_1210,image_06757.jpg,ood_test,test
flowers102_1211,image_02531.jpg,ood_test,test
flowers102_1212,image_04140.jpg,ood_test,test
flowers102_1213,image_02525.jpg,ood_test,test
flowers102_1214,image_04154.jpg,ood_test,test
flowers102_1215,image_00332.jpg,ood_test,test
flowers102_1216,image_06743.jpg,ood_test,test
flowers102_1217,image_06025.jpg,ood_test,test
flowers102_1218,image_00454.jpg,ood_test,test
flowers102_1219,image_08008.jpg,ood_test,test
flowers102_1220,image_01992.jpg,ood_test,test
flowers102_1221,image_04632.jpg,ood_test,test
flowers102_1222,image_02243.jpg,ood_test,test
flowers102_1223,image_02914.jpg,ood_test,test
flowers102_1224,image_00865.jpg,ood_test,test
flowers102_1225,image_05909.jpg,ood_test,test
flowers102_1226,image_00871.jpg,ood_test,test
flowers102_1227,image_07878.jpg,ood_test,test
flowers102_1228,image_02900.jpg,ood_test,test
flowers102_1229,image_07688.jpg,ood_test,test
flowers102_1230,image_06596.jpg,ood_test,test
flowers102_1231,image_07850.jpg,ood_test,test
flowers102_1232,image_02928.jpg,ood_test,test
flowers102_1233,image_04381.jpg,ood_test,test
flowers102_1234,image_03388.jpg,ood_test,test
flowers102_1235,image_05921.jpg,ood_test,test
flowers102_1236,image_02096.jpg,ood_test,test
flowers102_1237,image_00859.jpg,ood_test,test
flowers102_1238,image_00681.jpg,ood_test,test
flowers102_1239,image_00695.jpg,ood_test,test
flowers102_1240,image_05935.jpg,ood_test,test
flowers102_1241,image_02082.jpg,ood_test,test
flowers102_1242,image_04395.jpg,ood_test,test
flowers102_1243,image_06582.jpg,ood_test,test
flowers102_1244,image_07844.jpg,ood_test,test
flowers102_1245,image_06569.jpg,ood_test,test
flowers102_1246,image_01206.jpg,ood_test,test
flowers102_1247,image_00118.jpg,ood_test,test
flowers102_1248,image_07677.jpg,ood_test,test
flowers102_1249,image_03411.jpg,ood_test,test
flowers102_1250,image_05060.jpg,ood_test,test
flowers102_1251,image_05706.jpg,ood_test,test
flowers102_1252,image_02069.jpg,ood_test,test
flowers102_1253,image_03377.jpg,ood_test,test
flowers102_1254,image_04418.jpg,ood_test,test
flowers102_1255,image_07111.jpg,ood_test,test
flowers102_1256,image_01560.jpg,ood_test,test
flowers102_1257,image_07105.jpg,ood_test,test
flowers102_1258,image_01574.jpg,ood_test,test
flowers102_1259,image_05712.jpg,ood_test,test
flowers102_1260,image_03363.jpg,ood_test,test
flowers102_1261,image_03405.jpg,ood_test,test
flowers102_1262,image_05074.jpg,ood_test,test
flowers102_1263,image_01212.jpg,ood_test,test
flowers102_1264,image_07663.jpg,ood_test,test
flowers102_1265,image_04342.jpg,ood_test,test
flowers102_1266,image_02733.jpg,ood_test,test
flowers102_1267,image_06555.jpg,ood_test,test
flowers102_1268,image_07893.jpg,ood_test,test
flowers102_1269,image_00124.jpg,ood_test,test
flowers102_1270,image_00642.jpg,ood_test,test
flowers102_1271,image_06233.jpg,ood_test,test
flowers102_1272,image_02055.jpg,ood_test,test
flowers102_1273,image_04424.jpg,ood_test,test
flowers102_1274,image_02041.jpg,ood_test,test
flowers102_1275,image_04430.jpg,ood_test,test
flowers102_1276,image_07139.jpg,ood_test,test
flowers102_1277,image_00656.jpg,ood_test,test
flowers102_1278,image_01548.jpg,ood_test,test
flowers102_1279,image_06227.jpg,ood_test,test
flowers102_1280,image_06541.jpg,ood_test,test
flowers102_1281,image_07887.jpg,ood_test,test
flowers102_1282,image_00130.jpg,ood_test,test
flowers102_1283,image_04356.jpg,ood_test,test
flowers102_1284,image_03439.jpg,ood_test,test
flowers102_1285,image_02727.jpg,ood_test,test
flowers102_1286,image_05048.jpg,ood_test,test
flowers102_1287,image_06226.jpg,ood_test,test
flowers102_1288,image_01549.jpg,ood_test,test
flowers102_1289,image_00657.jpg,ood_test,test
flowers102_1290,image_07138.jpg,ood_test,test
flowers102_1291,image_04431.jpg,ood_test,test
flowers102_1292,image_02040.jpg,ood_test,test
flowers102_1293,image_05049.jpg,ood_test,test
flowers102_1294,image_02726.jpg,ood_test,test
flowers102_1295,image_03438.jpg,ood_test,test
flowers102_1296,image_04357.jpg,ood_test,test
flowers102_1297,image_00131.jpg,ood_test,test
flowers102_1298,image_07886.jpg,ood_test,test
flowers102_1299,image_06540.jpg,ood_test,test
flowers102_1300,image_00125.jpg,ood_test,test
flowers102_1301,image_07892.jpg,ood_test,test
flowers102_1302,image_06554.jpg,ood_test,test
flowers102_1303,image_02732.jpg,ood_test,test
flowers102_1304,image_04343.jpg,ood_test,test
flowers102_1305,image_04425.jpg,ood_test,test
flowers102_1306,image_02054.jpg,ood_test,test
flowers102_1307,image_06232.jpg,ood_test,test
flowers102_1308,image_00643.jpg,ood_test,test
flowers102_1309,image_03362.jpg,ood_test,test
flowers102_1310,image_05713.jpg,ood_test,test
flowers102_1311,image_01575.jpg,ood_test,test
flowers102_1312,image_07104.jpg,ood_test,test
flowers102_1313,image_07662.jpg,ood_test,test
flowers102_1314,image_01213.jpg,ood_test,test
flowers102_1315,image_05075.jpg,ood_test,test
flowers102_1316,image_03404.jpg,ood_test,test
flowers102_1317,image_05061.jpg,ood_test,test
flowers102_1318,image_03410.jpg,ood_test,test
flowers102_1319,image_07676.jpg,ood_test,test
flowers102_1320,image_00119.jpg,ood_test,test
flowers102_1321,image_01207.jpg,ood_test,test
flowers102_1322,image_06568.jpg,ood_test,test
flowers102_1323,image_01561.jpg,ood_test,test
flowers102_1324,image_07110.jpg,ood_test,test
flowers102_1325,image_04419.jpg,ood_test,test
flowers102_1326,image_03376.jpg,ood_test,test
flowers102_1327,image_02068.jpg,ood_test,test
flowers102_1328,image_05707.jpg,ood_test,test
flowers102_1329,image_02083.jpg,ood_test,test
flowers102_1330,image_05934.jpg,ood_test,test
flowers102_1331,image_00694.jpg,ood_test,test
flowers102_1332,image_07845.jpg,ood_test,test
flowers102_1333,image_06583.jpg,ood_test,test
flowers102_1334,image_04394.jpg,ood_test,test
flowers102_1335,image_04380.jpg,ood_test,test
flowers102_1336,image_02929.jpg,ood_test,test
flowers102_1337,image_07851.jpg,ood_test,test
flowers102_1338,image_06597.jpg,ood_test,test
flowers102_1339,image_07689.jpg,ood_test,test
flowers102_1340,image_00680.jpg,ood_test,test
flowers102_1341,image_00858.jpg,ood_test,test
flowers102_1342,image_02097.jpg,ood_test,test
flowers102_1343,image_05920.jpg,ood_test,test
flowers102_1344,image_03389.jpg,ood_test,test
flowers102_1345,image_00870.jpg,ood_test,test
flowers102_1346,image_05908.jpg,ood_test,test
flowers102_1347,image_02901.jpg,ood_test,test
flowers102_1348,image_07879.jpg,ood_test,test
flowers102_1349,image_02915.jpg,ood_test,test
flowers102_1350,image_00864.jpg,ood_test,test
flowers102_1351,image_06742.jpg,ood_test,test
flowers102_1352,image_00333.jpg,ood_test,test
flowers102_1353,image_04155.jpg,ood_test,test
flowers102_1354,image_02524.jpg,ood_test,test
flowers102_1355,image_02242.jpg,ood_test,test
flowers102_1356,image_04633.jpg,ood_test,test
flowers102_1357,image_08009.jpg,ood_test,test
flowers102_1358,image_01993.jpg,ood_test,test
flowers102_1359,image_00455.jpg,ood_test,test
flowers102_1360,image_06024.jpg,ood_test,test
flowers102_1361,image_01987.jpg,ood_test,test
flowers102_1362,image_00441.jpg,ood_test,test
flowers102_1363,image_06030.jpg,ood_test,test
flowers102_1364,image_05539.jpg,ood_test,test
flowers102_1365,image_02256.jpg,ood_test,test
flowers102_1366,image_03148.jpg,ood_test,test
flowers102_1367,image_04627.jpg,ood_test,test
flowers102_1368,image_04141.jpg,ood_test,test
flowers102_1369,image_02530.jpg,ood_test,test
flowers102_1370,image_06756.jpg,ood_test,test
flowers102_1371,image_01039.jpg,ood_test,test
flowers102_1372,image_00327.jpg,ood_test,test
flowers102_1373,image_07448.jpg,ood_test,test
flowers102_1374,image_04169.jpg,ood_test,test
flowers102_1375,image_03606.jpg,ood_test,test
flowers102_1376,image_02518.jpg,ood_test,test
flowers102_1377,image_05277.jpg,ood_test,test
flowers102_1378,image_01011.jpg,ood_test,test
flowers102_1379,image_07460.jpg,ood_test,test
flowers102_1380,image_08035.jpg,ood_test,test
flowers102_1381,image_07306.jpg,ood_test,test
flowers102_1382,image_00469.jpg,ood_test,test
flowers102_1383,image_01777.jpg,ood_test,test
flowers102_1384,image_06018.jpg,ood_test,test
flowers102_1385,image_05511.jpg,ood_test,test
flowers102_1386,image_03160.jpg,ood_test,test
flowers102_1387,image_05505.jpg,ood_test,test
flowers102_1388,image_03174.jpg,ood_test,test
flowers102_1389,image_08021.jpg,ood_test,test
flowers102_1390,image_07312.jpg,ood_test,test
flowers102_1391,image_01763.jpg,ood_test,test
flowers102_1392,image_01005.jpg,ood_test,test
flowers102_1393,image_07474.jpg,ood_test,test
flowers102_1394,image_03612.jpg,ood_test,test
flowers102_1395,image_05263.jpg,ood_test,test
flowers102_1396,image_03821.jpg,ood_test,test
flowers102_1397,image_05288.jpg,ood_test,test
flowers102_1398,image_04196.jpg,ood_test,test
flowers102_1399,image_06959.jpg,ood_test,test
flowers102_1400,image_06781.jpg,ood_test,test
flowers102_1401,image_01788.jpg,ood_test,test
flowers102_1402,image_01950.jpg,ood_test,test
flowers102_1403,image_00496.jpg,ood_test,test
flowers102_1404,image_02281.jpg,ood_test,test
flowers102_1405,image_04828.jpg,ood_test,test
flowers102_1406,image_02295.jpg,ood_test,test
flowers102_1407,image_01944.jpg,ood_test,test
flowers102_1408,image_00482.jpg,ood_test,test
flowers102_1409,image_06795.jpg,ood_test,test
flowers102_1410,image_03835.jpg,ood_test,test
flowers102_1411,image_04182.jpg,ood_test,test
flowers102_1412,image_06965.jpg,ood_test,test
flowers102_1413,image_04814.jpg,ood_test,test
flowers102_1414,image_01978.jpg,ood_test,test
flowers102_1415,image_04800.jpg,ood_test,test
flowers102_1416,image_03809.jpg,ood_test,test
flowers102_1417,image_06971.jpg,ood_test,test
flowers102_1418,image_07528.jpg,ood_test,test
flowers102_1419,image_00247.jpg,ood_test,test
flowers102_1420,image_01159.jpg,ood_test,test
flowers102_1421,image_06636.jpg,ood_test,test
flowers102_1422,image_03996.jpg,ood_test,test
flowers102_1423,image_02450.jpg,ood_test,test
flowers102_1424,image_04021.jpg,ood_test,test
flowers102_1425,image_04747.jpg,ood_test,test
flowers102_1426,image_03028.jpg,ood_test,test
flowers102_1427,image_02336.jpg,ood_test,test
flowers102_1428,image_05459.jpg,ood_test,test
flowers102_1429,image_06150.jpg,ood_test,test
flowers102_1430,image_00521.jpg,ood_test,test
flowers102_1431,image_06144.jpg,ood_test,test
flowers102_1432,image_00535.jpg,ood_test,test
flowers102_1433,image_08169.jpg,ood_test,test
flowers102_1434,image_04753.jpg,ood_test,test
flowers102_1435,image_02322.jpg,ood_test,test
flowers102_1436,image_03982.jpg,ood_test,test
flowers102_1437,image_02444.jpg,ood_test,test
flowers102_1438,image_04035.jpg,ood_test,test
flowers102_1439,image_00253.jpg,ood_test,test
flowers102_1440,image_06622.jpg,ood_test,test
flowers102_1441,image_05303.jpg,ood_test,test
flowers102_1442,image_03772.jpg,ood_test,test
flowers102_1443,image_07514.jpg,ood_test,test
flowers102_1444,image_01165.jpg,ood_test,test
flowers102_1445,image_01603.jpg,ood_test,test
flowers102_1446,image_08141.jpg,ood_test,test
flowers102_1447,image_07272.jpg,ood_test,test
flowers102_1448,image_03014.jpg,ood_test,test
flowers102_1449,image_05465.jpg,ood_test,test
flowers102_1450,image_03000.jpg,ood_test,test
flowers102_1451,image_05471.jpg,ood_test,test
flowers102_1452,image_06178.jpg,ood_test,test
flowers102_1453,image_01617.jpg,ood_test,test
flowers102_1454,image_00509.jpg,ood_test,test
flowers102_1455,image_08155.jpg,ood_test,test
flowers102_1456,image_07266.jpg,ood_test,test
flowers102_1457,image_07500.jpg,ood_test,test
flowers102_1458,image_01171.jpg,ood_test,test
flowers102_1459,image_05317.jpg,ood_test,test
flowers102_1460,image_02478.jpg,ood_test,test
flowers102_1461,image_03766.jpg,ood_test,test
flowers102_1462,image_04009.jpg,ood_test,test
flowers102_1463,image_03955.jpg,ood_test,test
flowers102_1464,image_02493.jpg,ood_test,test
flowers102_1465,image_00284.jpg,ood_test,test
flowers102_1466,image_01824.jpg,ood_test,test
flowers102_1467,image_06193.jpg,ood_test,test
flowers102_1468,image_04784.jpg,ood_test,test
flowers102_1469,image_04948.jpg,ood_test,test
flowers102_1470,image_04790.jpg,ood_test,test
flowers102_1471,image_07299.jpg,ood_test,test
flowers102_1472,image_01830.jpg,ood_test,test
flowers102_1473,image_06187.jpg,ood_test,test
flowers102_1474,image_06839.jpg,ood_test,test
flowers102_1475,image_00290.jpg,ood_test,test
flowers102_1476,image_03799.jpg,ood_test,test
flowers102_1477,image_03941.jpg,ood_test,test
flowers102_1478,image_02487.jpg,ood_test,test
flowers102_1479,image_06811.jpg,ood_test,test
flowers102_1480,image_03969.jpg,ood_test,test
flowers102_1481,image_04960.jpg,ood_test,test
flowers102_1482,image_08182.jpg,ood_test,test
flowers102_1483,image_01818.jpg,ood_test,test
flowers102_1484,image_04974.jpg,ood_test,test
flowers102_1485,image_06805.jpg,ood_test,test
flowers102_1486,image_00723.jpg,ood_test,test
flowers102_1487,image_06352.jpg,ood_test,test
flowers102_1488,image_02134.jpg,ood_test,test
flowers102_1489,image_05883.jpg,ood_test,test
flowers102_1490,image_04545.jpg,ood_test,test
flowers102_1491,image_04223.jpg,ood_test,test
flowers102_1492,image_02652.jpg,ood_test,test
flowers102_1493,image_06434.jpg,ood_test,test
flowers102_1494,image_00045.jpg,ood_test,test
flowers102_1495,image_06420.jpg,ood_test,test
flowers102_1496,image_00051.jpg,ood_test,test
flowers102_1497,image_04237.jpg,ood_test,test
flowers102_1498,image_03558.jpg,ood_test,test
flowers102_1499,image_02646.jpg,ood_test,test
flowers102_1500,image_05129.jpg,ood_test,test
flowers102_1501,image_02120.jpg,ood_test,test
flowers102_1502,image_05897.jpg,ood_test,test
flowers102_1503,image_04551.jpg,ood_test,test
flowers102_1504,image_07058.jpg,ood_test,test
flowers102_1505,image_00737.jpg,ood_test,test
flowers102_1506,image_01429.jpg,ood_test,test
flowers102_1507,image_06346.jpg,ood_test,test
flowers102_1508,image_05667.jpg,ood_test,test
flowers102_1509,image_02108.jpg,ood_test,test
flowers102_1510,image_03216.jpg,ood_test,test
flowers102_1511,image_04579.jpg,ood_test,test
flowers102_1512,image_07070.jpg,ood_test,test
flowers102_1513,image_01401.jpg,ood_test,test
flowers102_1514,image_06408.jpg,ood_test,test
flowers102_1515,image_01367.jpg,ood_test,test
flowers102_1516,image_00079.jpg,ood_test,test
flowers102_1517,image_07716.jpg,ood_test,test
flowers102_1518,image_03570.jpg,ood_test,test
flowers102_1519,image_05101.jpg,ood_test,test
flowers102_1520,image_03564.jpg,ood_test,test
flowers102_1521,image_05115.jpg,ood_test,test
flowers102_1522,image_01373.jpg,ood_test,test
flowers102_1523,image_07702.jpg,ood_test,test
flowers102_1524,image_07064.jpg,ood_test,test
flowers102_1525,image_01415.jpg,ood_test,test
flowers102_1526,image_05673.jpg,ood_test,test
flowers102_1527,image_03202.jpg,ood_test,test
flowers102_1528,image_05840.jpg,ood_test,test
flowers102_1529,image_04586.jpg,ood_test,test
flowers102_1530,image_05698.jpg,ood_test,test
flowers102_1531,image_00938.jpg,ood_test,test
flowers102_1532,image_06391.jpg,ood_test,test
flowers102_1533,image_00086.jpg,ood_test,test
flowers102_1534,image_01398.jpg,ood_test,test
flowers102_1535,image_07931.jpg,ood_test,test
flowers102_1536,image_02691.jpg,ood_test,test
flowers102_1537,image_02849.jpg,ood_test,test
flowers102_1538,image_02685.jpg,ood_test,test
flowers102_1539,image_00092.jpg,ood_test,test
flowers102_1540,image_07925.jpg,ood_test,test
flowers102_1541,image_06385.jpg,ood_test,test
flowers102_1542,image_05854.jpg,ood_test,test
flowers102_1543,image_04592.jpg,ood_test,test
flowers102_1544,image_00904.jpg,ood_test,test
flowers102_1545,image_02875.jpg,ood_test,test
flowers102_1546,image_07919.jpg,ood_test,test
flowers102_1547,image_02861.jpg,ood_test,test
flowers102_1548,image_05868.jpg,ood_test,test
flowers102_1549,image_00910.jpg,ood_test,test
flowers102_1550,image_02877.jpg,ood_test,test
flowers102_1551,image_00906.jpg,ood_test,test
flowers102_1552,image_00912.jpg,ood_test,test
flowers102_1553,image_02863.jpg,ood_test,test
flowers102_1554,image_02693.jpg,ood_test,test
flowers102_1555,image_07933.jpg,ood_test,test
flowers102_1556,image_00084.jpg,ood_test,test
flowers102_1557,image_06393.jpg,ood_test,test
flowers102_1558,image_04584.jpg,ood_test,test
flowers102_1559,image_05842.jpg,ood_test,test
flowers102_1560,image_04590.jpg,ood_test,test
flowers102_1561,image_05856.jpg,ood_test,test
flowers102_1562,image_07099.jpg,ood_test,test
flowers102_1563,image_06387.jpg,ood_test,test
flowers102_1564,image_07927.jpg,ood_test,test
flowers102_1565,image_00090.jpg,ood_test,test
flowers102_1566,image_03599.jpg,ood_test,test
flowers102_1567,image_02687.jpg,ood_test,test
flowers102_1568,image_05103.jpg,ood_test,test
flowers102_1569,image_03572.jpg,ood_test,test
flowers102_1570,image_07714.jpg,ood_test,test
flowers102_1571,image_01365.jpg,ood_test,test
flowers102_1572,image_01403.jpg,ood_test,test
flowers102_1573,image_07072.jpg,ood_test,test
flowers102_1574,image_03214.jpg,ood_test,test
flowers102_1575,image_05665.jpg,ood_test,test
flowers102_1576,image_03200.jpg,ood_test,test
flowers102_1577,image_05671.jpg,ood_test,test
flowers102_1578,image_06378.jpg,ood_test,test
flowers102_1579,image_01417.jpg,ood_test,test
flowers102_1580,image_00709.jpg,ood_test,test
flowers102_1581,image_07066.jpg,ood_test,test
flowers102_1582,image_07700.jpg,ood_test,test
flowers102_1583,image_01371.jpg,ood_test,test
flowers102_1584,image_05117.jpg,ood_test,test
flowers102_1585,image_02678.jpg,ood_test,test
flowers102_1586,image_03566.jpg,ood_test,test
flowers102_1587,image_04209.jpg,ood_test,test
flowers102_1588,image_07728.jpg,ood_test,test
flowers102_1589,image_00047.jpg,ood_test,test
flowers102_1590,image_01359.jpg,ood_test,test
flowers102_1591,image_06436.jpg,ood_test,test
flowers102_1592,image_02650.jpg,ood_test,test
flowers102_1593,image_04221.jpg,ood_test,test
flowers102_1594,image_02888.jpg,ood_test,test
flowers102_1595,image_04547.jpg,ood_test,test
flowers102_1596,image_05881.jpg,ood_test,test
flowers102_1597,image_03228.jpg,ood_test,test
flowers102_1598,image_02136.jpg,ood_test,test
flowers102_1599,image_05659.jpg,ood_test,test
flowers102_1600,image_06350.jpg,ood_test,test
flowers102_1601,image_00721.jpg,ood_test,test
flowers102_1602,image_06344.jpg,ood_test,test
flowers102_1603,image_00735.jpg,ood_test,test
flowers102_1604,image_04553.jpg,ood_test,test
flowers102_1605,image_05895.jpg,ood_test,test
flowers102_1606,image_02122.jpg,ood_test,test
flowers102_1607,image_02644.jpg,ood_test,test
flowers102_1608,image_04235.jpg,ood_test,test
flowers102_1609,image_00053.jpg,ood_test,test
flowers102_1610,image_06422.jpg,ood_test,test
flowers102_1611,image_08180.jpg,ood_test,test
flowers102_1612,image_04962.jpg,ood_test,test
flowers102_1613,image_06813.jpg,ood_test,test
flowers102_1614,image_06807.jpg,ood_test,test
flowers102_1615,image_04976.jpg,ood_test,test
flowers102_1616,image_04786.jpg,ood_test,test
flowers102_1617,image_05498.jpg,ood_test,test
flowers102_1618,image_06191.jpg,ood_test,test
flowers102_1619,image_01826.jpg,ood_test,test
flowers102_1620,image_00286.jpg,ood_test,test
flowers102_1621,image_01198.jpg,ood_test,test
flowers102_1622,image_02491.jpg,ood_test,test
flowers102_1623,image_03957.jpg,ood_test,test
flowers102_1624,image_02485.jpg,ood_test,test
flowers102_1625,image_03943.jpg,ood_test,test
flowers102_1626,image_00292.jpg,ood_test,test
flowers102_1627,image_06185.jpg,ood_test,test
flowers102_1628,image_01832.jpg,ood_test,test
flowers102_1629,image_04792.jpg,ood_test,test
flowers102_1630,image_05467.jpg,ood_test,test
flowers102_1631,image_02308.jpg,ood_test,test
flowers102_1632,image_03016.jpg,ood_test,test
flowers102_1633,image_04779.jpg,ood_test,test
flowers102_1634,image_08143.jpg,ood_test,test
flowers102_1635,image_07270.jpg,ood_test,test
flowers102_1636,image_01601.jpg,ood_test,test
flowers102_1637,image_06608.jpg,ood_test,test
flowers102_1638,image_01167.jpg,ood_test,test
flowers102_1639,image_00279.jpg,ood_test,test
flowers102_1640,image_07516.jpg,ood_test,test
flowers102_1641,image_03770.jpg,ood_test,test
flowers102_1642,image_05301.jpg,ood_test,test
flowers102_1643,image_03764.jpg,ood_test,test
flowers102_1644,image_05315.jpg,ood_test,test
flowers102_1645,image_01173.jpg,ood_test,test
flowers102_1646,image_07502.jpg,ood_test,test
flowers102_1647,image_08157.jpg,ood_test,test
flowers102_1648,image_07264.jpg,ood_test,test
flowers102_1649,image_01615.jpg,ood_test,test
flowers102_1650,image_05473.jpg,ood_test,test
flowers102_1651,image_03002.jpg,ood_test,test
flowers102_1652,image_00523.jpg,ood_test,test
flowers102_1653,image_06152.jpg,ood_test,test
flowers102_1654,image_02334.jpg,ood_test,test
flowers102_1655,image_04745.jpg,ood_test,test
flowers102_1656,image_04023.jpg,ood_test,test
flowers102_1657,image_02452.jpg,ood_test,test
flowers102_1658,image_03994.jpg,ood_test,test
flowers102_1659,image_06634.jpg,ood_test,test
flowers102_1660,image_00245.jpg,ood_test,test
flowers102_1661,image_06620.jpg,ood_test,test
flowers102_1662,image_00251.jpg,ood_test,test
flowers102_1663,image_04037.jpg,ood_test,test
flowers102_1664,image_03758.jpg,ood_test,test
flowers102_1665,image_02446.jpg,ood_test,test
flowers102_1666,image_03980.jpg,ood_test,test
flowers102_1667,image_05329.jpg,ood_test,test
flowers102_1668,image_02320.jpg,ood_test,test
flowers102_1669,image_04989.jpg,ood_test,test
flowers102_1670,image_04751.jpg,ood_test,test
flowers102_1671,image_07258.jpg,ood_test,test
flowers102_1672,image_00537.jpg,ood_test,test
flowers102_1673,image_01629.jpg,ood_test,test
flowers102_1674,image_06146.jpg,ood_test,test
flowers102_1675,image_04816.jpg,ood_test,test
flowers102_1676,image_06967.jpg,ood_test,test
flowers102_1677,image_06973.jpg,ood_test,test
flowers102_1678,image_04802.jpg,ood_test,test
flowers102_1679,image_02283.jpg,ood_test,test
flowers102_1680,image_00494.jpg,ood_test,test
flowers102_1681,image_01952.jpg,ood_test,test
flowers102_1682,image_06783.jpg,ood_test,test
flowers102_1683,image_04194.jpg,ood_test,test
flowers102_1684,image_03823.jpg,ood_test,test
flowers102_1685,image_04180.jpg,ood_test,test
flowers102_1686,image_03837.jpg,ood_test,test
flowers102_1687,image_06797.jpg,ood_test,test
flowers102_1688,image_07489.jpg,ood_test,test
flowers102_1689,image_00480.jpg,ood_test,test
flowers102_1690,image_01946.jpg,ood_test,test
flowers102_1691,image_02297.jpg,ood_test,test
flowers102_1692,image_03189.jpg,ood_test,test
flowers102_1693,image_03162.jpg,ood_test,test
flowers102_1694,image_05513.jpg,ood_test,test
flowers102_1695,image_01775.jpg,ood_test,test
flowers102_1696,image_08037.jpg,ood_test,test
flowers102_1697,image_07304.jpg,ood_test,test
flowers102_1698,image_07462.jpg,ood_test,test
flowers102_1699,image_01013.jpg,ood_test,test
flowers102_1700,image_05275.jpg,ood_test,test
flowers102_1701,image_03604.jpg,ood_test,test
flowers102_1702,image_05261.jpg,ood_test,test
flowers102_1703,image_03610.jpg,ood_test,test
flowers102_1704,image_07476.jpg,ood_test,test
flowers102_1705,image_00319.jpg,ood_test,test
flowers102_1706,image_01007.jpg,ood_test,test
flowers102_1707,image_06768.jpg,ood_test,test
flowers102_1708,image_01761.jpg,ood_test,test
flowers102_1709,image_08023.jpg,ood_test,test
flowers102_1710,image_07310.jpg,ood_test,test
flowers102_1711,image_04619.jpg,ood_test,test
flowers102_1712,image_03176.jpg,ood_test,test
flowers102_1713,image_02268.jpg,ood_test,test
flowers102_1714,image_05507.jpg,ood_test,test
flowers102_1715,image_06026.jpg,ood_test,test
flowers102_1716,image_01749.jpg,ood_test,test
flowers102_1717,image_00457.jpg,ood_test,test
flowers102_1718,image_07338.jpg,ood_test,test
flowers102_1719,image_01991.jpg,ood_test,test
flowers102_1720,image_04631.jpg,ood_test,test
flowers102_1721,image_02240.jpg,ood_test,test
flowers102_1722,image_05249.jpg,ood_test,test
flowers102_1723,image_02526.jpg,ood_test,test
flowers102_1724,image_03638.jpg,ood_test,test
flowers102_1725,image_04157.jpg,ood_test,test
flowers102_1726,image_06998.jpg,ood_test,test
flowers102_1727,image_00331.jpg,ood_test,test
flowers102_1728,image_06740.jpg,ood_test,test
flowers102_1729,image_00325.jpg,ood_test,test
flowers102_1730,image_06754.jpg,ood_test,test
flowers102_1731,image_02532.jpg,ood_test,test
flowers102_1732,image_04143.jpg,ood_test,test
flowers102_1733,image_04625.jpg,ood_test,test
flowers102_1734,image_02254.jpg,ood_test,test
flowers102_1735,image_06032.jpg,ood_test,test
flowers102_1736,image_00443.jpg,ood_test,test
flowers102_1737,image_01985.jpg,ood_test,test
flowers102_1738,image_02903.jpg,ood_test,test
flowers102_1739,image_00872.jpg,ood_test,test
flowers102_1740,image_00866.jpg,ood_test,test
flowers102_1741,image_02917.jpg,ood_test,test
flowers102_1742,image_05088.jpg,ood_test,test
flowers102_1743,image_04396.jpg,ood_test,test
flowers102_1744,image_06581.jpg,ood_test,test
flowers102_1745,image_07847.jpg,ood_test,test
flowers102_1746,image_01588.jpg,ood_test,test
flowers102_1747,image_00696.jpg,ood_test,test
flowers102_1748,image_05936.jpg,ood_test,test
flowers102_1749,image_02081.jpg,ood_test,test
flowers102_1750,image_05922.jpg,ood_test,test
flowers102_1751,image_02095.jpg,ood_test,test
flowers102_1752,image_00682.jpg,ood_test,test
flowers102_1753,image_06595.jpg,ood_test,test
flowers102_1754,image_07853.jpg,ood_test,test
flowers102_1755,image_04382.jpg,ood_test,test
flowers102_1756,image_04369.jpg,ood_test,test
flowers102_1757,image_03406.jpg,ood_test,test
flowers102_1758,image_02718.jpg,ood_test,test
flowers102_1759,image_05077.jpg,ood_test,test
flowers102_1760,image_01211.jpg,ood_test,test
flowers102_1761,image_07660.jpg,ood_test,test
flowers102_1762,image_07106.jpg,ood_test,test
flowers102_1763,image_00669.jpg,ood_test,test
flowers102_1764,image_01577.jpg,ood_test,test
flowers102_1765,image_06218.jpg,ood_test,test
flowers102_1766,image_05711.jpg,ood_test,test
flowers102_1767,image_03360.jpg,ood_test,test
flowers102_1768,image_05705.jpg,ood_test,test
flowers102_1769,image_03374.jpg,ood_test,test
flowers102_1770,image_07112.jpg,ood_test,test
flowers102_1771,image_01563.jpg,ood_test,test
flowers102_1772,image_01205.jpg,ood_test,test
flowers102_1773,image_07674.jpg,ood_test,test
flowers102_1774,image_03412.jpg,ood_test,test
flowers102_1775,image_05063.jpg,ood_test,test
flowers102_1776,image_06542.jpg,ood_test,test
flowers102_1777,image_07884.jpg,ood_test,test
flowers102_1778,image_00133.jpg,ood_test,test
flowers102_1779,image_04355.jpg,ood_test,test
flowers102_1780,image_02724.jpg,ood_test,test
flowers102_1781,image_02042.jpg,ood_test,test
flowers102_1782,image_04433.jpg,ood_test,test
flowers102_1783,image_00655.jpg,ood_test,test
flowers102_1784,image_06224.jpg,ood_test,test
flowers102_1785,image_00641.jpg,ood_test,test
flowers102_1786,image_00899.jpg,ood_test,test
flowers102_1787,image_06230.jpg,ood_test,test
flowers102_1788,image_05739.jpg,ood_test,test
flowers102_1789,image_02056.jpg,ood_test,test
flowers102_1790,image_03348.jpg,ood_test,test
flowers102_1791,image_04427.jpg,ood_test,test
flowers102_1792,image_04341.jpg,ood_test,test
flowers102_1793,image_02730.jpg,ood_test,test
flowers102_1794,image_06556.jpg,ood_test,test
flowers102_1795,image_01239.jpg,ood_test,test
flowers102_1796,image_07890.jpg,ood_test,test
flowers102_1797,image_00127.jpg,ood_test,test
flowers102_1798,image_07648.jpg,ood_test,test
flowers102_1799,image_04426.jpg,ood_test,test
flowers102_1800,image_03349.jpg,ood_test,test
flowers102_1801,image_02057.jpg,ood_test,test
flowers102_1802,image_05738.jpg,ood_test,test
flowers102_1803,image_06231.jpg,ood_test,test
flowers102_1804,image_00898.jpg,ood_test,test
flowers102_1805,image_00640.jpg,ood_test,test
flowers102_1806,image_07649.jpg,ood_test,test
flowers102_1807,image_00126.jpg,ood_test,test
flowers102_1808,image_07891.jpg,ood_test,test
flowers102_1809,image_01238.jpg,ood_test,test
flowers102_1810,image_06557.jpg,ood_test,test
flowers102_1811,image_02731.jpg,ood_test,test
flowers102_1812,image_04340.jpg,ood_test,test
flowers102_1813,image_02725.jpg,ood_test,test
flowers102_1814,image_04354.jpg,ood_test,test
flowers102_1815,image_00132.jpg,ood_test,test
flowers102_1816,image_07885.jpg,ood_test,test
flowers102_1817,image_06543.jpg,ood_test,test
flowers102_1818,image_06225.jpg,ood_test,test
flowers102_1819,image_00654.jpg,ood_test,test
flowers102_1820,image_04432.jpg,ood_test,test
flowers102_1821,image_02043.jpg,ood_test,test
flowers102_1822,image_01562.jpg,ood_test,test
flowers102_1823,image_07113.jpg,ood_test,test
flowers102_1824,image_03375.jpg,ood_test,test
flowers102_1825,image_05704.jpg,ood_test,test
flowers102_1826,image_05062.jpg,ood_test,test
flowers102_1827,image_03413.jpg,ood_test,test
flowers102_1828,image_07675.jpg,ood_test,test
flowers102_1829,image_01204.jpg,ood_test,test
flowers102_1830,image_07661.jpg,ood_test,test
flowers102_1831,image_01210.jpg,ood_test,test
flowers102_1832,image_05076.jpg,ood_test,test
flowers102_1833,image_02719.jpg,ood_test,test
flowers102_1834,image_03407.jpg,ood_test,test
flowers102_1835,image_04368.jpg,ood_test,test
flowers102_1836,image_03361.jpg,ood_test,test
flowers102_1837,image_05710.jpg,ood_test,test
flowers102_1838,image_06219.jpg,ood_test,test
flowers102_1839,image_01576.jpg,ood_test,test
flowers102_1840,image_00668.jpg,ood_test,test
flowers102_1841,image_07107.jpg,ood_test,test
flowers102_1842,image_00683.jpg,ood_test,test
flowers102_1843,image_02094.jpg,ood_test,test
flowers102_1844,image_05923.jpg,ood_test,test
flowers102_1845,image_04383.jpg,ood_test,test
flowers102_1846,image_07852.jpg,ood_test,test
flowers102_1847,image_06594.jpg,ood_test,test
flowers102_1848,image_07846.jpg,ood_test,test
flowers102_1849,image_06580.jpg,ood_test,test
flowers102_1850,image_04397.jpg,ood_test,test
flowers102_1851,image_05089.jpg,ood_test,test
flowers102_1852,image_02080.jpg,ood_test,test
flowers102_1853,image_05937.jpg,ood_test,test
flowers102_1854,image_00697.jpg,ood_test,test
flowers102_1855,image_01589.jpg,ood_test,test
flowers102_1856,image_00867.jpg,ood_test,test
flowers102_1857,image_02916.jpg,ood_test,test
flowers102_1858,image_02902.jpg,ood_test,test
flowers102_1859,image_00873.jpg,ood_test,test
flowers102_1860,image_04142.jpg,ood_test,test
flowers102_1861,image_02533.jpg,ood_test,test
flowers102_1862,image_06755.jpg,ood_test,test
flowers102_1863,image_00324.jpg,ood_test,test
flowers102_1864,image_01984.jpg,ood_test,test
flowers102_1865,image_00442.jpg,ood_test,test
flowers102_1866,image_06033.jpg,ood_test,test
flowers102_1867,image_02255.jpg,ood_test,test
flowers102_1868,image_04624.jpg,ood_test,test
flowers102_1869,image_02241.jpg,ood_test,test
flowers102_1870,image_04630.jpg,ood_test,test
flowers102_1871,image_01990.jpg,ood_test,test
flowers102_1872,image_07339.jpg,ood_test,test
flowers102_1873,image_00456.jpg,ood_test,test
flowers102_1874,image_01748.jpg,ood_test,test
flowers102_1875,image_06027.jpg,ood_test,test
flowers102_1876,image_06741.jpg,ood_test,test
flowers102_1877,image_00330.jpg,ood_test,test
flowers102_1878,image_06999.jpg,ood_test,test
flowers102_1879,image_04156.jpg,ood_test,test
flowers102_1880,image_03639.jpg,ood_test,test
flowers102_1881,image_02527.jpg,ood_test,test
flowers102_1882,image_05248.jpg,ood_test,test
flowers102_1883,image_06769.jpg,ood_test,test
flowers102_1884,image_01006.jpg,ood_test,test
flowers102_1885,image_00318.jpg,ood_test,test
flowers102_1886,image_07477.jpg,ood_test,test
flowers102_1887,image_03611.jpg,ood_test,test
flowers102_1888,image_05260.jpg,ood_test,test
flowers102_1889,image_05506.jpg,ood_test,test
flowers102_1890,image_02269.jpg,ood_test,test
flowers102_1891,image_03177.jpg,ood_test,test
flowers102_1892,image_04618.jpg,ood_test,test
flowers102_1893,image_07311.jpg,ood_test,test
flowers102_1894,image_08022.jpg,ood_test,test
flowers102_1895,image_01760.jpg,ood_test,test
flowers102_1896,image_07305.jpg,ood_test,test
flowers102_1897,image_08036.jpg,ood_test,test
flowers102_1898,image_01774.jpg,ood_test,test
flowers102_1899,image_05512.jpg,ood_test,test
flowers102_1900,image_03163.jpg,ood_test,test
flowers102_1901,image_03605.jpg,ood_test,test
flowers102_1902,image_05274.jpg,ood_test,test
flowers102_1903,image_01012.jpg,ood_test,test
flowers102_1904,image_07463.jpg,ood_test,test
flowers102_1905,image_07488.jpg,ood_test,test
flowers102_1906,image_06796.jpg,ood_test,test
flowers102_1907,image_03836.jpg,ood_test,test
flowers102_1908,image_04181.jpg,ood_test,test
flowers102_1909,image_03188.jpg,ood_test,test
flowers102_1910,image_02296.jpg,ood_test,test
flowers102_1911,image_01947.jpg,ood_test,test
flowers102_1912,image_00481.jpg,ood_test,test
flowers102_1913,image_01953.jpg,ood_test,test
flowers102_1914,image_00495.jpg,ood_test,test
flowers102_1915,image_02282.jpg,ood_test,test
flowers102_1916,image_03822.jpg,ood_test,test
flowers102_1917,image_04195.jpg,ood_test,test
flowers102_1918,image_06782.jpg,ood_test,test
flowers102_1919,image_06972.jpg,ood_test,test
flowers102_1920,image_04803.jpg,ood_test,test
flowers102_1921,image_04817.jpg,ood_test,test
flowers102_1922,image_06966.jpg,ood_test,test
flowers102_1923,image_05328.jpg,ood_test,test
flowers102_1924,image_03981.jpg,ood_test,test
flowers102_1925,image_02447.jpg,ood_test,test
flowers102_1926,image_03759.jpg,ood_test,test
flowers102_1927,image_04036.jpg,ood_test,test
flowers102_1928,image_00250.jpg,ood_test,test
flowers102_1929,image_06621.jpg,ood_test,test
flowers102_1930,image_06147.jpg,ood_test,test
flowers102_1931,image_01628.jpg,ood_test,test
flowers102_1932,image_00536.jpg,ood_test,test
flowers102_1933,image_07259.jpg,ood_test,test
flowers102_1934,image_04750.jpg,ood_test,test
flowers102_1935,image_04988.jpg,ood_test,test
flowers102_1936,image_02321.jpg,ood_test,test
flowers102_1937,image_04744.jpg,ood_test,test
flowers102_1938,image_02335.jpg,ood_test,test
flowers102_1939,image_06153.jpg,ood_test,test
flowers102_1940,image_00522.jpg,ood_test,test
flowers102_1941,image_00244.jpg,ood_test,test
flowers102_1942,image_06635.jpg,ood_test,test
flowers102_1943,image_03995.jpg,ood_test,test
flowers102_1944,image_02453.jpg,ood_test,test
flowers102_1945,image_04022.jpg,ood_test,test
flowers102_1946,image_07503.jpg,ood_test,test
flowers102_1947,image_01172.jpg,ood_test,test
flowers102_1948,image_05314.jpg,ood_test,test
flowers102_1949,image_03765.jpg,ood_test,test
flowers102_1950,image_03003.jpg,ood_test,test
flowers102_1951,image_05472.jpg,ood_test,test
flowers102_1952,image_01614.jpg,ood_test,test
flowers102_1953,image_07265.jpg,ood_test,test
flowers102_1954,image_08156.jpg,ood_test,test
flowers102_1955,image_01600.jpg,ood_test,test
flowers102_1956,image_07271.jpg,ood_test,test
flowers102_1957,image_08142.jpg,ood_test,test
flowers102_1958,image_04778.jpg,ood_test,test
flowers102_1959,image_03017.jpg,ood_test,test
flowers102_1960,image_02309.jpg,ood_test,test
flowers102_1961,image_05466.jpg,ood_test,test
flowers102_1962,image_05300.jpg,ood_test,test
flowers102_1963,image_03771.jpg,ood_test,test
flowers102_1964,image_07517.jpg,ood_test,test
flowers102_1965,image_00278.jpg,ood_test,test
flowers102_1966,image_01166.jpg,ood_test,test
flowers102_1967,image_06609.jpg,ood_test,test
flowers102_1968,image_00293.jpg,ood_test,test
flowers102_1969,image_03942.jpg,ood_test,test
flowers102_1970,image_02484.jpg,ood_test,test
flowers102_1971,image_04793.jpg,ood_test,test
flowers102_1972,image_01833.jpg,ood_test,test
flowers102_1973,image_06184.jpg,ood_test,test
flowers102_1974,image_01827.jpg,ood_test,test
flowers102_1975,image_06190.jpg,ood_test,test
flowers102_1976,image_05499.jpg,ood_test,test
flowers102_1977,image_04787.jpg,ood_test,test
flowers102_1978,image_03956.jpg,ood_test,test
flowers102_1979,image_02490.jpg,ood_test,test
flowers102_1980,image_01199.jpg,ood_test,test
flowers102_1981,image_00287.jpg,ood_test,test
flowers102_1982,image_06806.jpg,ood_test,test
flowers102_1983,image_04977.jpg,ood_test,test
flowers102_1984,image_04963.jpg,ood_test,test
flowers102_1985,image_08181.jpg,ood_test,test
flowers102_1986,image_06812.jpg,ood_test,test
flowers102_1987,image_02123.jpg,ood_test,test
flowers102_1988,image_05894.jpg,ood_test,test
flowers102_1989,image_04552.jpg,ood_test,test
flowers102_1990,image_00734.jpg,ood_test,test
flowers102_1991,image_06345.jpg,ood_test,test
flowers102_1992,image_06423.jpg,ood_test,test
flowers102_1993,image_00052.jpg,ood_test,test
flowers102_1994,image_04234.jpg,ood_test,test
flowers102_1995,image_02645.jpg,ood_test,test
flowers102_1996,image_02889.jpg,ood_test,test
flowers102_1997,image_04220.jpg,ood_test,test
flowers102_1998,image_02651.jpg,ood_test,test
flowers102_1999,image_06437.jpg,ood_test,test
flowers102_2000,image_01358.jpg,ood_test,test
flowers102_2001,image_00046.jpg,ood_test,test
flowers102_2002,image_07729.jpg,ood_test,test
flowers102_2003,image_00720.jpg,ood_test,test
flowers102_2004,image_06351.jpg,ood_test,test
flowers102_2005,image_05658.jpg,ood_test,test
flowers102_2006,image_02137.jpg,ood_test,test
flowers102_2007,image_03229.jpg,ood_test,test
flowers102_2008,image_05880.jpg,ood_test,test
flowers102_2009,image_04546.jpg,ood_test,test
flowers102_2010,image_07067.jpg,ood_test,test
flowers102_2011,image_00708.jpg,ood_test,test
flowers102_2012,image_01416.jpg,ood_test,test
flowers102_2013,image_06379.jpg,ood_test,test
flowers102_2014,image_05670.jpg,ood_test,test
flowers102_2015,image_03201.jpg,ood_test,test
flowers102_2016,image_04208.jpg,ood_test,test
flowers102_2017,image_03567.jpg,ood_test,test
flowers102_2018,image_02679.jpg,ood_test,test
flowers102_2019,image_05116.jpg,ood_test,test
flowers102_2020,image_01370.jpg,ood_test,test
flowers102_2021,image_07701.jpg,ood_test,test
flowers102_2022,image_01364.jpg,ood_test,test
flowers102_2023,image_07715.jpg,ood_test,test
flowers102_2024,image_03573.jpg,ood_test,test
flowers102_2025,image_05102.jpg,ood_test,test
flowers102_2026,image_05664.jpg,ood_test,test
flowers102_2027,image_03215.jpg,ood_test,test
flowers102_2028,image_07073.jpg,ood_test,test
flowers102_2029,image_01402.jpg,ood_test,test
flowers102_2030,image_06386.jpg,ood_test,test
flowers102_2031,image_07098.jpg,ood_test,test
flowers102_2032,image_05857.jpg,ood_test,test
flowers102_2033,image_04591.jpg,ood_test,test
flowers102_2034,image_02686.jpg,ood_test,test
flowers102_2035,image_03598.jpg,ood_test,test
flowers102_2036,image_00091.jpg,ood_test,test
flowers102_2037,image_07926.jpg,ood_test,test
flowers102_2038,image_00085.jpg,ood_test,test
flowers102_2039,image_07932.jpg,ood_test,test
flowers102_2040,image_02692.jpg,ood_test,test
flowers102_2041,image_05843.jpg,ood_test,test
flowers102_2042,image_04585.jpg,ood_test,test
flowers102_2043,image_06392.jpg,ood_test,test
flowers102_2044,image_00913.jpg,ood_test,test
flowers102_2045,image_02862.jpg,ood_test,test
flowers102_2046,image_02876.jpg,ood_test,test
flowers102_2047,image_00907.jpg,ood_test,test
flowers102_2048,image_06493.jpg,ood_test,test
flowers102_2049,image_07955.jpg,ood_test,test
flowers102_2050,image_04284.jpg,ood_test,test
flowers102_2051,image_02193.jpg,ood_test,test
flowers102_2052,image_05824.jpg,ood_test,test
flowers102_2053,image_00784.jpg,ood_test,test
flowers102_2054,image_00790.jpg,ood_test,test
flowers102_2055,image_00948.jpg,ood_test,test
flowers102_2056,image_02187.jpg,ood_test,test
flowers102_2057,image_03299.jpg,ood_test,test
flowers102_2058,image_05830.jpg,ood_test,test
flowers102_2059,image_02839.jpg,ood_test,test
flowers102_2060,image_04290.jpg,ood_test,test
flowers102_2061,image_06487.jpg,ood_test,test
flowers102_2062,image_07941.jpg,ood_test,test
flowers102_2063,image_07799.jpg,ood_test,test
flowers102_2064,image_02811.jpg,ood_test,test
flowers102_2065,image_07969.jpg,ood_test,test
flowers102_2066,image_00960.jpg,ood_test,test
flowers102_2067,image_05818.jpg,ood_test,test
flowers102_2068,image_00974.jpg,ood_test,test
flowers102_2069,image_02805.jpg,ood_test,test
flowers102_2070,image_02636.jpg,ood_test,test
flowers102_2071,image_05159.jpg,ood_test,test
flowers102_2072,image_04247.jpg,ood_test,test
flowers102_2073,image_03528.jpg,ood_test,test
flowers102_2074,image_00021.jpg,ood_test,test
flowers102_2075,image_06450.jpg,ood_test,test
flowers102_2076,image_07996.jpg,ood_test,test
flowers102_2077,image_01459.jpg,ood_test,test
flowers102_2078,image_06336.jpg,ood_test,test
flowers102_2079,image_07028.jpg,ood_test,test
flowers102_2080,image_00747.jpg,ood_test,test
flowers102_2081,image_04521.jpg,ood_test,test
flowers102_2082,image_02150.jpg,ood_test,test
flowers102_2083,image_04535.jpg,ood_test,test
flowers102_2084,image_02144.jpg,ood_test,test
flowers102_2085,image_06322.jpg,ood_test,test
flowers102_2086,image_00753.jpg,ood_test,test
flowers102_2087,image_00035.jpg,ood_test,test
flowers102_2088,image_06444.jpg,ood_test,test
flowers102_2089,image_07982.jpg,ood_test,test
flowers102_2090,image_02622.jpg,ood_test,test
flowers102_2091,image_04253.jpg,ood_test,test
flowers102_2092,image_07772.jpg,ood_test,test
flowers102_2093,image_01303.jpg,ood_test,test
flowers102_2094,image_05165.jpg,ood_test,test
flowers102_2095,image_03514.jpg,ood_test,test
flowers102_2096,image_03272.jpg,ood_test,test
flowers102_2097,image_05603.jpg,ood_test,test
flowers102_2098,image_01465.jpg,ood_test,test
flowers102_2099,image_07014.jpg,ood_test,test
flowers102_2100,image_01471.jpg,ood_test,test
flowers102_2101,image_07000.jpg,ood_test,test
flowers102_2102,image_03266.jpg,ood_test,test
flowers102_2103,image_04509.jpg,ood_test,test
flowers102_2104,image_05617.jpg,ood_test,test
flowers102_2105,image_02178.jpg,ood_test,test
flowers102_2106,image_05171.jpg,ood_test,test
flowers102_2107,image_03500.jpg,ood_test,test
flowers102_2108,image_00009.jpg,ood_test,test
flowers102_2109,image_07766.jpg,ood_test,test
flowers102_2110,image_06478.jpg,ood_test,test
flowers102_2111,image_01317.jpg,ood_test,test
flowers102_2112,image_01698.jpg,ood_test,test
flowers102_2113,image_00586.jpg,ood_test,test
flowers102_2114,image_01840.jpg,ood_test,test
flowers102_2115,image_04938.jpg,ood_test,test
flowers102_2116,image_02391.jpg,ood_test,test
flowers102_2117,image_05398.jpg,ood_test,test
flowers102_2118,image_03931.jpg,ood_test,test
flowers102_2119,image_04086.jpg,ood_test,test
flowers102_2120,image_06849.jpg,ood_test,test
flowers102_2121,image_06691.jpg,ood_test,test
flowers102_2122,image_06685.jpg,ood_test,test
flowers102_2123,image_03925.jpg,ood_test,test
flowers102_2124,image_04092.jpg,ood_test,test
flowers102_2125,image_02385.jpg,ood_test,test
flowers102_2126,image_00592.jpg,ood_test,test
flowers102_2127,image_01854.jpg,ood_test,test
flowers102_2128,image_04904.jpg,ood_test,test
flowers102_2129,image_06875.jpg,ood_test,test
flowers102_2130,image_03919.jpg,ood_test,test
flowers102_2131,image_06861.jpg,ood_test,test
flowers102_2132,image_01868.jpg,ood_test,test
flowers102_2133,image_04910.jpg,ood_test,test
flowers102_2134,image_02352.jpg,ood_test,test
flowers102_2135,image_04723.jpg,ood_test,test
flowers102_2136,image_00545.jpg,ood_test,test
flowers102_2137,image_08119.jpg,ood_test,test
flowers102_2138,image_01883.jpg,ood_test,test
flowers102_2139,image_06134.jpg,ood_test,test
flowers102_2140,image_06652.jpg,ood_test,test
flowers102_2141,image_00223.jpg,ood_test,test
flowers102_2142,image_04045.jpg,ood_test,test
flowers102_2143,image_02434.jpg,ood_test,test
flowers102_2144,image_04051.jpg,ood_test,test
flowers102_2145,image_02420.jpg,ood_test,test
flowers102_2146,image_01129.jpg,ood_test,test
flowers102_2147,image_06646.jpg,ood_test,test
flowers102_2148,image_07558.jpg,ood_test,test
flowers102_2149,image_00237.jpg,ood_test,test
flowers102_2150,image_00551.jpg,ood_test,test
flowers102_2151,image_01897.jpg,ood_test,test
flowers102_2152,image_06120.jpg,ood_test,test
flowers102_2153,image_02346.jpg,ood_test,test
flowers102_2154,image_05429.jpg,ood_test,test
flowers102_2155,image_04737.jpg,ood_test,test
flowers102_2156,image_03058.jpg,ood_test,test
flowers102_2157,image_00579.jpg,ood_test,test
flowers102_2158,image_07216.jpg,ood_test,test
flowers102_2159,image_08125.jpg,ood_test,test
flowers102_2160,image_06108.jpg,ood_test,test
flowers102_2161,image_01667.jpg,ood_test,test
flowers102_2162,image_05401.jpg,ood_test,test
flowers102_2163,image_03070.jpg,ood_test,test
flowers102_2164,image_03716.jpg,ood_test,test
flowers102_2165,image_04079.jpg,ood_test,test
flowers102_2166,image_05367.jpg,ood_test,test
flowers102_2167,image_02408.jpg,ood_test,test
flowers102_2168,image_01101.jpg,ood_test,test
flowers102_2169,image_07570.jpg,ood_test,test
flowers102_2170,image_01115.jpg,ood_test,test
flowers102_2171,image_07564.jpg,ood_test,test
flowers102_2172,image_03702.jpg,ood_test,test
flowers102_2173,image_05373.jpg,ood_test,test
flowers102_2174,image_05415.jpg,ood_test,test
flowers102_2175,image_03064.jpg,ood_test,test
flowers102_2176,image_07202.jpg,ood_test,test
flowers102_2177,image_08131.jpg,ood_test,test
flowers102_2178,image_01673.jpg,ood_test,test
flowers102_2179,image_01934.jpg,ood_test,test
flowers102_2180,image_06083.jpg,ood_test,test
flowers102_2181,image_04694.jpg,ood_test,test
flowers102_2182,image_02583.jpg,ood_test,test
flowers102_2183,image_03845.jpg,ood_test,test
flowers102_2184,image_00394.jpg,ood_test,test
flowers102_2185,image_00380.jpg,ood_test,test
flowers102_2186,image_06929.jpg,ood_test,test
flowers102_2187,image_03689.jpg,ood_test,test
flowers102_2188,image_02597.jpg,ood_test,test
flowers102_2189,image_03851.jpg,ood_test,test
flowers102_2190,image_04858.jpg,ood_test,test
flowers102_2191,image_04680.jpg,ood_test,test
flowers102_2192,image_01920.jpg,ood_test,test
flowers102_2193,image_07389.jpg,ood_test,test
flowers102_2194,image_06097.jpg,ood_test,test
flowers102_2195,image_04870.jpg,ood_test,test
flowers102_2196,image_08092.jpg,ood_test,test
flowers102_2197,image_01908.jpg,ood_test,test
flowers102_2198,image_06901.jpg,ood_test,test
flowers102_2199,image_03879.jpg,ood_test,test
flowers102_2200,image_06915.jpg,ood_test,test
flowers102_2201,image_08086.jpg,ood_test,test
flowers102_2202,image_04864.jpg,ood_test,test
flowers102_2203,image_03138.jpg,ood_test,test
flowers102_2204,image_04657.jpg,ood_test,test
flowers102_2205,image_05549.jpg,ood_test,test
flowers102_2206,image_02226.jpg,ood_test,test
flowers102_2207,image_06040.jpg,ood_test,test
flowers102_2208,image_00431.jpg,ood_test,test
flowers102_2209,image_00357.jpg,ood_test,test
flowers102_2210,image_07438.jpg,ood_test,test
flowers102_2211,image_06726.jpg,ood_test,test
flowers102_2212,image_01049.jpg,ood_test,test
flowers102_2213,image_02540.jpg,ood_test,test
flowers102_2214,image_03886.jpg,ood_test,test
flowers102_2215,image_04131.jpg,ood_test,test
flowers102_2216,image_02554.jpg,ood_test,test
flowers102_2217,image_03892.jpg,ood_test,test
flowers102_2218,image_04125.jpg,ood_test,test
flowers102_2219,image_00343.jpg,ood_test,test
flowers102_2220,image_06732.jpg,ood_test,test
flowers102_2221,image_06054.jpg,ood_test,test
flowers102_2222,image_08079.jpg,ood_test,test
flowers102_2223,image_00425.jpg,ood_test,test
flowers102_2224,image_04643.jpg,ood_test,test
flowers102_2225,image_02232.jpg,ood_test,test
flowers102_2226,image_01713.jpg,ood_test,test
flowers102_2227,image_07362.jpg,ood_test,test
flowers102_2228,image_08051.jpg,ood_test,test
flowers102_2229,image_03104.jpg,ood_test,test
flowers102_2230,image_05575.jpg,ood_test,test
flowers102_2231,image_05213.jpg,ood_test,test
flowers102_2232,image_03662.jpg,ood_test,test
flowers102_2233,image_07404.jpg,ood_test,test
flowers102_2234,image_01075.jpg,ood_test,test
flowers102_2235,image_07410.jpg,ood_test,test
flowers102_2236,image_01061.jpg,ood_test,test
flowers102_2237,image_02568.jpg,ood_test,test
flowers102_2238,image_05207.jpg,ood_test,test
flowers102_2239,image_04119.jpg,ood_test,test
flowers102_2240,image_03676.jpg,ood_test,test
flowers102_2241,image_03110.jpg,ood_test,test
flowers102_2242,image_05561.jpg,ood_test,test
flowers102_2243,image_01707.jpg,ood_test,test
flowers102_2244,image_06068.jpg,ood_test,test
flowers102_2245,image_07376.jpg,ood_test,test
flowers102_2246,image_08045.jpg,ood_test,test
flowers102_2247,image_00419.jpg,ood_test,test
flowers102_2248,image_00196.jpg,ood_test,test
flowers102_2249,image_07821.jpg,ood_test,test
flowers102_2250,image_01288.jpg,ood_test,test
flowers102_2251,image_02781.jpg,ood_test,test
flowers102_2252,image_02959.jpg,ood_test,test
flowers102_2253,image_04496.jpg,ood_test,test
flowers102_2254,image_05950.jpg,ood_test,test
flowers102_2255,image_05788.jpg,ood_test,test
flowers102_2256,image_06281.jpg,ood_test,test
flowers102_2257,image_00828.jpg,ood_test,test
flowers102_2258,image_06295.jpg,ood_test,test
flowers102_2259,image_04482.jpg,ood_test,test
flowers102_2260,image_05944.jpg,ood_test,test
flowers102_2261,image_02795.jpg,ood_test,test
flowers102_2262,image_00182.jpg,ood_test,test
flowers102_2263,image_07835.jpg,ood_test,test
flowers102_2264,image_02965.jpg,ood_test,test
flowers102_2265,image_00814.jpg,ood_test,test
flowers102_2266,image_05978.jpg,ood_test,test
flowers102_2267,image_00800.jpg,ood_test,test
flowers102_2268,image_07809.jpg,ood_test,test
flowers102_2269,image_02971.jpg,ood_test,test
flowers102_2270,image_04333.jpg,ood_test,test
flowers102_2271,image_02742.jpg,ood_test,test
flowers102_2272,image_06524.jpg,ood_test,test
flowers102_2273,image_00155.jpg,ood_test,test
flowers102_2274,image_00633.jpg,ood_test,test
flowers102_2275,image_06242.jpg,ood_test,test
flowers102_2276,image_02024.jpg,ood_test,test
flowers102_2277,image_04455.jpg,ood_test,test
flowers102_2278,image_05993.jpg,ood_test,test
flowers102_2279,image_02030.jpg,ood_test,test
flowers102_2280,image_04441.jpg,ood_test,test
flowers102_2281,image_05987.jpg,ood_test,test
flowers102_2282,image_00627.jpg,ood_test,test
flowers102_2283,image_07148.jpg,ood_test,test
flowers102_2284,image_06256.jpg,ood_test,test
flowers102_2285,image_01539.jpg,ood_test,test
flowers102_2286,image_06530.jpg,ood_test,test
flowers102_2287,image_00141.jpg,ood_test,test
flowers102_2288,image_03448.jpg,ood_test,test
flowers102_2289,image_04327.jpg,ood_test,test
flowers102_2290,image_05039.jpg,ood_test,test
flowers102_2291,image_02756.jpg,ood_test,test
flowers102_2292,image_01277.jpg,ood_test,test
flowers102_2293,image_06518.jpg,ood_test,test
flowers102_2294,image_07606.jpg,ood_test,test
flowers102_2295,image_00169.jpg,ood_test,test
flowers102_2296,image_03460.jpg,ood_test,test
flowers102_2297,image_05011.jpg,ood_test,test
flowers102_2298,image_02018.jpg,ood_test,test
flowers102_2299,image_05777.jpg,ood_test,test
flowers102_2300,image_04469.jpg,ood_test,test
flowers102_2301,image_03306.jpg,ood_test,test
flowers102_2302,image_07160.jpg,ood_test,test
flowers102_2303,image_01511.jpg,ood_test,test
flowers102_2304,image_07174.jpg,ood_test,test
flowers102_2305,image_01505.jpg,ood_test,test
flowers102_2306,image_05763.jpg,ood_test,test
flowers102_2307,image_03312.jpg,ood_test,test
flowers102_2308,image_03474.jpg,ood_test,test
flowers102_2309,image_05005.jpg,ood_test,test
flowers102_2310,image_01263.jpg,ood_test,test
flowers102_2311,image_07612.jpg,ood_test,test
flowers102_2312,image_03313.jpg,ood_test,test
flowers102_2313,image_05762.jpg,ood_test,test
flowers102_2314,image_01504.jpg,ood_test,test
flowers102_2315,image_07175.jpg,ood_test,test
flowers102_2316,image_07613.jpg,ood_test,test
flowers102_2317,image_01262.jpg,ood_test,test
flowers102_2318,image_05004.jpg,ood_test,test
flowers102_2319,image_03475.jpg,ood_test,test
flowers102_2320,image_05010.jpg,ood_test,test
flowers102_2321,image_03461.jpg,ood_test,test
flowers102_2322,image_00168.jpg,ood_test,test
flowers102_2323,image_07607.jpg,ood_test,test
flowers102_2324,image_06519.jpg,ood_test,test
flowers102_2325,image_01276.jpg,ood_test,test
flowers102_2326,image_01510.jpg,ood_test,test
flowers102_2327,image_07161.jpg,ood_test,test
flowers102_2328,image_03307.jpg,ood_test,test
flowers102_2329,image_04468.jpg,ood_test,test
flowers102_2330,image_05776.jpg,ood_test,test
flowers102_2331,image_02019.jpg,ood_test,test
flowers102_2332,image_01538.jpg,ood_test,test
flowers102_2333,image_06257.jpg,ood_test,test
flowers102_2334,image_07149.jpg,ood_test,test
flowers102_2335,image_00626.jpg,ood_test,test
flowers102_2336,image_05986.jpg,ood_test,test
flowers102_2337,image_04440.jpg,ood_test,test
flowers102_2338,image_02031.jpg,ood_test,test
flowers102_2339,image_02757.jpg,ood_test,test
flowers102_2340,image_05038.jpg,ood_test,test
flowers102_2341,image_04326.jpg,ood_test,test
flowers102_2342,image_03449.jpg,ood_test,test
flowers102_2343,image_00140.jpg,ood_test,test
flowers102_2344,image_06531.jpg,ood_test,test
flowers102_2345,image_00154.jpg,ood_test,test
flowers102_2346,image_06525.jpg,ood_test,test
flowers102_2347,image_02743.jpg,ood_test,test
flowers102_2348,image_04332.jpg,ood_test,test
flowers102_2349,image_05992.jpg,ood_test,test
flowers102_2350,image_04454.jpg,ood_test,test
flowers102_2351,image_02025.jpg,ood_test,test
flowers102_2352,image_06243.jpg,ood_test,test
flowers102_2353,image_00632.jpg,ood_test,test
flowers102_2354,image_00801.jpg,ood_test,test
flowers102_2355,image_05979.jpg,ood_test,test
flowers102_2356,image_02970.jpg,ood_test,test
flowers102_2357,image_07808.jpg,ood_test,test
flowers102_2358,image_02964.jpg,ood_test,test
flowers102_2359,image_00815.jpg,ood_test,test
flowers102_2360,image_05945.jpg,ood_test,test
flowers102_2361,image_04483.jpg,ood_test,test
flowers102_2362,image_06294.jpg,ood_test,test
flowers102_2363,image_07834.jpg,ood_test,test
flowers102_2364,image_00183.jpg,ood_test,test
flowers102_2365,image_02794.jpg,ood_test,test
flowers102_2366,image_02958.jpg,ood_test,test
flowers102_2367,image_02780.jpg,ood_test,test
flowers102_2368,image_01289.jpg,ood_test,test
flowers102_2369,image_07820.jpg,ood_test,test
flowers102_2370,image_00197.jpg,ood_test,test
flowers102_2371,image_00829.jpg,ood_test,test
flowers102_2372,image_06280.jpg,ood_test,test
flowers102_2373,image_05789.jpg,ood_test,test
flowers102_2374,image_05951.jpg,ood_test,test
flowers102_2375,image_04497.jpg,ood_test,test
flowers102_2376,image_03677.jpg,ood_test,test
flowers102_2377,image_04118.jpg,ood_test,test
flowers102_2378,image_05206.jpg,ood_test,test
flowers102_2379,image_02569.jpg,ood_test,test
flowers102_2380,image_01060.jpg,ood_test,test
flowers102_2381,image_07411.jpg,ood_test,test
flowers102_2382,image_00418.jpg,ood_test,test
flowers102_2383,image_08044.jpg,ood_test,test
flowers102_2384,image_07377.jpg,ood_test,test
flowers102_2385,image_06069.jpg,ood_test,test
flowers102_2386,image_01706.jpg,ood_test,test
flowers102_2387,image_05560.jpg,ood_test,test
flowers102_2388,image_03111.jpg,ood_test,test
flowers102_2389,image_05574.jpg,ood_test,test
flowers102_2390,image_03105.jpg,ood_test,test
flowers102_2391,image_08050.jpg,ood_test,test
flowers102_2392,image_07363.jpg,ood_test,test
flowers102_2393,image_01712.jpg,ood_test,test
flowers102_2394,image_01074.jpg,ood_test,test
flowers102_2395,image_07405.jpg,ood_test,test
flowers102_2396,image_03663.jpg,ood_test,test
flowers102_2397,image_05212.jpg,ood_test,test
flowers102_2398,image_06733.jpg,ood_test,test
flowers102_2399,image_00342.jpg,ood_test,test
flowers102_2400,image_04124.jpg,ood_test,test
flowers102_2401,image_03893.jpg,ood_test,test
flowers102_2402,image_02555.jpg,ood_test,test
flowers102_2403,image_02233.jpg,ood_test,test
flowers102_2404,image_04642.jpg,ood_test,test
flowers102_2405,image_00424.jpg,ood_test,test
flowers102_2406,image_08078.jpg,ood_test,test
flowers102_2407,image_06055.jpg,ood_test,test
flowers102_2408,image_00430.jpg,ood_test,test
flowers102_2409,image_06041.jpg,ood_test,test
flowers102_2410,image_02227.jpg,ood_test,test
flowers102_2411,image_05548.jpg,ood_test,test
flowers102_2412,image_04656.jpg,ood_test,test
flowers102_2413,image_03139.jpg,ood_test,test
flowers102_2414,image_04130.jpg,ood_test,test
flowers102_2415,image_03887.jpg,ood_test,test
flowers102_2416,image_02541.jpg,ood_test,test
flowers102_2417,image_01048.jpg,ood_test,test
flowers102_2418,image_06727.jpg,ood_test,test
flowers102_2419,image_07439.jpg,ood_test,test
flowers102_2420,image_00356.jpg,ood_test,test
flowers102_2421,image_06914.jpg,ood_test,test
flowers102_2422,image_04865.jpg,ood_test,test
flowers102_2423,image_08087.jpg,ood_test,test
flowers102_2424,image_08093.jpg,ood_test,test
flowers102_2425,image_01909.jpg,ood_test,test
flowers102_2426,image_04871.jpg,ood_test,test
flowers102_2427,image_03878.jpg,ood_test,test
flowers102_2428,image_06900.jpg,ood_test,test
flowers102_2429,image_03850.jpg,ood_test,test
flowers102_2430,image_02596.jpg,ood_test,test
flowers102_2431,image_03688.jpg,ood_test,test
flowers102_2432,image_06928.jpg,ood_test,test
flowers102_2433,image_00381.jpg,ood_test,test
flowers102_2434,image_06096.jpg,ood_test,test
flowers102_2435,image_07388.jpg,ood_test,test
flowers102_2436,image_01921.jpg,ood_test,test
flowers102_2437,image_04681.jpg,ood_test,test
flowers102_2438,image_04859.jpg,ood_test,test
flowers102_2439,image_04695.jpg,ood_test,test
flowers102_2440,image_06082.jpg,ood_test,test
flowers102_2441,image_01935.jpg,ood_test,test
flowers102_2442,image_00395.jpg,ood_test,test
flowers102_2443,image_03844.jpg,ood_test,test
flowers102_2444,image_02582.jpg,ood_test,test
flowers102_2445,image_05372.jpg,ood_test,test
flowers102_2446,image_03703.jpg,ood_test,test
flowers102_2447,image_07565.jpg,ood_test,test
flowers102_2448,image_01114.jpg,ood_test,test
flowers102_2449,image_01672.jpg,ood_test,test
flowers102_2450,image_08130.jpg,ood_test,test
flowers102_2451,image_07203.jpg,ood_test,test
flowers102_2452,image_03065.jpg,ood_test,test
flowers102_2453,image_05414.jpg,ood_test,test
flowers102_2454,image_03071.jpg,ood_test,test
flowers102_2455,image_05400.jpg,ood_test,test
flowers102_2456,image_01666.jpg,ood_test,test
flowers102_2457,image_06109.jpg,ood_test,test
flowers102_2458,image_08124.jpg,ood_test,test
flowers102_2459,image_07217.jpg,ood_test,test
flowers102_2460,image_00578.jpg,ood_test,test
flowers102_2461,image_07571.jpg,ood_test,test
flowers102_2462,image_01100.jpg,ood_test,test
flowers102_2463,image_02409.jpg,ood_test,test
flowers102_2464,image_05366.jpg,ood_test,test
flowers102_2465,image_04078.jpg,ood_test,test
flowers102_2466,image_03717.jpg,ood_test,test
flowers102_2467,image_00236.jpg,ood_test,test
flowers102_2468,image_07559.jpg,ood_test,test
flowers102_2469,image_06647.jpg,ood_test,test
flowers102_2470,image_01128.jpg,ood_test,test
flowers102_2471,image_02421.jpg,ood_test,test
flowers102_2472,image_04050.jpg,ood_test,test
flowers102_2473,image_03059.jpg,ood_test,test
flowers102_2474,image_04736.jpg,ood_test,test
flowers102_2475,image_05428.jpg,ood_test,test
flowers102_2476,image_02347.jpg,ood_test,test
flowers102_2477,image_06121.jpg,ood_test,test
flowers102_2478,image_01896.jpg,ood_test,test
flowers102_2479,image_00550.jpg,ood_test,test
flowers102_2480,image_06135.jpg,ood_test,test
flowers102_2481,image_08118.jpg,ood_test,test
flowers102_2482,image_01882.jpg,ood_test,test
flowers102_2483,image_00544.jpg,ood_test,test
flowers102_2484,image_04722.jpg,ood_test,test
flowers102_2485,image_02353.jpg,ood_test,test
flowers102_2486,image_02435.jpg,ood_test,test
flowers102_2487,image_04044.jpg,ood_test,test
flowers102_2488,image_00222.jpg,ood_test,test
flowers102_2489,image_06653.jpg,ood_test,test
flowers102_2490,image_06860.jpg,ood_test,test
flowers102_2491,image_03918.jpg,ood_test,test
flowers102_2492,image_04911.jpg,ood_test,test
flowers102_2493,image_01869.jpg,ood_test,test
flowers102_2494,image_04905.jpg,ood_test,test
flowers102_2495,image_06874.jpg,ood_test,test
flowers102_2496,image_04093.jpg,ood_test,test
flowers102_2497,image_03924.jpg,ood_test,test
flowers102_2498,image_06684.jpg,ood_test,test
flowers102_2499,image_01855.jpg,ood_test,test
flowers102_2500,image_00593.jpg,ood_test,test
flowers102_2501,image_02384.jpg,ood_test,test
flowers102_2502,image_02390.jpg,ood_test,test
flowers102_2503,image_04939.jpg,ood_test,test
flowers102_2504,image_01841.jpg,ood_test,test
flowers102_2505,image_00587.jpg,ood_test,test
flowers102_2506,image_01699.jpg,ood_test,test
flowers102_2507,image_06690.jpg,ood_test,test
flowers102_2508,image_06848.jpg,ood_test,test
flowers102_2509,image_04087.jpg,ood_test,test
flowers102_2510,image_03930.jpg,ood_test,test
flowers102_2511,image_05399.jpg,ood_test,test
flowers102_2512,image_02179.jpg,ood_test,test
flowers102_2513,image_05616.jpg,ood_test,test
flowers102_2514,image_04508.jpg,ood_test,test
flowers102_2515,image_03267.jpg,ood_test,test
flowers102_2516,image_07001.jpg,ood_test,test
flowers102_2517,image_01470.jpg,ood_test,test
flowers102_2518,image_01316.jpg,ood_test,test
flowers102_2519,image_06479.jpg,ood_test,test
flowers102_2520,image_07767.jpg,ood_test,test
flowers102_2521,image_00008.jpg,ood_test,test
flowers102_2522,image_03501.jpg,ood_test,test
flowers102_2523,image_05170.jpg,ood_test,test
flowers102_2524,image_03515.jpg,ood_test,test
flowers102_2525,image_05164.jpg,ood_test,test
flowers102_2526,image_01302.jpg,ood_test,test
flowers102_2527,image_07773.jpg,ood_test,test
flowers102_2528,image_07015.jpg,ood_test,test
flowers102_2529,image_01464.jpg,ood_test,test
flowers102_2530,image_05602.jpg,ood_test,test
flowers102_2531,image_03273.jpg,ood_test,test
flowers102_2532,image_00752.jpg,ood_test,test
flowers102_2533,image_06323.jpg,ood_test,test
flowers102_2534,image_02145.jpg,ood_test,test
flowers102_2535,image_04534.jpg,ood_test,test
flowers102_2536,image_04252.jpg,ood_test,test
flowers102_2537,image_02623.jpg,ood_test,test
flowers102_2538,image_07983.jpg,ood_test,test
flowers102_2539,image_06445.jpg,ood_test,test
flowers102_2540,image_00034.jpg,ood_test,test
flowers102_2541,image_07997.jpg,ood_test,test
flowers102_2542,image_06451.jpg,ood_test,test
flowers102_2543,image_00020.jpg,ood_test,test
flowers102_2544,image_03529.jpg,ood_test,test
flowers102_2545,image_04246.jpg,ood_test,test
flowers102_2546,image_05158.jpg,ood_test,test
flowers102_2547,image_02637.jpg,ood_test,test
flowers102_2548,image_02151.jpg,ood_test,test
flowers102_2549,image_04520.jpg,ood_test,test
flowers102_2550,image_00746.jpg,ood_test,test
flowers102_2551,image_07029.jpg,ood_test,test
flowers102_2552,image_06337.jpg,ood_test,test
flowers102_2553,image_01458.jpg,ood_test,test
flowers102_2554,image_00975.jpg,ood_test,test
flowers102_2555,image_02804.jpg,ood_test,test
flowers102_2556,image_07968.jpg,ood_test,test
flowers102_2557,image_02810.jpg,ood_test,test
flowers102_2558,image_05819.jpg,ood_test,test
flowers102_2559,image_00961.jpg,ood_test,test
flowers102_2560,image_05831.jpg,ood_test,test
flowers102_2561,image_03298.jpg,ood_test,test
flowers102_2562,image_02186.jpg,ood_test,test
flowers102_2563,image_00949.jpg,ood_test,test
flowers102_2564,image_00791.jpg,ood_test,test
flowers102_2565,image_07798.jpg,ood_test,test
flowers102_2566,image_07940.jpg,ood_test,test
flowers102_2567,image_06486.jpg,ood_test,test
flowers102_2568,image_04291.jpg,ood_test,test
flowers102_2569,image_02838.jpg,ood_test,test
flowers102_2570,image_04285.jpg,ood_test,test
flowers102_2571,image_07954.jpg,ood_test,test
flowers102_2572,image_06492.jpg,ood_test,test
flowers102_2573,image_00785.jpg,ood_test,test
flowers102_2574,image_05825.jpg,ood_test,test
flowers102_2575,image_02192.jpg,ood_test,test
flowers102_2576,image_04293.jpg,ood_test,test
flowers102_2577,image_06484.jpg,ood_test,test
flowers102_2578,image_07942.jpg,ood_test,test
flowers102_2579,image_00793.jpg,ood_test,test
flowers102_2580,image_02184.jpg,ood_test,test
flowers102_2581,image_05833.jpg,ood_test,test
flowers102_2582,image_02190.jpg,ood_test,test
flowers102_2583,image_05827.jpg,ood_test,test
flowers102_2584,image_00787.jpg,ood_test,test
flowers102_2585,image_01499.jpg,ood_test,test
flowers102_2586,image_06490.jpg,ood_test,test
flowers102_2587,image_07956.jpg,ood_test,test
flowers102_2588,image_04287.jpg,ood_test,test
flowers102_2589,image_05199.jpg,ood_test,test
flowers102_2590,image_02806.jpg,ood_test,test
flowers102_2591,image_00977.jpg,ood_test,test
flowers102_2592,image_00963.jpg,ood_test,test
flowers102_2593,image_02812.jpg,ood_test,test
flowers102_2594,image_00036.jpg,ood_test,test
flowers102_2595,image_07759.jpg,ood_test,test
flowers102_2596,image_06447.jpg,ood_test,test
flowers102_2597,image_01328.jpg,ood_test,test
flowers102_2598,image_07981.jpg,ood_test,test
flowers102_2599,image_02621.jpg,ood_test,test
flowers102_2600,image_04250.jpg,ood_test,test
flowers102_2601,image_03259.jpg,ood_test,test
flowers102_2602,image_04536.jpg,ood_test,test
flowers102_2603,image_05628.jpg,ood_test,test
flowers102_2604,image_02147.jpg,ood_test,test
flowers102_2605,image_00988.jpg,ood_test,test
flowers102_2606,image_06321.jpg,ood_test,test
flowers102_2607,image_00750.jpg,ood_test,test
flowers102_2608,image_06335.jpg,ood_test,test
flowers102_2609,image_00744.jpg,ood_test,test
flowers102_2610,image_04522.jpg,ood_test,test
flowers102_2611,image_02153.jpg,ood_test,test
flowers102_2612,image_02635.jpg,ood_test,test
flowers102_2613,image_04244.jpg,ood_test,test
flowers102_2614,image_00022.jpg,ood_test,test
flowers102_2615,image_06453.jpg,ood_test,test
flowers102_2616,image_07995.jpg,ood_test,test
flowers102_2617,image_05172.jpg,ood_test,test
flowers102_2618,image_03503.jpg,ood_test,test
flowers102_2619,image_07765.jpg,ood_test,test
flowers102_2620,image_01314.jpg,ood_test,test
flowers102_2621,image_01472.jpg,ood_test,test
flowers102_2622,image_07003.jpg,ood_test,test
flowers102_2623,image_03265.jpg,ood_test,test
flowers102_2624,image_05614.jpg,ood_test,test
flowers102_2625,image_03271.jpg,ood_test,test
flowers102_2626,image_05600.jpg,ood_test,test
flowers102_2627,image_01466.jpg,ood_test,test
flowers102_2628,image_06309.jpg,ood_test,test
flowers102_2629,image_07017.jpg,ood_test,test
flowers102_2630,image_00778.jpg,ood_test,test
flowers102_2631,image_07771.jpg,ood_test,test
flowers102_2632,image_01300.jpg,ood_test,test
flowers102_2633,image_02609.jpg,ood_test,test
flowers102_2634,image_05166.jpg,ood_test,test
flowers102_2635,image_04278.jpg,ood_test,test
flowers102_2636,image_03517.jpg,ood_test,test
flowers102_2637,image_03098.jpg,ood_test,test
flowers102_2638,image_02386.jpg,ood_test,test
flowers102_2639,image_00591.jpg,ood_test,test
flowers102_2640,image_01857.jpg,ood_test,test
flowers102_2641,image_07598.jpg,ood_test,test
flowers102_2642,image_06686.jpg,ood_test,test
flowers102_2643,image_03926.jpg,ood_test,test
flowers102_2644,image_04091.jpg,ood_test,test
flowers102_2645,image_03932.jpg,ood_test,test
flowers102_2646,image_04085.jpg,ood_test,test
flowers102_2647,image_06692.jpg,ood_test,test
flowers102_2648,image_00585.jpg,ood_test,test
flowers102_2649,image_01843.jpg,ood_test,test
flowers102_2650,image_02392.jpg,ood_test,test
flowers102_2651,image_04913.jpg,ood_test,test
flowers102_2652,image_06862.jpg,ood_test,test
flowers102_2653,image_06876.jpg,ood_test,test
flowers102_2654,image_04907.jpg,ood_test,test
flowers102_2655,image_00552.jpg,ood_test,test
flowers102_2656,image_01894.jpg,ood_test,test
flowers102_2657,image_06123.jpg,ood_test,test
flowers102_2658,image_02345.jpg,ood_test,test
flowers102_2659,image_04734.jpg,ood_test,test
flowers102_2660,image_04052.jpg,ood_test,test
flowers102_2661,image_02423.jpg,ood_test,test
flowers102_2662,image_06645.jpg,ood_test,test
flowers102_2663,image_00234.jpg,ood_test,test
flowers102_2664,image_06651.jpg,ood_test,test
flowers102_2665,image_06889.jpg,ood_test,test
flowers102_2666,image_00220.jpg,ood_test,test
flowers102_2667,image_03729.jpg,ood_test,test
flowers102_2668,image_04046.jpg,ood_test,test
flowers102_2669,image_05358.jpg,ood_test,test
flowers102_2670,image_02437.jpg,ood_test,test
flowers102_2671,image_02351.jpg,ood_test,test
flowers102_2672,image_04720.jpg,ood_test,test
flowers102_2673,image_00546.jpg,ood_test,test
flowers102_2674,image_07229.jpg,ood_test,test
flowers102_2675,image_01880.jpg,ood_test,test
flowers102_2676,image_06137.jpg,ood_test,test
flowers102_2677,image_01658.jpg,ood_test,test
flowers102_2678,image_02379.jpg,ood_test,test
flowers102_2679,image_05416.jpg,ood_test,test
flowers102_2680,image_04708.jpg,ood_test,test
flowers102_2681,image_03067.jpg,ood_test,test
flowers102_2682,image_08132.jpg,ood_test,test
flowers102_2683,image_07201.jpg,ood_test,test
flowers102_2684,image_01670.jpg,ood_test,test
flowers102_2685,image_01116.jpg,ood_test,test
flowers102_2686,image_06679.jpg,ood_test,test
flowers102_2687,image_07567.jpg,ood_test,test
flowers102_2688,image_00208.jpg,ood_test,test
flowers102_2689,image_03701.jpg,ood_test,test
flowers102_2690,image_05370.jpg,ood_test,test
flowers102_2691,image_03715.jpg,ood_test,test
flowers102_2692,image_05364.jpg,ood_test,test
flowers102_2693,image_01102.jpg,ood_test,test
flowers102_2694,image_07573.jpg,ood_test,test
flowers102_2695,image_08126.jpg,ood_test,test
flowers102_2696,image_07215.jpg,ood_test,test
flowers102_2697,image_01664.jpg,ood_test,test
flowers102_2698,image_05402.jpg,ood_test,test
flowers102_2699,image_03073.jpg,ood_test,test
flowers102_2700,image_04683.jpg,ood_test,test
flowers102_2701,image_01923.jpg,ood_test,test
flowers102_2702,image_06094.jpg,ood_test,test
flowers102_2703,image_00383.jpg,ood_test,test
flowers102_2704,image_02594.jpg,ood_test,test
flowers102_2705,image_03852.jpg,ood_test,test
flowers102_2706,image_02580.jpg,ood_test,test
flowers102_2707,image_03846.jpg,ood_test,test
flowers102_2708,image_01089.jpg,ood_test,test
flowers102_2709,image_00397.jpg,ood_test,test
flowers102_2710,image_01937.jpg,ood_test,test
flowers102_2711,image_06080.jpg,ood_test,test
flowers102_2712,image_05589.jpg,ood_test,test
flowers102_2713,image_04697.jpg,ood_test,test
flowers102_2714,image_08085.jpg,ood_test,test
flowers102_2715,image_04867.jpg,ood_test,test
flowers102_2716,image_06916.jpg,ood_test,test
flowers102_2717,image_06902.jpg,ood_test,test
flowers102_2718,image_04873.jpg,ood_test,test
flowers102_2719,image_08091.jpg,ood_test,test
flowers102_2720,image_01738.jpg,ood_test,test
flowers102_2721,image_06057.jpg,ood_test,test
flowers102_2722,image_07349.jpg,ood_test,test
flowers102_2723,image_00426.jpg,ood_test,test
flowers102_2724,image_04640.jpg,ood_test,test
flowers102_2725,image_02231.jpg,ood_test,test
flowers102_2726,image_04898.jpg,ood_test,test
flowers102_2727,image_02557.jpg,ood_test,test
flowers102_2728,image_03891.jpg,ood_test,test
flowers102_2729,image_05238.jpg,ood_test,test
flowers102_2730,image_04126.jpg,ood_test,test
flowers102_2731,image_03649.jpg,ood_test,test
flowers102_2732,image_00340.jpg,ood_test,test
flowers102_2733,image_06731.jpg,ood_test,test
flowers102_2734,image_00354.jpg,ood_test,test
flowers102_2735,image_06725.jpg,ood_test,test
flowers102_2736,image_02543.jpg,ood_test,test
flowers102_2737,image_03885.jpg,ood_test,test
flowers102_2738,image_04132.jpg,ood_test,test
flowers102_2739,image_04654.jpg,ood_test,test
flowers102_2740,image_02225.jpg,ood_test,test
flowers102_2741,image_06043.jpg,ood_test,test
flowers102_2742,image_00432.jpg,ood_test,test
flowers102_2743,image_03113.jpg,ood_test,test
flowers102_2744,image_05562.jpg,ood_test,test
flowers102_2745,image_01704.jpg,ood_test,test
flowers102_2746,image_08046.jpg,ood_test,test
flowers102_2747,image_07375.jpg,ood_test,test
flowers102_2748,image_07413.jpg,ood_test,test
flowers102_2749,image_01062.jpg,ood_test,test
flowers102_2750,image_05204.jpg,ood_test,test
flowers102_2751,image_03675.jpg,ood_test,test
flowers102_2752,image_05210.jpg,ood_test,test
flowers102_2753,image_03661.jpg,ood_test,test
flowers102_2754,image_00368.jpg,ood_test,test
flowers102_2755,image_07407.jpg,ood_test,test
flowers102_2756,image_06719.jpg,ood_test,test
flowers102_2757,image_01076.jpg,ood_test,test
flowers102_2758,image_01710.jpg,ood_test,test
flowers102_2759,image_08052.jpg,ood_test,test
flowers102_2760,image_07361.jpg,ood_test,test
flowers102_2761,image_03107.jpg,ood_test,test
flowers102_2762,image_04668.jpg,ood_test,test
flowers102_2763,image_05576.jpg,ood_test,test
flowers102_2764,image_02219.jpg,ood_test,test
flowers102_2765,image_02796.jpg,ood_test,test
flowers102_2766,image_03488.jpg,ood_test,test
flowers102_2767,image_00181.jpg,ood_test,test
flowers102_2768,image_07836.jpg,ood_test,test
flowers102_2769,image_06296.jpg,ood_test,test
flowers102_2770,image_07188.jpg,ood_test,test
flowers102_2771,image_04481.jpg,ood_test,test
flowers102_2772,image_05947.jpg,ood_test,test
flowers102_2773,image_04495.jpg,ood_test,test
flowers102_2774,image_05953.jpg,ood_test,test
flowers102_2775,image_06282.jpg,ood_test,test
flowers102_2776,image_00195.jpg,ood_test,test
flowers102_2777,image_07822.jpg,ood_test,test
flowers102_2778,image_02782.jpg,ood_test,test
flowers102_2779,image_02972.jpg,ood_test,test
flowers102_2780,image_00803.jpg,ood_test,test
flowers102_2781,image_00817.jpg,ood_test,test
flowers102_2782,image_02966.jpg,ood_test,test
flowers102_2783,image_06533.jpg,ood_test,test
flowers102_2784,image_00142.jpg,ood_test,test
flowers102_2785,image_04324.jpg,ood_test,test
flowers102_2786,image_02755.jpg,ood_test,test
flowers102_2787,image_02033.jpg,ood_test,test
flowers102_2788,image_04442.jpg,ood_test,test
flowers102_2789,image_05984.jpg,ood_test,test
flowers102_2790,image_00624.jpg,ood_test,test
flowers102_2791,image_06255.jpg,ood_test,test
flowers102_2792,image_00630.jpg,ood_test,test
flowers102_2793,image_06241.jpg,ood_test,test
flowers102_2794,image_02027.jpg,ood_test,test
flowers102_2795,image_05748.jpg,ood_test,test
flowers102_2796,image_04456.jpg,ood_test,test
flowers102_2797,image_05990.jpg,ood_test,test
flowers102_2798,image_03339.jpg,ood_test,test
flowers102_2799,image_04330.jpg,ood_test,test
flowers102_2800,image_02999.jpg,ood_test,test
flowers102_2801,image_02741.jpg,ood_test,test
flowers102_2802,image_01248.jpg,ood_test,test
flowers102_2803,image_06527.jpg,ood_test,test
flowers102_2804,image_07639.jpg,ood_test,test
flowers102_2805,image_00156.jpg,ood_test,test
flowers102_2806,image_03477.jpg,ood_test,test
flowers102_2807,image_04318.jpg,ood_test,test
flowers102_2808,image_05006.jpg,ood_test,test
flowers102_2809,image_02769.jpg,ood_test,test
flowers102_2810,image_01260.jpg,ood_test,test
flowers102_2811,image_07611.jpg,ood_test,test
flowers102_2812,image_00618.jpg,ood_test,test
flowers102_2813,image_07177.jpg,ood_test,test
flowers102_2814,image_06269.jpg,ood_test,test
flowers102_2815,image_01506.jpg,ood_test,test
flowers102_2816,image_05760.jpg,ood_test,test
flowers102_2817,image_03311.jpg,ood_test,test
flowers102_2818,image_05774.jpg,ood_test,test
flowers102_2819,image_03305.jpg,ood_test,test
flowers102_2820,image_07163.jpg,ood_test,test
flowers102_2821,image_01512.jpg,ood_test,test
flowers102_2822,image_01274.jpg,ood_test,test
flowers102_2823,image_07605.jpg,ood_test,test
flowers102_2824,image_03463.jpg,ood_test,test
flowers102_2825,image_05012.jpg,ood_test,test
flowers102_2826,image_01513.jpg,ood_test,test
flowers102_2827,image_07162.jpg,ood_test,test
flowers102_2828,image_03304.jpg,ood_test,test
flowers102_2829,image_05775.jpg,ood_test,test
flowers102_2830,image_05013.jpg,ood_test,test
flowers102_2831,image_03462.jpg,ood_test,test
flowers102_2832,image_07604.jpg,ood_test,test
flowers102_2833,image_01275.jpg,ood_test,test
flowers102_2834,image_07610.jpg,ood_test,test
flowers102_2835,image_01261.jpg,ood_test,test
flowers102_2836,image_02768.jpg,ood_test,test
flowers102_2837,image_05007.jpg,ood_test,test
flowers102_2838,image_04319.jpg,ood_test,test
flowers102_2839,image_03476.jpg,ood_test,test
flowers102_2840,image_03310.jpg,ood_test,test
flowers102_2841,image_05761.jpg,ood_test,test
flowers102_2842,image_01507.jpg,ood_test,test
flowers102_2843,image_06268.jpg,ood_test,test
flowers102_2844,image_07176.jpg,ood_test,test
flowers102_2845,image_00619.jpg,ood_test,test
flowers102_2846,image_03338.jpg,ood_test,test
flowers102_2847,image_05991.jpg,ood_test,test
flowers102_2848,image_04457.jpg,ood_test,test
flowers102_2849,image_05749.jpg,ood_test,test
flowers102_2850,image_02026.jpg,ood_test,test
flowers102_2851,image_06240.jpg,ood_test,test
flowers102_2852,image_00631.jpg,ood_test,test
flowers102_2853,image_00157.jpg,ood_test,test
flowers102_2854,image_07638.jpg,ood_test,test
flowers102_2855,image_06526.jpg,ood_test,test
flowers102_2856,image_01249.jpg,ood_test,test
flowers102_2857,image_02740.jpg,ood_test,test
flowers102_2858,image_02998.jpg,ood_test,test
flowers102_2859,image_04331.jpg,ood_test,test
flowers102_2860,image_02754.jpg,ood_test,test
flowers102_2861,image_04325.jpg,ood_test,test
flowers102_2862,image_00143.jpg,ood_test,test
flowers102_2863,image_06532.jpg,ood_test,test
flowers102_2864,image_06254.jpg,ood_test,test
flowers102_2865,image_00625.jpg,ood_test,test
flowers102_2866,image_05985.jpg,ood_test,test
flowers102_2867,image_04443.jpg,ood_test,test
flowers102_2868,image_02032.jpg,ood_test,test
flowers102_2869,image_00816.jpg,ood_test,test
flowers102_2870,image_02967.jpg,ood_test,test
flowers102_2871,image_02973.jpg,ood_test,test
flowers102_2872,image_00802.jpg,ood_test,test
flowers102_2873,image_06283.jpg,ood_test,test
flowers102_2874,image_05952.jpg,ood_test,test
flowers102_2875,image_04494.jpg,ood_test,test
flowers102_2876,image_02783.jpg,ood_test,test
flowers102_2877,image_07823.jpg,ood_test,test
flowers102_2878,image_00194.jpg,ood_test,test
flowers102_2879,image_07837.jpg,ood_test,test
flowers102_2880,image_00180.jpg,ood_test,test
flowers102_2881,image_03489.jpg,ood_test,test
flowers102_2882,image_02797.jpg,ood_test,test
flowers102_2883,image_05946.jpg,ood_test,test
flowers102_2884,image_04480.jpg,ood_test,test
flowers102_2885,image_07189.jpg,ood_test,test
flowers102_2886,image_06297.jpg,ood_test,test
flowers102_2887,image_01077.jpg,ood_test,test
flowers102_2888,image_06718.jpg,ood_test,test
flowers102_2889,image_07406.jpg,ood_test,test
flowers102_2890,image_00369.jpg,ood_test,test
flowers102_2891,image_03660.jpg,ood_test,test
flowers102_2892,image_05211.jpg,ood_test,test
flowers102_2893,image_02218.jpg,ood_test,test
flowers102_2894,image_05577.jpg,ood_test,test
flowers102_2895,image_04669.jpg,ood_test,test
flowers102_2896,image_03106.jpg,ood_test,test
flowers102_2897,image_07360.jpg,ood_test,test
flowers102_2898,image_08053.jpg,ood_test,test
flowers102_2899,image_01711.jpg,ood_test,test
flowers102_2900,image_07374.jpg,ood_test,test
flowers102_2901,image_08047.jpg,ood_test,test
flowers102_2902,image_01705.jpg,ood_test,test
flowers102_2903,image_05563.jpg,ood_test,test
flowers102_2904,image_03112.jpg,ood_test,test
flowers102_2905,image_03674.jpg,ood_test,test
flowers102_2906,image_05205.jpg,ood_test,test
flowers102_2907,image_01063.jpg,ood_test,test
flowers102_2908,image_07412.jpg,ood_test,test
flowers102_2909,image_04133.jpg,ood_test,test
flowers102_2910,image_03884.jpg,ood_test,test
flowers102_2911,image_02542.jpg,ood_test,test
flowers102_2912,image_06724.jpg,ood_test,test
flowers102_2913,image_00355.jpg,ood_test,test
flowers102_2914,image_00433.jpg,ood_test,test
flowers102_2915,image_06042.jpg,ood_test,test
flowers102_2916,image_02224.jpg,ood_test,test
flowers102_2917,image_04655.jpg,ood_test,test
flowers102_2918,image_04899.jpg,ood_test,test
flowers102_2919,image_02230.jpg,ood_test,test
flowers102_2920,image_04641.jpg,ood_test,test
flowers102_2921,image_00427.jpg,ood_test,test
flowers102_2922,image_07348.jpg,ood_test,test
flowers102_2923,image_06056.jpg,ood_test,test
flowers102_2924,image_01739.jpg,ood_test,test
flowers102_2925,image_06730.jpg,ood_test,test
flowers102_2926,image_00341.jpg,ood_test,test
flowers102_2927,image_03648.jpg,ood_test,test
flowers102_2928,image_04127.jpg,ood_test,test
flowers102_2929,image_05239.jpg,ood_test,test
flowers102_2930,image_03890.jpg,ood_test,test
flowers102_2931,image_02556.jpg,ood_test,test
flowers102_2932,image_06903.jpg,ood_test,test
flowers102_2933,image_08090.jpg,ood_test,test
flowers102_2934,image_04872.jpg,ood_test,test
flowers102_2935,image_04866.jpg,ood_test,test
flowers102_2936,image_08084.jpg,ood_test,test
flowers102_2937,image_06917.jpg,ood_test,test
flowers102_2938,image_00396.jpg,ood_test,test
flowers102_2939,image_01088.jpg,ood_test,test
flowers102_2940,image_03847.jpg,ood_test,test
flowers102_2941,image_02581.jpg,ood_test,test
flowers102_2942,image_04696.jpg,ood_test,test
flowers102_2943,image_05588.jpg,ood_test,test
flowers102_2944,image_06081.jpg,ood_test,test
flowers102_2945,image_01936.jpg,ood_test,test
flowers102_2946,image_06095.jpg,ood_test,test
flowers102_2947,image_01922.jpg,ood_test,test
flowers102_2948,image_04682.jpg,ood_test,test
flowers102_2949,image_03853.jpg,ood_test,test
flowers102_2950,image_02595.jpg,ood_test,test
flowers102_2951,image_00382.jpg,ood_test,test
flowers102_2952,image_07572.jpg,ood_test,test
flowers102_2953,image_01103.jpg,ood_test,test
flowers102_2954,image_05365.jpg,ood_test,test
flowers102_2955,image_03714.jpg,ood_test,test
flowers102_2956,image_03072.jpg,ood_test,test
flowers102_2957,image_05403.jpg,ood_test,test
flowers102_2958,image_01665.jpg,ood_test,test
flowers102_2959,image_07214.jpg,ood_test,test
flowers102_2960,image_08127.jpg,ood_test,test
flowers102_2961,image_01671.jpg,ood_test,test
flowers102_2962,image_07200.jpg,ood_test,test
flowers102_2963,image_08133.jpg,ood_test,test
flowers102_2964,image_03066.jpg,ood_test,test
flowers102_2965,image_04709.jpg,ood_test,test
flowers102_2966,image_05417.jpg,ood_test,test
flowers102_2967,image_02378.jpg,ood_test,test
flowers102_2968,image_05371.jpg,ood_test,test
flowers102_2969,image_03700.jpg,ood_test,test
flowers102_2970,image_00209.jpg,ood_test,test
flowers102_2971,image_07566.jpg,ood_test,test
flowers102_2972,image_06678.jpg,ood_test,test
flowers102_2973,image_01117.jpg,ood_test,test
flowers102_2974,image_02436.jpg,ood_test,test
flowers102_2975,image_05359.jpg,ood_test,test
flowers102_2976,image_04047.jpg,ood_test,test
flowers102_2977,image_03728.jpg,ood_test,test
flowers102_2978,image_00221.jpg,ood_test,test
flowers102_2979,image_06888.jpg,ood_test,test
flowers102_2980,image_06650.jpg,ood_test,test
flowers102_2981,image_01659.jpg,ood_test,test
flowers102_2982,image_06136.jpg,ood_test,test
flowers102_2983,image_01881.jpg,ood_test,test
flowers102_2984,image_07228.jpg,ood_test,test
flowers102_2985,image_00547.jpg,ood_test,test
flowers102_2986,image_04721.jpg,ood_test,test
flowers102_2987,image_02350.jpg,ood_test,test
flowers102_2988,image_04735.jpg,ood_test,test
flowers102_2989,image_02344.jpg,ood_test,test
flowers102_2990,image_06122.jpg,ood_test,test
flowers102_2991,image_01895.jpg,ood_test,test
flowers102_2992,image_00553.jpg,ood_test,test
flowers102_2993,image_00235.jpg,ood_test,test
flowers102_2994,image_06644.jpg,ood_test,test
flowers102_2995,image_02422.jpg,ood_test,test
flowers102_2996,image_04053.jpg,ood_test,test
flowers102_2997,image_06877.jpg,ood_test,test
flowers102_2998,image_04906.jpg,ood_test,test
flowers102_2999,image_04912.jpg,ood_test,test
flowers102_3000,image_06863.jpg,ood_test,test
flowers102_3001,image_06693.jpg,ood_test,test
flowers102_3002,image_04084.jpg,ood_test,test
flowers102_3003,image_03933.jpg,ood_test,test
flowers102_3004,image_02393.jpg,ood_test,test
flowers102_3005,image_01842.jpg,ood_test,test
flowers102_3006,image_00584.jpg,ood_test,test
flowers102_3007,image_01856.jpg,ood_test,test
flowers102_3008,image_00590.jpg,ood_test,test
flowers102_3009,image_02387.jpg,ood_test,test
flowers102_3010,image_03099.jpg,ood_test,test
flowers102_3011,image_04090.jpg,ood_test,test
flowers102_3012,image_03927.jpg,ood_test,test
flowers102_3013,image_06687.jpg,ood_test,test
flowers102_3014,image_07599.jpg,ood_test,test
flowers102_3015,image_00779.jpg,ood_test,test
flowers102_3016,image_07016.jpg,ood_test,test
flowers102_3017,image_06308.jpg,ood_test,test
flowers102_3018,image_01467.jpg,ood_test,test
flowers102_3019,image_05601.jpg,ood_test,test
flowers102_3020,image_03270.jpg,ood_test,test
flowers102_3021,image_03516.jpg,ood_test,test
flowers102_3022,image_04279.jpg,ood_test,test
flowers102_3023,image_05167.jpg,ood_test,test
flowers102_3024,image_02608.jpg,ood_test,test
flowers102_3025,image_01301.jpg,ood_test,test
flowers102_3026,image_07770.jpg,ood_test,test
flowers102_3027,image_01315.jpg,ood_test,test
flowers102_3028,image_07764.jpg,ood_test,test
flowers102_3029,image_03502.jpg,ood_test,test
flowers102_3030,image_05173.jpg,ood_test,test
flowers102_3031,image_05615.jpg,ood_test,test
flowers102_3032,image_03264.jpg,ood_test,test
flowers102_3033,image_07002.jpg,ood_test,test
flowers102_3034,image_01473.jpg,ood_test,test
flowers102_3035,image_02152.jpg,ood_test,test
flowers102_3036,image_04523.jpg,ood_test,test
flowers102_3037,image_00745.jpg,ood_test,test
flowers102_3038,image_06334.jpg,ood_test,test
flowers102_3039,image_07994.jpg,ood_test,test
flowers102_3040,image_06452.jpg,ood_test,test
flowers102_3041,image_00023.jpg,ood_test,test
flowers102_3042,image_04245.jpg,ood_test,test
flowers102_3043,image_02634.jpg,ood_test,test
flowers102_3044,image_04251.jpg,ood_test,test
flowers102_3045,image_02620.jpg,ood_test,test
flowers102_3046,image_07980.jpg,ood_test,test
flowers102_3047,image_01329.jpg,ood_test,test
flowers102_3048,image_06446.jpg,ood_test,test
flowers102_3049,image_07758.jpg,ood_test,test
flowers102_3050,image_00037.jpg,ood_test,test
flowers102_3051,image_00751.jpg,ood_test,test
flowers102_3052,image_06320.jpg,ood_test,test
flowers102_3053,image_00989.jpg,ood_test,test
flowers102_3054,image_02146.jpg,ood_test,test
flowers102_3055,image_05629.jpg,ood_test,test
flowers102_3056,image_04537.jpg,ood_test,test
flowers102_3057,image_03258.jpg,ood_test,test
flowers102_3058,image_00962.jpg,ood_test,test
flowers102_3059,image_02813.jpg,ood_test,test
flowers102_3060,image_02807.jpg,ood_test,test
flowers102_3061,image_00976.jpg,ood_test,test
flowers102_3062,image_01498.jpg,ood_test,test
flowers102_3063,image_00786.jpg,ood_test,test
flowers102_3064,image_05826.jpg,ood_test,test
flowers102_3065,image_02191.jpg,ood_test,test
flowers102_3066,image_05198.jpg,ood_test,test
flowers102_3067,image_04286.jpg,ood_test,test
flowers102_3068,image_07957.jpg,ood_test,test
flowers102_3069,image_06491.jpg,ood_test,test
flowers102_3070,image_07943.jpg,ood_test,test
flowers102_3071,image_06485.jpg,ood_test,test
flowers102_3072,image_04292.jpg,ood_test,test
flowers102_3073,image_05832.jpg,ood_test,test
flowers102_3074,image_02185.jpg,ood_test,test
flowers102_3075,image_00792.jpg,ood_test,test
flowers102_3076,image_00972.jpg,ood_test,test
flowers102_3077,image_02803.jpg,ood_test,test
flowers102_3078,image_02817.jpg,ood_test,test
flowers102_3079,image_00966.jpg,ood_test,test
flowers102_3080,image_00796.jpg,ood_test,test
flowers102_3081,image_01488.jpg,ood_test,test
flowers102_3082,image_02181.jpg,ood_test,test
flowers102_3083,image_05836.jpg,ood_test,test
flowers102_3084,image_04296.jpg,ood_test,test
flowers102_3085,image_05188.jpg,ood_test,test
flowers102_3086,image_07947.jpg,ood_test,test
flowers102_3087,image_06481.jpg,ood_test,test
flowers102_3088,image_07953.jpg,ood_test,test
flowers102_3089,image_06495.jpg,ood_test,test
flowers102_3090,image_04282.jpg,ood_test,test
flowers102_3091,image_02195.jpg,ood_test,test
flowers102_3092,image_05822.jpg,ood_test,test
flowers102_3093,image_00782.jpg,ood_test,test
flowers102_3094,image_06318.jpg,ood_test,test
flowers102_3095,image_01477.jpg,ood_test,test
flowers102_3096,image_00769.jpg,ood_test,test
flowers102_3097,image_07006.jpg,ood_test,test
flowers102_3098,image_03260.jpg,ood_test,test
flowers102_3099,image_05611.jpg,ood_test,test
flowers102_3100,image_05177.jpg,ood_test,test
flowers102_3101,image_02618.jpg,ood_test,test
flowers102_3102,image_03506.jpg,ood_test,test
flowers102_3103,image_04269.jpg,ood_test,test
flowers102_3104,image_07760.jpg,ood_test,test
flowers102_3105,image_01311.jpg,ood_test,test
flowers102_3106,image_07774.jpg,ood_test,test
flowers102_3107,image_01305.jpg,ood_test,test
flowers102_3108,image_05163.jpg,ood_test,test
flowers102_3109,image_03512.jpg,ood_test,test
flowers102_3110,image_03274.jpg,ood_test,test
flowers102_3111,image_05605.jpg,ood_test,test
flowers102_3112,image_01463.jpg,ood_test,test
flowers102_3113,image_07012.jpg,ood_test,test
flowers102_3114,image_04533.jpg,ood_test,test
flowers102_3115,image_02142.jpg,ood_test,test
flowers102_3116,image_06324.jpg,ood_test,test
flowers102_3117,image_00755.jpg,ood_test,test
flowers102_3118,image_00033.jpg,ood_test,test
flowers102_3119,image_07984.jpg,ood_test,test
flowers102_3120,image_06442.jpg,ood_test,test
flowers102_3121,image_02624.jpg,ood_test,test
flowers102_3122,image_04255.jpg,ood_test,test
flowers102_3123,image_02630.jpg,ood_test,test
flowers102_3124,image_04241.jpg,ood_test,test
flowers102_3125,image_07748.jpg,ood_test,test
flowers102_3126,image_00027.jpg,ood_test,test
flowers102_3127,image_01339.jpg,ood_test,test
flowers102_3128,image_07990.jpg,ood_test,test
flowers102_3129,image_06456.jpg,ood_test,test
flowers102_3130,image_00999.jpg,ood_test,test
flowers102_3131,image_06330.jpg,ood_test,test
flowers102_3132,image_00741.jpg,ood_test,test
flowers102_3133,image_04527.jpg,ood_test,test
flowers102_3134,image_03248.jpg,ood_test,test
flowers102_3135,image_02156.jpg,ood_test,test
flowers102_3136,image_05639.jpg,ood_test,test
flowers102_3137,image_06867.jpg,ood_test,test
flowers102_3138,image_04916.jpg,ood_test,test
flowers102_3139,image_04902.jpg,ood_test,test
flowers102_3140,image_06873.jpg,ood_test,test
flowers102_3141,image_06683.jpg,ood_test,test
flowers102_3142,image_03923.jpg,ood_test,test
flowers102_3143,image_04094.jpg,ood_test,test
flowers102_3144,image_02383.jpg,ood_test,test
flowers102_3145,image_01852.jpg,ood_test,test
flowers102_3146,image_00594.jpg,ood_test,test
flowers102_3147,image_01846.jpg,ood_test,test
flowers102_3148,image_00580.jpg,ood_test,test
flowers102_3149,image_03089.jpg,ood_test,test
flowers102_3150,image_02397.jpg,ood_test,test
flowers102_3151,image_03937.jpg,ood_test,test
flowers102_3152,image_04080.jpg,ood_test,test
flowers102_3153,image_07589.jpg,ood_test,test
flowers102_3154,image_06697.jpg,ood_test,test
flowers102_3155,image_01113.jpg,ood_test,test
flowers102_3156,image_07562.jpg,ood_test,test
flowers102_3157,image_03704.jpg,ood_test,test
flowers102_3158,image_05375.jpg,ood_test,test
flowers102_3159,image_05413.jpg,ood_test,test
flowers102_3160,image_03062.jpg,ood_test,test
flowers102_3161,image_08137.jpg,ood_test,test
flowers102_3162,image_07204.jpg,ood_test,test
flowers102_3163,image_01675.jpg,ood_test,test
flowers102_3164,image_08123.jpg,ood_test,test
flowers102_3165,image_07210.jpg,ood_test,test
flowers102_3166,image_01661.jpg,ood_test,test
flowers102_3167,image_05407.jpg,ood_test,test
flowers102_3168,image_02368.jpg,ood_test,test
flowers102_3169,image_03076.jpg,ood_test,test
flowers102_3170,image_04719.jpg,ood_test,test
flowers102_3171,image_03710.jpg,ood_test,test
flowers102_3172,image_05361.jpg,ood_test,test
flowers102_3173,image_06668.jpg,ood_test,test
flowers102_3174,image_01107.jpg,ood_test,test
flowers102_3175,image_00219.jpg,ood_test,test
flowers102_3176,image_07576.jpg,ood_test,test
flowers102_3177,image_04057.jpg,ood_test,test
flowers102_3178,image_03738.jpg,ood_test,test
flowers102_3179,image_02426.jpg,ood_test,test
flowers102_3180,image_05349.jpg,ood_test,test
flowers102_3181,image_06640.jpg,ood_test,test
flowers102_3182,image_06898.jpg,ood_test,test
flowers102_3183,image_00231.jpg,ood_test,test
flowers102_3184,image_07238.jpg,ood_test,test
flowers102_3185,image_01891.jpg,ood_test,test
flowers102_3186,image_00557.jpg,ood_test,test
flowers102_3187,image_01649.jpg,ood_test,test
flowers102_3188,image_06126.jpg,ood_test,test
flowers102_3189,image_02340.jpg,ood_test,test
flowers102_3190,image_04731.jpg,ood_test,test
flowers102_3191,image_02354.jpg,ood_test,test
flowers102_3192,image_04725.jpg,ood_test,test
flowers102_3193,image_01885.jpg,ood_test,test
flowers102_3194,image_00543.jpg,ood_test,test
flowers102_3195,image_06132.jpg,ood_test,test
flowers102_3196,image_06654.jpg,ood_test,test
flowers102_3197,image_00225.jpg,ood_test,test
flowers102_3198,image_04043.jpg,ood_test,test
flowers102_3199,image_02432.jpg,ood_test,test
flowers102_3200,image_06913.jpg,ood_test,test
flowers102_3201,image_08080.jpg,ood_test,test
flowers102_3202,image_04862.jpg,ood_test,test
flowers102_3203,image_04876.jpg,ood_test,test
flowers102_3204,image_08094.jpg,ood_test,test
flowers102_3205,image_06907.jpg,ood_test,test
flowers102_3206,image_01098.jpg,ood_test,test
flowers102_3207,image_00386.jpg,ood_test,test
flowers102_3208,image_03857.jpg,ood_test,test
flowers102_3209,image_02591.jpg,ood_test,test
flowers102_3210,image_05598.jpg,ood_test,test
flowers102_3211,image_04686.jpg,ood_test,test
flowers102_3212,image_01926.jpg,ood_test,test
flowers102_3213,image_06091.jpg,ood_test,test
flowers102_3214,image_01932.jpg,ood_test,test
flowers102_3215,image_06085.jpg,ood_test,test
flowers102_3216,image_04692.jpg,ood_test,test
flowers102_3217,image_03843.jpg,ood_test,test
flowers102_3218,image_02585.jpg,ood_test,test
flowers102_3219,image_00392.jpg,ood_test,test
flowers102_3220,image_07416.jpg,ood_test,test
flowers102_3221,image_00379.jpg,ood_test,test
flowers102_3222,image_01067.jpg,ood_test,test
flowers102_3223,image_06708.jpg,ood_test,test
flowers102_3224,image_05201.jpg,ood_test,test
flowers102_3225,image_03670.jpg,ood_test,test
flowers102_3226,image_04679.jpg,ood_test,test
flowers102_3227,image_03116.jpg,ood_test,test
flowers102_3228,image_02208.jpg,ood_test,test
flowers102_3229,image_05567.jpg,ood_test,test
flowers102_3230,image_01701.jpg,ood_test,test
flowers102_3231,image_08043.jpg,ood_test,test
flowers102_3232,image_07370.jpg,ood_test,test
flowers102_3233,image_01715.jpg,ood_test,test
flowers102_3234,image_08057.jpg,ood_test,test
flowers102_3235,image_07364.jpg,ood_test,test
flowers102_3236,image_03102.jpg,ood_test,test
flowers102_3237,image_05573.jpg,ood_test,test
flowers102_3238,image_05215.jpg,ood_test,test
flowers102_3239,image_03664.jpg,ood_test,test
flowers102_3240,image_07402.jpg,ood_test,test
flowers102_3241,image_01073.jpg,ood_test,test
flowers102_3242,image_03894.jpg,ood_test,test
flowers102_3243,image_02552.jpg,ood_test,test
flowers102_3244,image_04123.jpg,ood_test,test
flowers102_3245,image_00345.jpg,ood_test,test
flowers102_3246,image_06734.jpg,ood_test,test
flowers102_3247,image_06052.jpg,ood_test,test
flowers102_3248,image_00423.jpg,ood_test,test
flowers102_3249,image_04645.jpg,ood_test,test
flowers102_3250,image_02234.jpg,ood_test,test
flowers102_3251,image_04651.jpg,ood_test,test
flowers102_3252,image_02220.jpg,ood_test,test
flowers102_3253,image_04889.jpg,ood_test,test
flowers102_3254,image_06046.jpg,ood_test,test
flowers102_3255,image_01729.jpg,ood_test,test
flowers102_3256,image_00437.jpg,ood_test,test
flowers102_3257,image_07358.jpg,ood_test,test
flowers102_3258,image_00351.jpg,ood_test,test
flowers102_3259,image_06720.jpg,ood_test,test
flowers102_3260,image_03880.jpg,ood_test,test
flowers102_3261,image_05229.jpg,ood_test,test
flowers102_3262,image_02546.jpg,ood_test,test
flowers102_3263,image_03658.jpg,ood_test,test
flowers102_3264,image_04137.jpg,ood_test,test
flowers102_3265,image_00806.jpg,ood_test,test
flowers102_3266,image_02977.jpg,ood_test,test
flowers102_3267,image_02963.jpg,ood_test,test
flowers102_3268,image_00812.jpg,ood_test,test
flowers102_3269,image_06293.jpg,ood_test,test
flowers102_3270,image_05942.jpg,ood_test,test
flowers102_3271,image_04484.jpg,ood_test,test
flowers102_3272,image_02793.jpg,ood_test,test
flowers102_3273,image_00184.jpg,ood_test,test
flowers102_3274,image_07833.jpg,ood_test,test
flowers102_3275,image_00190.jpg,ood_test,test
flowers102_3276,image_07827.jpg,ood_test,test
flowers102_3277,image_02787.jpg,ood_test,test
flowers102_3278,image_03499.jpg,ood_test,test
flowers102_3279,image_05956.jpg,ood_test,test
flowers102_3280,image_04490.jpg,ood_test,test
flowers102_3281,image_06287.jpg,ood_test,test
flowers102_3282,image_07199.jpg,ood_test,test
flowers102_3283,image_07172.jpg,ood_test,test
flowers102_3284,image_01503.jpg,ood_test,test
flowers102_3285,image_05765.jpg,ood_test,test
flowers102_3286,image_03314.jpg,ood_test,test
flowers102_3287,image_03472.jpg,ood_test,test
flowers102_3288,image_05003.jpg,ood_test,test
flowers102_3289,image_01265.jpg,ood_test,test
flowers102_3290,image_07614.jpg,ood_test,test
flowers102_3291,image_01271.jpg,ood_test,test
flowers102_3292,image_07600.jpg,ood_test,test
flowers102_3293,image_04309.jpg,ood_test,test
flowers102_3294,image_03466.jpg,ood_test,test
flowers102_3295,image_02778.jpg,ood_test,test
flowers102_3296,image_05017.jpg,ood_test,test
flowers102_3297,image_05771.jpg,ood_test,test
flowers102_3298,image_03300.jpg,ood_test,test
flowers102_3299,image_07166.jpg,ood_test,test
flowers102_3300,image_00609.jpg,ood_test,test
flowers102_3301,image_01517.jpg,ood_test,test
flowers102_3302,image_06278.jpg,ood_test,test
flowers102_3303,image_05759.jpg,ood_test,test
flowers102_3304,image_02036.jpg,ood_test,test
flowers102_3305,image_05981.jpg,ood_test,test
flowers102_3306,image_03328.jpg,ood_test,test
flowers102_3307,image_04447.jpg,ood_test,test
flowers102_3308,image_00621.jpg,ood_test,test
flowers102_3309,image_06250.jpg,ood_test,test
flowers102_3310,image_06536.jpg,ood_test,test
flowers102_3311,image_01259.jpg,ood_test,test
flowers102_3312,image_00147.jpg,ood_test,test
flowers102_3313,image_07628.jpg,ood_test,test
flowers102_3314,image_04321.jpg,ood_test,test
flowers102_3315,image_02988.jpg,ood_test,test
flowers102_3316,image_02750.jpg,ood_test,test
flowers102_3317,image_04335.jpg,ood_test,test
flowers102_3318,image_02744.jpg,ood_test,test
flowers102_3319,image_06522.jpg,ood_test,test
flowers102_3320,image_00153.jpg,ood_test,test
flowers102_3321,image_00635.jpg,ood_test,test
flowers102_3322,image_06244.jpg,ood_test,test
flowers102_3323,image_02022.jpg,ood_test,test
flowers102_3324,image_05995.jpg,ood_test,test
flowers102_3325,image_04453.jpg,ood_test,test
flowers102_3326,image_00152.jpg,ood_test,test
flowers102_3327,image_06523.jpg,ood_test,test
flowers102_3328,image_02745.jpg,ood_test,test
flowers102_3329,image_04334.jpg,ood_test,test
flowers102_3330,image_04452.jpg,ood_test,test
flowers102_3331,image_05994.jpg,ood_test,test
flowers102_3332,image_02023.jpg,ood_test,test
flowers102_3333,image_06245.jpg,ood_test,test
flowers102_3334,image_00634.jpg,ood_test,test
flowers102_3335,image_06251.jpg,ood_test,test
flowers102_3336,image_00620.jpg,ood_test,test
flowers102_3337,image_04446.jpg,ood_test,test
flowers102_3338,image_03329.jpg,ood_test,test
flowers102_3339,image_05980.jpg,ood_test,test
flowers102_3340,image_02037.jpg,ood_test,test
flowers102_3341,image_05758.jpg,ood_test,test
flowers102_3342,image_02751.jpg,ood_test,test
flowers102_3343,image_02989.jpg,ood_test,test
flowers102_3344,image_04320.jpg,ood_test,test
flowers102_3345,image_07629.jpg,ood_test,test
flowers102_3346,image_00146.jpg,ood_test,test
flowers102_3347,image_01258.jpg,ood_test,test
flowers102_3348,image_06537.jpg,ood_test,test
flowers102_3349,image_05016.jpg,ood_test,test
flowers102_3350,image_02779.jpg,ood_test,test
flowers102_3351,image_03467.jpg,ood_test,test
flowers102_3352,image_04308.jpg,ood_test,test
flowers102_3353,image_07601.jpg,ood_test,test
flowers102_3354,image_01270.jpg,ood_test,test
flowers102_3355,image_06279.jpg,ood_test,test
flowers102_3356,image_01516.jpg,ood_test,test
flowers102_3357,image_00608.jpg,ood_test,test
flowers102_3358,image_07167.jpg,ood_test,test
flowers102_3359,image_03301.jpg,ood_test,test
flowers102_3360,image_05770.jpg,ood_test,test
flowers102_3361,image_03315.jpg,ood_test,test
flowers102_3362,image_05764.jpg,ood_test,test
flowers102_3363,image_01502.jpg,ood_test,test
flowers102_3364,image_07173.jpg,ood_test,test
flowers102_3365,image_07615.jpg,ood_test,test
flowers102_3366,image_01264.jpg,ood_test,test
flowers102_3367,image_05002.jpg,ood_test,test
flowers102_3368,image_03473.jpg,ood_test,test
flowers102_3369,image_03498.jpg,ood_test,test
flowers102_3370,image_02786.jpg,ood_test,test
flowers102_3371,image_07826.jpg,ood_test,test
flowers102_3372,image_00191.jpg,ood_test,test
flowers102_3373,image_07198.jpg,ood_test,test
flowers102_3374,image_06286.jpg,ood_test,test
flowers102_3375,image_04491.jpg,ood_test,test
flowers102_3376,image_05957.jpg,ood_test,test
flowers102_3377,image_04485.jpg,ood_test,test
flowers102_3378,image_05943.jpg,ood_test,test
flowers102_3379,image_06292.jpg,ood_test,test
flowers102_3380,image_07832.jpg,ood_test,test
flowers102_3381,image_00185.jpg,ood_test,test
flowers102_3382,image_02792.jpg,ood_test,test
flowers102_3383,image_02962.jpg,ood_test,test
flowers102_3384,image_00813.jpg,ood_test,test
flowers102_3385,image_00807.jpg,ood_test,test
flowers102_3386,image_02976.jpg,ood_test,test
flowers102_3387,image_07359.jpg,ood_test,test
flowers102_3388,image_00436.jpg,ood_test,test
flowers102_3389,image_01728.jpg,ood_test,test
flowers102_3390,image_06047.jpg,ood_test,test
flowers102_3391,image_04888.jpg,ood_test,test
flowers102_3392,image_02221.jpg,ood_test,test
flowers102_3393,image_04650.jpg,ood_test,test
flowers102_3394,image_04136.jpg,ood_test,test
flowers102_3395,image_03659.jpg,ood_test,test
flowers102_3396,image_02547.jpg,ood_test,test
flowers102_3397,image_05228.jpg,ood_test,test
flowers102_3398,image_03881.jpg,ood_test,test
flowers102_3399,image_06721.jpg,ood_test,test
flowers102_3400,image_00350.jpg,ood_test,test
flowers102_3401,image_06735.jpg,ood_test,test
flowers102_3402,image_00344.jpg,ood_test,test
flowers102_3403,image_04122.jpg,ood_test,test
flowers102_3404,image_02553.jpg,ood_test,test
flowers102_3405,image_03895.jpg,ood_test,test
flowers102_3406,image_02235.jpg,ood_test,test
flowers102_3407,image_04644.jpg,ood_test,test
flowers102_3408,image_00422.jpg,ood_test,test
flowers102_3409,image_06053.jpg,ood_test,test
flowers102_3410,image_05572.jpg,ood_test,test
flowers102_3411,image_03103.jpg,ood_test,test
flowers102_3412,image_07365.jpg,ood_test,test
flowers102_3413,image_08056.jpg,ood_test,test
flowers102_3414,image_01714.jpg,ood_test,test
flowers102_3415,image_01072.jpg,ood_test,test
flowers102_3416,image_07403.jpg,ood_test,test
flowers102_3417,image_03665.jpg,ood_test,test
flowers102_3418,image_05214.jpg,ood_test,test
flowers102_3419,image_03671.jpg,ood_test,test
flowers102_3420,image_05200.jpg,ood_test,test
flowers102_3421,image_06709.jpg,ood_test,test
flowers102_3422,image_01066.jpg,ood_test,test
flowers102_3423,image_00378.jpg,ood_test,test
flowers102_3424,image_07417.jpg,ood_test,test
flowers102_3425,image_07371.jpg,ood_test,test
flowers102_3426,image_08042.jpg,ood_test,test
flowers102_3427,image_01700.jpg,ood_test,test
flowers102_3428,image_05566.jpg,ood_test,test
flowers102_3429,image_02209.jpg,ood_test,test
flowers102_3430,image_03117.jpg,ood_test,test
flowers102_3431,image_04678.jpg,ood_test,test
flowers102_3432,image_04693.jpg,ood_test,test
flowers102_3433,image_06084.jpg,ood_test,test
flowers102_3434,image_01933.jpg,ood_test,test
flowers102_3435,image_00393.jpg,ood_test,test
flowers102_3436,image_02584.jpg,ood_test,test
flowers102_3437,image_03842.jpg,ood_test,test
flowers102_3438,image_02590.jpg,ood_test,test
flowers102_3439,image_03856.jpg,ood_test,test
flowers102_3440,image_00387.jpg,ood_test,test
flowers102_3441,image_01099.jpg,ood_test,test
flowers102_3442,image_06090.jpg,ood_test,test
flowers102_3443,image_01927.jpg,ood_test,test
flowers102_3444,image_04687.jpg,ood_test,test
flowers102_3445,image_05599.jpg,ood_test,test
flowers102_3446,image_08095.jpg,ood_test,test
flowers102_3447,image_04877.jpg,ood_test,test
flowers102_3448,image_06906.jpg,ood_test,test
flowers102_3449,image_06912.jpg,ood_test,test
flowers102_3450,image_04863.jpg,ood_test,test
flowers102_3451,image_08081.jpg,ood_test,test
flowers102_3452,image_06133.jpg,ood_test,test
flowers102_3453,image_00542.jpg,ood_test,test
flowers102_3454,image_01884.jpg,ood_test,test
flowers102_3455,image_04724.jpg,ood_test,test
flowers102_3456,image_02355.jpg,ood_test,test
flowers102_3457,image_02433.jpg,ood_test,test
flowers102_3458,image_04042.jpg,ood_test,test
flowers102_3459,image_00224.jpg,ood_test,test
flowers102_3460,image_06655.jpg,ood_test,test
flowers102_3461,image_00230.jpg,ood_test,test
flowers102_3462,image_06899.jpg,ood_test,test
flowers102_3463,image_06641.jpg,ood_test,test
flowers102_3464,image_05348.jpg,ood_test,test
flowers102_3465,image_02427.jpg,ood_test,test
flowers102_3466,image_03739.jpg,ood_test,test
flowers102_3467,image_04056.jpg,ood_test,test
flowers102_3468,image_04730.jpg,ood_test,test
flowers102_3469,image_02341.jpg,ood_test,test
flowers102_3470,image_06127.jpg,ood_test,test
flowers102_3471,image_01648.jpg,ood_test,test
flowers102_3472,image_00556.jpg,ood_test,test
flowers102_3473,image_01890.jpg,ood_test,test
flowers102_3474,image_07239.jpg,ood_test,test
flowers102_3475,image_04718.jpg,ood_test,test
flowers102_3476,image_03077.jpg,ood_test,test
flowers102_3477,image_02369.jpg,ood_test,test
flowers102_3478,image_05406.jpg,ood_test,test
flowers102_3479,image_01660.jpg,ood_test,test
flowers102_3480,image_07211.jpg,ood_test,test
flowers102_3481,image_08122.jpg,ood_test,test
flowers102_3482,image_07577.jpg,ood_test,test
flowers102_3483,image_00218.jpg,ood_test,test
flowers102_3484,image_01106.jpg,ood_test,test
flowers102_3485,image_06669.jpg,ood_test,test
flowers102_3486,image_05360.jpg,ood_test,test
flowers102_3487,image_03711.jpg,ood_test,test
flowers102_3488,image_05374.jpg,ood_test,test
flowers102_3489,image_03705.jpg,ood_test,test
flowers102_3490,image_07563.jpg,ood_test,test
flowers102_3491,image_01112.jpg,ood_test,test
flowers102_3492,image_01674.jpg,ood_test,test
flowers102_3493,image_07205.jpg,ood_test,test
flowers102_3494,image_08136.jpg,ood_test,test
flowers102_3495,image_03063.jpg,ood_test,test
flowers102_3496,image_05412.jpg,ood_test,test
flowers102_3497,image_02396.jpg,ood_test,test
flowers102_3498,image_03088.jpg,ood_test,test
flowers102_3499,image_00581.jpg,ood_test,test
flowers102_3500,image_01847.jpg,ood_test,test
flowers102_3501,image_06696.jpg,ood_test,test
flowers102_3502,image_07588.jpg,ood_test,test
flowers102_3503,image_04081.jpg,ood_test,test
flowers102_3504,image_03936.jpg,ood_test,test
flowers102_3505,image_04095.jpg,ood_test,test
flowers102_3506,image_03922.jpg,ood_test,test
flowers102_3507,image_06682.jpg,ood_test,test
flowers102_3508,image_00595.jpg,ood_test,test
flowers102_3509,image_01853.jpg,ood_test,test
flowers102_3510,image_02382.jpg,ood_test,test
flowers102_3511,image_04903.jpg,ood_test,test
flowers102_3512,image_06872.jpg,ood_test,test
flowers102_3513,image_06866.jpg,ood_test,test
flowers102_3514,image_04917.jpg,ood_test,test
flowers102_3515,image_06457.jpg,ood_test,test
flowers102_3516,image_07991.jpg,ood_test,test
flowers102_3517,image_01338.jpg,ood_test,test
flowers102_3518,image_00026.jpg,ood_test,test
flowers102_3519,image_07749.jpg,ood_test,test
flowers102_3520,image_04240.jpg,ood_test,test
flowers102_3521,image_02631.jpg,ood_test,test
flowers102_3522,image_05638.jpg,ood_test,test
flowers102_3523,image_02157.jpg,ood_test,test
flowers102_3524,image_03249.jpg,ood_test,test
flowers102_3525,image_04526.jpg,ood_test,test
flowers102_3526,image_00740.jpg,ood_test,test
flowers102_3527,image_06331.jpg,ood_test,test
flowers102_3528,image_00998.jpg,ood_test,test
flowers102_3529,image_00754.jpg,ood_test,test
flowers102_3530,image_06325.jpg,ood_test,test
flowers102_3531,image_02143.jpg,ood_test,test
flowers102_3532,image_04532.jpg,ood_test,test
flowers102_3533,image_04254.jpg,ood_test,test
flowers102_3534,image_02625.jpg,ood_test,test
flowers102_3535,image_06443.jpg,ood_test,test
flowers102_3536,image_07985.jpg,ood_test,test
flowers102_3537,image_00032.jpg,ood_test,test
flowers102_3538,image_03513.jpg,ood_test,test
flowers102_3539,image_05162.jpg,ood_test,test
flowers102_3540,image_01304.jpg,ood_test,test
flowers102_3541,image_07775.jpg,ood_test,test
flowers102_3542,image_07013.jpg,ood_test,test
flowers102_3543,image_01462.jpg,ood_test,test
flowers102_3544,image_05604.jpg,ood_test,test
flowers102_3545,image_03275.jpg,ood_test,test
flowers102_3546,image_05610.jpg,ood_test,test
flowers102_3547,image_03261.jpg,ood_test,test
flowers102_3548,image_07007.jpg,ood_test,test
flowers102_3549,image_00768.jpg,ood_test,test
flowers102_3550,image_01476.jpg,ood_test,test
flowers102_3551,image_06319.jpg,ood_test,test
flowers102_3552,image_01310.jpg,ood_test,test
flowers102_3553,image_07761.jpg,ood_test,test
flowers102_3554,image_04268.jpg,ood_test,test
flowers102_3555,image_03507.jpg,ood_test,test
flowers102_3556,image_02619.jpg,ood_test,test
flowers102_3557,image_05176.jpg,ood_test,test
flowers102_3558,image_04283.jpg,ood_test,test
flowers102_3559,image_06494.jpg,ood_test,test
flowers102_3560,image_07952.jpg,ood_test,test
flowers102_3561,image_00783.jpg,ood_test,test
flowers102_3562,image_05823.jpg,ood_test,test
flowers102_3563,image_02194.jpg,ood_test,test
flowers102_3564,image_05837.jpg,ood_test,test
flowers102_3565,image_02180.jpg,ood_test,test
flowers102_3566,image_01489.jpg,ood_test,test
flowers102_3567,image_00797.jpg,ood_test,test
flowers102_3568,image_06480.jpg,ood_test,test
flowers102_3569,image_07946.jpg,ood_test,test
flowers102_3570,image_05189.jpg,ood_test,test
flowers102_3571,image_04297.jpg,ood_test,test
flowers102_3572,image_02816.jpg,ood_test,test
flowers102_3573,image_00967.jpg,ood_test,test
flowers102_3574,image_00973.jpg,ood_test,test
flowers102_3575,image_02802.jpg,ood_test,test
flowers102_3576,image_00965.jpg,ood_test,test
flowers102_3577,image_02814.jpg,ood_test,test
flowers102_3578,image_07978.jpg,ood_test,test
flowers102_3579,image_02800.jpg,ood_test,test
flowers102_3580,image_05809.jpg,ood_test,test
flowers102_3581,image_00971.jpg,ood_test,test
flowers102_3582,image_02196.jpg,ood_test,test
flowers102_3583,image_03288.jpg,ood_test,test
flowers102_3584,image_05821.jpg,ood_test,test
flowers102_3585,image_00781.jpg,ood_test,test
flowers102_3586,image_00959.jpg,ood_test,test
flowers102_3587,image_07950.jpg,ood_test,test
flowers102_3588,image_06496.jpg,ood_test,test
flowers102_3589,image_07788.jpg,ood_test,test
flowers102_3590,image_02828.jpg,ood_test,test
flowers102_3591,image_04281.jpg,ood_test,test
flowers102_3592,image_04295.jpg,ood_test,test
flowers102_3593,image_07944.jpg,ood_test,test
flowers102_3594,image_06482.jpg,ood_test,test
flowers102_3595,image_00795.jpg,ood_test,test
flowers102_3596,image_02182.jpg,ood_test,test
flowers102_3597,image_05835.jpg,ood_test,test
flowers102_3598,image_04518.jpg,ood_test,test
flowers102_3599,image_03277.jpg,ood_test,test
flowers102_3600,image_02169.jpg,ood_test,test
flowers102_3601,image_05606.jpg,ood_test,test
flowers102_3602,image_01460.jpg,ood_test,test
flowers102_3603,image_07011.jpg,ood_test,test
flowers102_3604,image_07777.jpg,ood_test,test
flowers102_3605,image_00018.jpg,ood_test,test
flowers102_3606,image_01306.jpg,ood_test,test
flowers102_3607,image_06469.jpg,ood_test,test
flowers102_3608,image_05160.jpg,ood_test,test
flowers102_3609,image_03511.jpg,ood_test,test
flowers102_3610,image_05174.jpg,ood_test,test
flowers102_3611,image_03505.jpg,ood_test,test
flowers102_3612,image_07763.jpg,ood_test,test
flowers102_3613,image_01312.jpg,ood_test,test
flowers102_3614,image_01474.jpg,ood_test,test
flowers102_3615,image_07005.jpg,ood_test,test
flowers102_3616,image_03263.jpg,ood_test,test
flowers102_3617,image_05612.jpg,ood_test,test
flowers102_3618,image_06333.jpg,ood_test,test
flowers102_3619,image_00742.jpg,ood_test,test
flowers102_3620,image_04524.jpg,ood_test,test
flowers102_3621,image_02155.jpg,ood_test,test
flowers102_3622,image_02633.jpg,ood_test,test
flowers102_3623,image_04242.jpg,ood_test,test
flowers102_3624,image_00024.jpg,ood_test,test
flowers102_3625,image_07993.jpg,ood_test,test
flowers102_3626,image_06455.jpg,ood_test,test
flowers102_3627,image_00030.jpg,ood_test,test
flowers102_3628,image_07987.jpg,ood_test,test
flowers102_3629,image_06441.jpg,ood_test,test
flowers102_3630,image_05148.jpg,ood_test,test
flowers102_3631,image_02627.jpg,ood_test,test
flowers102_3632,image_03539.jpg,ood_test,test
flowers102_3633,image_04256.jpg,ood_test,test
flowers102_3634,image_04530.jpg,ood_test,test
flowers102_3635,image_02141.jpg,ood_test,test
flowers102_3636,image_06327.jpg,ood_test,test
flowers102_3637,image_01448.jpg,ood_test,test
flowers102_3638,image_00756.jpg,ood_test,test
flowers102_3639,image_07039.jpg,ood_test,test
flowers102_3640,image_06870.jpg,ood_test,test
flowers102_3641,image_03908.jpg,ood_test,test
flowers102_3642,image_04901.jpg,ood_test,test
flowers102_3643,image_01879.jpg,ood_test,test
flowers102_3644,image_04915.jpg,ood_test,test
flowers102_3645,image_06864.jpg,ood_test,test
flowers102_3646,image_03934.jpg,ood_test,test
flowers102_3647,image_04083.jpg,ood_test,test
flowers102_3648,image_06694.jpg,ood_test,test
flowers102_3649,image_01845.jpg,ood_test,test
flowers102_3650,image_00583.jpg,ood_test,test
flowers102_3651,image_02394.jpg,ood_test,test
flowers102_3652,image_04929.jpg,ood_test,test
flowers102_3653,image_02380.jpg,ood_test,test
flowers102_3654,image_01689.jpg,ood_test,test
flowers102_3655,image_01851.jpg,ood_test,test
flowers102_3656,image_00597.jpg,ood_test,test
flowers102_3657,image_06858.jpg,ood_test,test
flowers102_3658,image_06680.jpg,ood_test,test
flowers102_3659,image_05389.jpg,ood_test,test
flowers102_3660,image_03920.jpg,ood_test,test
flowers102_3661,image_04097.jpg,ood_test,test
flowers102_3662,image_03713.jpg,ood_test,test
flowers102_3663,image_05362.jpg,ood_test,test
flowers102_3664,image_01104.jpg,ood_test,test
flowers102_3665,image_07575.jpg,ood_test,test
flowers102_3666,image_07213.jpg,ood_test,test
flowers102_3667,image_08120.jpg,ood_test,test
flowers102_3668,image_01662.jpg,ood_test,test
flowers102_3669,image_05404.jpg,ood_test,test
flowers102_3670,image_03075.jpg,ood_test,test
flowers102_3671,image_05410.jpg,ood_test,test
flowers102_3672,image_03061.jpg,ood_test,test
flowers102_3673,image_07207.jpg,ood_test,test
flowers102_3674,image_08134.jpg,ood_test,test
flowers102_3675,image_00568.jpg,ood_test,test
flowers102_3676,image_01676.jpg,ood_test,test
flowers102_3677,image_06119.jpg,ood_test,test
flowers102_3678,image_01110.jpg,ood_test,test
flowers102_3679,image_07561.jpg,ood_test,test
flowers102_3680,image_04068.jpg,ood_test,test
flowers102_3681,image_03707.jpg,ood_test,test
flowers102_3682,image_02419.jpg,ood_test,test
flowers102_3683,image_05376.jpg,ood_test,test
flowers102_3684,image_06657.jpg,ood_test,test
flowers102_3685,image_01138.jpg,ood_test,test
flowers102_3686,image_00226.jpg,ood_test,test
flowers102_3687,image_07549.jpg,ood_test,test
flowers102_3688,image_04040.jpg,ood_test,test
flowers102_3689,image_02431.jpg,ood_test,test
flowers102_3690,image_05438.jpg,ood_test,test
flowers102_3691,image_02357.jpg,ood_test,test
flowers102_3692,image_03049.jpg,ood_test,test
flowers102_3693,image_04726.jpg,ood_test,test
flowers102_3694,image_01886.jpg,ood_test,test
flowers102_3695,image_00540.jpg,ood_test,test
flowers102_3696,image_06131.jpg,ood_test,test
flowers102_3697,image_08108.jpg,ood_test,test
flowers102_3698,image_01892.jpg,ood_test,test
flowers102_3699,image_00554.jpg,ood_test,test
flowers102_3700,image_06125.jpg,ood_test,test
flowers102_3701,image_02343.jpg,ood_test,test
flowers102_3702,image_04732.jpg,ood_test,test
flowers102_3703,image_04054.jpg,ood_test,test
flowers102_3704,image_02425.jpg,ood_test,test
flowers102_3705,image_06643.jpg,ood_test,test
flowers102_3706,image_00232.jpg,ood_test,test
flowers102_3707,image_06904.jpg,ood_test,test
flowers102_3708,image_04875.jpg,ood_test,test
flowers102_3709,image_08097.jpg,ood_test,test
flowers102_3710,image_08083.jpg,ood_test,test
flowers102_3711,image_01919.jpg,ood_test,test
flowers102_3712,image_04861.jpg,ood_test,test
flowers102_3713,image_03868.jpg,ood_test,test
flowers102_3714,image_06910.jpg,ood_test,test
flowers102_3715,image_03698.jpg,ood_test,test
flowers102_3716,image_03840.jpg,ood_test,test
flowers102_3717,image_02586.jpg,ood_test,test
flowers102_3718,image_00391.jpg,ood_test,test
flowers102_3719,image_06938.jpg,ood_test,test
flowers102_3720,image_01931.jpg,ood_test,test
flowers102_3721,image_07398.jpg,ood_test,test
flowers102_3722,image_06086.jpg,ood_test,test
flowers102_3723,image_04849.jpg,ood_test,test
flowers102_3724,image_04691.jpg,ood_test,test
flowers102_3725,image_04685.jpg,ood_test,test
flowers102_3726,image_01925.jpg,ood_test,test
flowers102_3727,image_06092.jpg,ood_test,test
flowers102_3728,image_00385.jpg,ood_test,test
flowers102_3729,image_03854.jpg,ood_test,test
flowers102_3730,image_02592.jpg,ood_test,test
flowers102_3731,image_05216.jpg,ood_test,test
flowers102_3732,image_02579.jpg,ood_test,test
flowers102_3733,image_03667.jpg,ood_test,test
flowers102_3734,image_04108.jpg,ood_test,test
flowers102_3735,image_07401.jpg,ood_test,test
flowers102_3736,image_01070.jpg,ood_test,test
flowers102_3737,image_06079.jpg,ood_test,test
flowers102_3738,image_01716.jpg,ood_test,test
flowers102_3739,image_00408.jpg,ood_test,test
flowers102_3740,image_07367.jpg,ood_test,test
flowers102_3741,image_08054.jpg,ood_test,test
flowers102_3742,image_03101.jpg,ood_test,test
flowers102_3743,image_05570.jpg,ood_test,test
flowers102_3744,image_03115.jpg,ood_test,test
flowers102_3745,image_05564.jpg,ood_test,test
flowers102_3746,image_01702.jpg,ood_test,test
flowers102_3747,image_07373.jpg,ood_test,test
flowers102_3748,image_08040.jpg,ood_test,test
flowers102_3749,image_07415.jpg,ood_test,test
flowers102_3750,image_01064.jpg,ood_test,test
flowers102_3751,image_05202.jpg,ood_test,test
flowers102_3752,image_03673.jpg,ood_test,test
flowers102_3753,image_00352.jpg,ood_test,test
flowers102_3754,image_06723.jpg,ood_test,test
flowers102_3755,image_03883.jpg,ood_test,test
flowers102_3756,image_02545.jpg,ood_test,test
flowers102_3757,image_04134.jpg,ood_test,test
flowers102_3758,image_04652.jpg,ood_test,test
flowers102_3759,image_02223.jpg,ood_test,test
flowers102_3760,image_06045.jpg,ood_test,test
flowers102_3761,image_00434.jpg,ood_test,test
flowers102_3762,image_08068.jpg,ood_test,test
flowers102_3763,image_06051.jpg,ood_test,test
flowers102_3764,image_00420.jpg,ood_test,test
flowers102_3765,image_04646.jpg,ood_test,test
flowers102_3766,image_03129.jpg,ood_test,test
flowers102_3767,image_02237.jpg,ood_test,test
flowers102_3768,image_05558.jpg,ood_test,test
flowers102_3769,image_03897.jpg,ood_test,test
flowers102_3770,image_02551.jpg,ood_test,test
flowers102_3771,image_04120.jpg,ood_test,test
flowers102_3772,image_07429.jpg,ood_test,test
flowers102_3773,image_00346.jpg,ood_test,test
flowers102_3774,image_01058.jpg,ood_test,test
flowers102_3775,image_06737.jpg,ood_test,test
flowers102_3776,image_00811.jpg,ood_test,test
flowers102_3777,image_05969.jpg,ood_test,test
flowers102_3778,image_02960.jpg,ood_test,test
flowers102_3779,image_07818.jpg,ood_test,test
flowers102_3780,image_02974.jpg,ood_test,test
flowers102_3781,image_00805.jpg,ood_test,test
flowers102_3782,image_05955.jpg,ood_test,test
flowers102_3783,image_04493.jpg,ood_test,test
flowers102_3784,image_06284.jpg,ood_test,test
flowers102_3785,image_00193.jpg,ood_test,test
flowers102_3786,image_07824.jpg,ood_test,test
flowers102_3787,image_02784.jpg,ood_test,test
flowers102_3788,image_02790.jpg,ood_test,test
flowers102_3789,image_02948.jpg,ood_test,test
flowers102_3790,image_00187.jpg,ood_test,test
flowers102_3791,image_07830.jpg,ood_test,test
flowers102_3792,image_01299.jpg,ood_test,test
flowers102_3793,image_06290.jpg,ood_test,test
flowers102_3794,image_00839.jpg,ood_test,test
flowers102_3795,image_05941.jpg,ood_test,test
flowers102_3796,image_04487.jpg,ood_test,test
flowers102_3797,image_05799.jpg,ood_test,test
flowers102_3798,image_05772.jpg,ood_test,test
flowers102_3799,image_03303.jpg,ood_test,test
flowers102_3800,image_07165.jpg,ood_test,test
flowers102_3801,image_01514.jpg,ood_test,test
flowers102_3802,image_01272.jpg,ood_test,test
flowers102_3803,image_07603.jpg,ood_test,test
flowers102_3804,image_03465.jpg,ood_test,test
flowers102_3805,image_05014.jpg,ood_test,test
flowers102_3806,image_03471.jpg,ood_test,test
flowers102_3807,image_05000.jpg,ood_test,test
flowers102_3808,image_06509.jpg,ood_test,test
flowers102_3809,image_01266.jpg,ood_test,test
flowers102_3810,image_00178.jpg,ood_test,test
flowers102_3811,image_07617.jpg,ood_test,test
flowers102_3812,image_07171.jpg,ood_test,test
flowers102_3813,image_01500.jpg,ood_test,test
flowers102_3814,image_05766.jpg,ood_test,test
flowers102_3815,image_02009.jpg,ood_test,test
flowers102_3816,image_03317.jpg,ood_test,test
flowers102_3817,image_04478.jpg,ood_test,test
flowers102_3818,image_07159.jpg,ood_test,test
flowers102_3819,image_00636.jpg,ood_test,test
flowers102_3820,image_01528.jpg,ood_test,test
flowers102_3821,image_06247.jpg,ood_test,test
flowers102_3822,image_02021.jpg,ood_test,test
flowers102_3823,image_05996.jpg,ood_test,test
flowers102_3824,image_04450.jpg,ood_test,test
flowers102_3825,image_04336.jpg,ood_test,test
flowers102_3826,image_03459.jpg,ood_test,test
flowers102_3827,image_02747.jpg,ood_test,test
flowers102_3828,image_05028.jpg,ood_test,test
flowers102_3829,image_06521.jpg,ood_test,test
flowers102_3830,image_00150.jpg,ood_test,test
flowers102_3831,image_06535.jpg,ood_test,test
flowers102_3832,image_00144.jpg,ood_test,test
flowers102_3833,image_04322.jpg,ood_test,test
flowers102_3834,image_02753.jpg,ood_test,test
flowers102_3835,image_02035.jpg,ood_test,test
flowers102_3836,image_05982.jpg,ood_test,test
flowers102_3837,image_04444.jpg,ood_test,test
flowers102_3838,image_00622.jpg,ood_test,test
flowers102_3839,image_06253.jpg,ood_test,test
flowers102_3840,image_02752.jpg,ood_test,test
flowers102_3841,image_04323.jpg,ood_test,test
flowers102_3842,image_00145.jpg,ood_test,test
flowers102_3843,image_06534.jpg,ood_test,test
flowers102_3844,image_06252.jpg,ood_test,test
flowers102_3845,image_00623.jpg,ood_test,test
flowers102_3846,image_04445.jpg,ood_test,test
flowers102_3847,image_05983.jpg,ood_test,test
flowers102_3848,image_02034.jpg,ood_test,test
flowers102_3849,image_04451.jpg,ood_test,test
flowers102_3850,image_05997.jpg,ood_test,test
flowers102_3851,image_02020.jpg,ood_test,test
flowers102_3852,image_06246.jpg,ood_test,test
flowers102_3853,image_01529.jpg,ood_test,test
flowers102_3854,image_00637.jpg,ood_test,test
flowers102_3855,image_07158.jpg,ood_test,test
flowers102_3856,image_00151.jpg,ood_test,test
flowers102_3857,image_06520.jpg,ood_test,test
flowers102_3858,image_05029.jpg,ood_test,test
flowers102_3859,image_02746.jpg,ood_test,test
flowers102_3860,image_03458.jpg,ood_test,test
flowers102_3861,image_04337.jpg,ood_test,test
flowers102_3862,image_07616.jpg,ood_test,test
flowers102_3863,image_00179.jpg,ood_test,test
flowers102_3864,image_01267.jpg,ood_test,test
flowers102_3865,image_06508.jpg,ood_test,test
flowers102_3866,image_05001.jpg,ood_test,test
flowers102_3867,image_03470.jpg,ood_test,test
flowers102_3868,image_04479.jpg,ood_test,test
flowers102_3869,image_03316.jpg,ood_test,test
flowers102_3870,image_02008.jpg,ood_test,test
flowers102_3871,image_05767.jpg,ood_test,test
flowers102_3872,image_01501.jpg,ood_test,test
flowers102_3873,image_07170.jpg,ood_test,test
flowers102_3874,image_01515.jpg,ood_test,test
flowers102_3875,image_07164.jpg,ood_test,test
flowers102_3876,image_03302.jpg,ood_test,test
flowers102_3877,image_05773.jpg,ood_test,test
flowers102_3878,image_05015.jpg,ood_test,test
flowers102_3879,image_03464.jpg,ood_test,test
flowers102_3880,image_07602.jpg,ood_test,test
flowers102_3881,image_01273.jpg,ood_test,test
flowers102_3882,image_01298.jpg,ood_test,test
flowers102_3883,image_07831.jpg,ood_test,test
flowers102_3884,image_00186.jpg,ood_test,test
flowers102_3885,image_02949.jpg,ood_test,test
flowers102_3886,image_02791.jpg,ood_test,test
flowers102_3887,image_05798.jpg,ood_test,test
flowers102_3888,image_04486.jpg,ood_test,test
flowers102_3889,image_05940.jpg,ood_test,test
flowers102_3890,image_00838.jpg,ood_test,test
flowers102_3891,image_06291.jpg,ood_test,test
flowers102_3892,image_06285.jpg,ood_test,test
flowers102_3893,image_04492.jpg,ood_test,test
flowers102_3894,image_05954.jpg,ood_test,test
flowers102_3895,image_02785.jpg,ood_test,test
flowers102_3896,image_07825.jpg,ood_test,test
flowers102_3897,image_00192.jpg,ood_test,test
flowers102_3898,image_02975.jpg,ood_test,test
flowers102_3899,image_00804.jpg,ood_test,test
flowers102_3900,image_05968.jpg,ood_test,test
flowers102_3901,image_00810.jpg,ood_test,test
flowers102_3902,image_07819.jpg,ood_test,test
flowers102_3903,image_02961.jpg,ood_test,test
flowers102_3904,image_05559.jpg,ood_test,test
flowers102_3905,image_02236.jpg,ood_test,test
flowers102_3906,image_03128.jpg,ood_test,test
flowers102_3907,image_04647.jpg,ood_test,test
flowers102_3908,image_00421.jpg,ood_test,test
flowers102_3909,image_06050.jpg,ood_test,test
flowers102_3910,image_06736.jpg,ood_test,test
flowers102_3911,image_01059.jpg,ood_test,test
flowers102_3912,image_00347.jpg,ood_test,test
flowers102_3913,image_07428.jpg,ood_test,test
flowers102_3914,image_04121.jpg,ood_test,test
flowers102_3915,image_02550.jpg,ood_test,test
flowers102_3916,image_03896.jpg,ood_test,test
flowers102_3917,image_04135.jpg,ood_test,test
flowers102_3918,image_02544.jpg,ood_test,test
flowers102_3919,image_03882.jpg,ood_test,test
flowers102_3920,image_06722.jpg,ood_test,test
flowers102_3921,image_00353.jpg,ood_test,test
flowers102_3922,image_08069.jpg,ood_test,test
flowers102_3923,image_00435.jpg,ood_test,test
flowers102_3924,image_06044.jpg,ood_test,test
flowers102_3925,image_02222.jpg,ood_test,test
flowers102_3926,image_04653.jpg,ood_test,test
flowers102_3927,image_08041.jpg,ood_test,test
flowers102_3928,image_07372.jpg,ood_test,test
flowers102_3929,image_01703.jpg,ood_test,test
flowers102_3930,image_05565.jpg,ood_test,test
flowers102_3931,image_03114.jpg,ood_test,test
flowers102_3932,image_03672.jpg,ood_test,test
flowers102_3933,image_05203.jpg,ood_test,test
flowers102_3934,image_01065.jpg,ood_test,test
flowers102_3935,image_07414.jpg,ood_test,test
flowers102_3936,image_01071.jpg,ood_test,test
flowers102_3937,image_07400.jpg,ood_test,test
flowers102_3938,image_04109.jpg,ood_test,test
flowers102_3939,image_03666.jpg,ood_test,test
flowers102_3940,image_02578.jpg,ood_test,test
flowers102_3941,image_05217.jpg,ood_test,test
flowers102_3942,image_05571.jpg,ood_test,test
flowers102_3943,image_03100.jpg,ood_test,test
flowers102_3944,image_08055.jpg,ood_test,test
flowers102_3945,image_07366.jpg,ood_test,test
flowers102_3946,image_00409.jpg,ood_test,test
flowers102_3947,image_01717.jpg,ood_test,test
flowers102_3948,image_06078.jpg,ood_test,test
flowers102_3949,image_06093.jpg,ood_test,test
flowers102_3950,image_01924.jpg,ood_test,test
flowers102_3951,image_04684.jpg,ood_test,test
flowers102_3952,image_02593.jpg,ood_test,test
flowers102_3953,image_03855.jpg,ood_test,test
flowers102_3954,image_00384.jpg,ood_test,test
flowers102_3955,image_06939.jpg,ood_test,test
flowers102_3956,image_00390.jpg,ood_test,test
flowers102_3957,image_02587.jpg,ood_test,test
flowers102_3958,image_03841.jpg,ood_test,test
flowers102_3959,image_03699.jpg,ood_test,test
flowers102_3960,image_04690.jpg,ood_test,test
flowers102_3961,image_04848.jpg,ood_test,test
flowers102_3962,image_06087.jpg,ood_test,test
flowers102_3963,image_07399.jpg,ood_test,test
flowers102_3964,image_01930.jpg,ood_test,test
flowers102_3965,image_04860.jpg,ood_test,test
flowers102_3966,image_08082.jpg,ood_test,test
flowers102_3967,image_01918.jpg,ood_test,test
flowers102_3968,image_06911.jpg,ood_test,test
flowers102_3969,image_03869.jpg,ood_test,test
flowers102_3970,image_06905.jpg,ood_test,test
flowers102_3971,image_08096.jpg,ood_test,test
flowers102_3972,image_04874.jpg,ood_test,test
flowers102_3973,image_04733.jpg,ood_test,test
flowers102_3974,image_02342.jpg,ood_test,test
flowers102_3975,image_06124.jpg,ood_test,test
flowers102_3976,image_00555.jpg,ood_test,test
flowers102_3977,image_08109.jpg,ood_test,test
flowers102_3978,image_01893.jpg,ood_test,test
flowers102_3979,image_00233.jpg,ood_test,test
flowers102_3980,image_06642.jpg,ood_test,test
flowers102_3981,image_02424.jpg,ood_test,test
flowers102_3982,image_04055.jpg,ood_test,test
flowers102_3983,image_02430.jpg,ood_test,test
flowers102_3984,image_04041.jpg,ood_test,test
flowers102_3985,image_07548.jpg,ood_test,test
flowers102_3986,image_00227.jpg,ood_test,test
flowers102_3987,image_01139.jpg,ood_test,test
flowers102_3988,image_06656.jpg,ood_test,test
flowers102_3989,image_06130.jpg,ood_test,test
flowers102_3990,image_00541.jpg,ood_test,test
flowers102_3991,image_01887.jpg,ood_test,test
flowers102_3992,image_04727.jpg,ood_test,test
flowers102_3993,image_03048.jpg,ood_test,test
flowers102_3994,image_02356.jpg,ood_test,test
flowers102_3995,image_05439.jpg,ood_test,test
flowers102_3996,image_06118.jpg,ood_test,test
flowers102_3997,image_01677.jpg,ood_test,test
flowers102_3998,image_00569.jpg,ood_test,test
flowers102_3999,image_08135.jpg,ood_test,test
flowers102_4000,image_07206.jpg,ood_test,test
flowers102_4001,image_03060.jpg,ood_test,test
flowers102_4002,image_05411.jpg,ood_test,test
flowers102_4003,image_05377.jpg,ood_test,test
flowers102_4004,image_02418.jpg,ood_test,test
flowers102_4005,image_03706.jpg,ood_test,test
flowers102_4006,image_04069.jpg,ood_test,test
flowers102_4007,image_07560.jpg,ood_test,test
flowers102_4008,image_01111.jpg,ood_test,test
flowers102_4009,image_07574.jpg,ood_test,test
flowers102_4010,image_01105.jpg,ood_test,test
flowers102_4011,image_05363.jpg,ood_test,test
flowers102_4012,image_03712.jpg,ood_test,test
flowers102_4013,image_03074.jpg,ood_test,test
flowers102_4014,image_05405.jpg,ood_test,test
flowers102_4015,image_01663.jpg,ood_test,test
flowers102_4016,image_08121.jpg,ood_test,test
flowers102_4017,image_07212.jpg,ood_test,test
flowers102_4018,image_00596.jpg,ood_test,test
flowers102_4019,image_01850.jpg,ood_test,test
flowers102_4020,image_01688.jpg,ood_test,test
flowers102_4021,image_02381.jpg,ood_test,test
flowers102_4022,image_04928.jpg,ood_test,test
flowers102_4023,image_04096.jpg,ood_test,test
flowers102_4024,image_03921.jpg,ood_test,test
flowers102_4025,image_05388.jpg,ood_test,test
flowers102_4026,image_06681.jpg,ood_test,test
flowers102_4027,image_06859.jpg,ood_test,test
flowers102_4028,image_06695.jpg,ood_test,test
flowers102_4029,image_04082.jpg,ood_test,test
flowers102_4030,image_03935.jpg,ood_test,test
flowers102_4031,image_02395.jpg,ood_test,test
flowers102_4032,image_00582.jpg,ood_test,test
flowers102_4033,image_01844.jpg,ood_test,test
flowers102_4034,image_04914.jpg,ood_test,test
flowers102_4035,image_06865.jpg,ood_test,test
flowers102_4036,image_03909.jpg,ood_test,test
flowers102_4037,image_06871.jpg,ood_test,test
flowers102_4038,image_01878.jpg,ood_test,test
flowers102_4039,image_04900.jpg,ood_test,test
flowers102_4040,image_04257.jpg,ood_test,test
flowers102_4041,image_03538.jpg,ood_test,test
flowers102_4042,image_02626.jpg,ood_test,test
flowers102_4043,image_05149.jpg,ood_test,test
flowers102_4044,image_06440.jpg,ood_test,test
flowers102_4045,image_07986.jpg,ood_test,test
flowers102_4046,image_00031.jpg,ood_test,test
flowers102_4047,image_07038.jpg,ood_test,test
flowers102_4048,image_00757.jpg,ood_test,test
flowers102_4049,image_01449.jpg,ood_test,test
flowers102_4050,image_06326.jpg,ood_test,test
flowers102_4051,image_02140.jpg,ood_test,test
flowers102_4052,image_04531.jpg,ood_test,test
flowers102_4053,image_02154.jpg,ood_test,test
flowers102_4054,image_04525.jpg,ood_test,test
flowers102_4055,image_00743.jpg,ood_test,test
flowers102_4056,image_06332.jpg,ood_test,test
flowers102_4057,image_06454.jpg,ood_test,test
flowers102_4058,image_07992.jpg,ood_test,test
flowers102_4059,image_00025.jpg,ood_test,test
flowers102_4060,image_04243.jpg,ood_test,test
flowers102_4061,image_02632.jpg,ood_test,test
flowers102_4062,image_01313.jpg,ood_test,test
flowers102_4063,image_07762.jpg,ood_test,test
flowers102_4064,image_03504.jpg,ood_test,test
flowers102_4065,image_05175.jpg,ood_test,test
flowers102_4066,image_05613.jpg,ood_test,test
flowers102_4067,image_03262.jpg,ood_test,test
flowers102_4068,image_07004.jpg,ood_test,test
flowers102_4069,image_01475.jpg,ood_test,test
flowers102_4070,image_07010.jpg,ood_test,test
flowers102_4071,image_01461.jpg,ood_test,test
flowers102_4072,image_05607.jpg,ood_test,test
flowers102_4073,image_02168.jpg,ood_test,test
flowers102_4074,image_03276.jpg,ood_test,test
flowers102_4075,image_04519.jpg,ood_test,test
flowers102_4076,image_03510.jpg,ood_test,test
flowers102_4077,image_05161.jpg,ood_test,test
flowers102_4078,image_06468.jpg,ood_test,test
flowers102_4079,image_01307.jpg,ood_test,test
flowers102_4080,image_00019.jpg,ood_test,test
flowers102_4081,image_07776.jpg,ood_test,test
flowers102_4082,image_06483.jpg,ood_test,test
flowers102_4083,image_07945.jpg,ood_test,test
flowers102_4084,image_04294.jpg,ood_test,test
flowers102_4085,image_05834.jpg,ood_test,test
flowers102_4086,image_02183.jpg,ood_test,test
flowers102_4087,image_00794.jpg,ood_test,test
flowers102_4088,image_00958.jpg,ood_test,test
flowers102_4089,image_00780.jpg,ood_test,test
flowers102_4090,image_05820.jpg,ood_test,test
flowers102_4091,image_03289.jpg,ood_test,test
flowers102_4092,image_02197.jpg,ood_test,test
flowers102_4093,image_04280.jpg,ood_test,test
flowers102_4094,image_02829.jpg,ood_test,test
flowers102_4095,image_07789.jpg,ood_test,test
flowers102_4096,image_06497.jpg,ood_test,test
flowers102_4097,image_07951.jpg,ood_test,test
flowers102_4098,image_02801.jpg,ood_test,test
flowers102_4099,image_07979.jpg,ood_test,test
flowers102_4100,image_00970.jpg,ood_test,test
flowers102_4101,image_05808.jpg,ood_test,test
flowers102_4102,image_00964.jpg,ood_test,test
flowers102_4103,image_02815.jpg,ood_test,test
flowers102_4104,image_07974.jpg,ood_test,test
flowers102_4105,image_05805.jpg,ood_test,test
flowers102_4106,image_05811.jpg,ood_test,test
flowers102_4107,image_00969.jpg,ood_test,test
flowers102_4108,image_07960.jpg,ood_test,test
flowers102_4109,image_02818.jpg,ood_test,test
flowers102_4110,image_07948.jpg,ood_test,test
flowers102_4111,image_07790.jpg,ood_test,test
flowers102_4112,image_04299.jpg,ood_test,test
flowers102_4113,image_02830.jpg,ood_test,test
flowers102_4114,image_05187.jpg,ood_test,test
flowers102_4115,image_05839.jpg,ood_test,test
flowers102_4116,image_03290.jpg,ood_test,test
flowers102_4117,image_00799.jpg,ood_test,test
flowers102_4118,image_01487.jpg,ood_test,test
flowers102_4119,image_00941.jpg,ood_test,test
flowers102_4120,image_01493.jpg,ood_test,test
flowers102_4121,image_00955.jpg,ood_test,test
flowers102_4122,image_03284.jpg,ood_test,test
flowers102_4123,image_02824.jpg,ood_test,test
flowers102_4124,image_05193.jpg,ood_test,test
flowers102_4125,image_07784.jpg,ood_test,test
flowers102_4126,image_06471.jpg,ood_test,test
flowers102_4127,image_02617.jpg,ood_test,test
flowers102_4128,image_05178.jpg,ood_test,test
flowers102_4129,image_04266.jpg,ood_test,test
flowers102_4130,image_03509.jpg,ood_test,test
flowers102_4131,image_04500.jpg,ood_test,test
flowers102_4132,image_02171.jpg,ood_test,test
flowers102_4133,image_01478.jpg,ood_test,test
flowers102_4134,image_06317.jpg,ood_test,test
flowers102_4135,image_07009.jpg,ood_test,test
flowers102_4136,image_00766.jpg,ood_test,test
flowers102_4137,image_06303.jpg,ood_test,test
flowers102_4138,image_00772.jpg,ood_test,test
flowers102_4139,image_04514.jpg,ood_test,test
flowers102_4140,image_02165.jpg,ood_test,test
flowers102_4141,image_02603.jpg,ood_test,test
flowers102_4142,image_04272.jpg,ood_test,test
flowers102_4143,image_00014.jpg,ood_test,test
flowers102_4144,image_06465.jpg,ood_test,test
flowers102_4145,image_05144.jpg,ood_test,test
flowers102_4146,image_03535.jpg,ood_test,test
flowers102_4147,image_07753.jpg,ood_test,test
flowers102_4148,image_01322.jpg,ood_test,test
flowers102_4149,image_01444.jpg,ood_test,test
flowers102_4150,image_00982.jpg,ood_test,test
flowers102_4151,image_07035.jpg,ood_test,test
flowers102_4152,image_03253.jpg,ood_test,test
flowers102_4153,image_05622.jpg,ood_test,test
flowers102_4154,image_03247.jpg,ood_test,test
flowers102_4155,image_04528.jpg,ood_test,test
flowers102_4156,image_05636.jpg,ood_test,test
flowers102_4157,image_02159.jpg,ood_test,test
flowers102_4158,image_01450.jpg,ood_test,test
flowers102_4159,image_00996.jpg,ood_test,test
flowers102_4160,image_07021.jpg,ood_test,test
flowers102_4161,image_00028.jpg,ood_test,test
flowers102_4162,image_07747.jpg,ood_test,test
flowers102_4163,image_06459.jpg,ood_test,test
flowers102_4164,image_01336.jpg,ood_test,test
flowers102_4165,image_05150.jpg,ood_test,test
flowers102_4166,image_03521.jpg,ood_test,test
flowers102_4167,image_04919.jpg,ood_test,test
flowers102_4168,image_01861.jpg,ood_test,test
flowers102_4169,image_06868.jpg,ood_test,test
flowers102_4170,image_03910.jpg,ood_test,test
flowers102_4171,image_03904.jpg,ood_test,test
flowers102_4172,image_01875.jpg,ood_test,test
flowers102_4173,image_01685.jpg,ood_test,test
flowers102_4174,image_03092.jpg,ood_test,test
flowers102_4175,image_04925.jpg,ood_test,test
flowers102_4176,image_05385.jpg,ood_test,test
flowers102_4177,image_07592.jpg,ood_test,test
flowers102_4178,image_06854.jpg,ood_test,test
flowers102_4179,image_07586.jpg,ood_test,test
flowers102_4180,image_06840.jpg,ood_test,test
flowers102_4181,image_06698.jpg,ood_test,test
flowers102_4182,image_03938.jpg,ood_test,test
flowers102_4183,image_05391.jpg,ood_test,test
flowers102_4184,image_03086.jpg,ood_test,test
flowers102_4185,image_02398.jpg,ood_test,test
flowers102_4186,image_04931.jpg,ood_test,test
flowers102_4187,image_01691.jpg,ood_test,test
flowers102_4188,image_01849.jpg,ood_test,test
flowers102_4189,image_00564.jpg,ood_test,test
flowers102_4190,image_08138.jpg,ood_test,test
flowers102_4191,image_06115.jpg,ood_test,test
flowers102_4192,image_02373.jpg,ood_test,test
flowers102_4193,image_04702.jpg,ood_test,test
flowers102_4194,image_04064.jpg,ood_test,test
flowers102_4195,image_02415.jpg,ood_test,test
flowers102_4196,image_06673.jpg,ood_test,test
flowers102_4197,image_00202.jpg,ood_test,test
flowers102_4198,image_01108.jpg,ood_test,test
flowers102_4199,image_06667.jpg,ood_test,test
flowers102_4200,image_07579.jpg,ood_test,test
flowers102_4201,image_00216.jpg,ood_test,test
flowers102_4202,image_04070.jpg,ood_test,test
flowers102_4203,image_02401.jpg,ood_test,test
flowers102_4204,image_02367.jpg,ood_test,test
flowers102_4205,image_05408.jpg,ood_test,test
flowers102_4206,image_04716.jpg,ood_test,test
flowers102_4207,image_03079.jpg,ood_test,test
flowers102_4208,image_00570.jpg,ood_test,test
flowers102_4209,image_06101.jpg,ood_test,test
flowers102_4210,image_05420.jpg,ood_test,test
flowers102_4211,image_03051.jpg,ood_test,test
flowers102_4212,image_00558.jpg,ood_test,test
flowers102_4213,image_07237.jpg,ood_test,test
flowers102_4214,image_08104.jpg,ood_test,test
flowers102_4215,image_06129.jpg,ood_test,test
flowers102_4216,image_01646.jpg,ood_test,test
flowers102_4217,image_01120.jpg,ood_test,test
flowers102_4218,image_07551.jpg,ood_test,test
flowers102_4219,image_06897.jpg,ood_test,test
flowers102_4220,image_03737.jpg,ood_test,test
flowers102_4221,image_04058.jpg,ood_test,test
flowers102_4222,image_05346.jpg,ood_test,test
flowers102_4223,image_02429.jpg,ood_test,test
flowers102_4224,image_03723.jpg,ood_test,test
flowers102_4225,image_05352.jpg,ood_test,test
flowers102_4226,image_01134.jpg,ood_test,test
flowers102_4227,image_07545.jpg,ood_test,test
flowers102_4228,image_06883.jpg,ood_test,test
flowers102_4229,image_07223.jpg,ood_test,test
flowers102_4230,image_08110.jpg,ood_test,test
flowers102_4231,image_01652.jpg,ood_test,test
flowers102_4232,image_05434.jpg,ood_test,test
flowers102_4233,image_03045.jpg,ood_test,test
flowers102_4234,image_01915.jpg,ood_test,test
flowers102_4235,image_03864.jpg,ood_test,test
flowers102_4236,image_03870.jpg,ood_test,test
flowers102_4237,image_06908.jpg,ood_test,test
flowers102_4238,image_01901.jpg,ood_test,test
flowers102_4239,image_04879.jpg,ood_test,test
flowers102_4240,image_07380.jpg,ood_test,test
flowers102_4241,image_01929.jpg,ood_test,test
flowers102_4242,image_05597.jpg,ood_test,test
flowers102_4243,image_04851.jpg,ood_test,test
flowers102_4244,image_04689.jpg,ood_test,test
flowers102_4245,image_03680.jpg,ood_test,test
flowers102_4246,image_03858.jpg,ood_test,test
flowers102_4247,image_01097.jpg,ood_test,test
flowers102_4248,image_06920.jpg,ood_test,test
flowers102_4249,image_00389.jpg,ood_test,test
flowers102_4250,image_01083.jpg,ood_test,test
flowers102_4251,image_06934.jpg,ood_test,test
flowers102_4252,image_03694.jpg,ood_test,test
flowers102_4253,image_05583.jpg,ood_test,test
flowers102_4254,image_04845.jpg,ood_test,test
flowers102_4255,image_07394.jpg,ood_test,test
flowers102_4256,image_06061.jpg,ood_test,test
flowers102_4257,image_00410.jpg,ood_test,test
flowers102_4258,image_03119.jpg,ood_test,test
flowers102_4259,image_04676.jpg,ood_test,test
flowers102_4260,image_05568.jpg,ood_test,test
flowers102_4261,image_02207.jpg,ood_test,test
flowers102_4262,image_02561.jpg,ood_test,test
flowers102_4263,image_04110.jpg,ood_test,test
flowers102_4264,image_00376.jpg,ood_test,test
flowers102_4265,image_07419.jpg,ood_test,test
flowers102_4266,image_06707.jpg,ood_test,test
flowers102_4267,image_01068.jpg,ood_test,test
flowers102_4268,image_00362.jpg,ood_test,test
flowers102_4269,image_06713.jpg,ood_test,test
flowers102_4270,image_02575.jpg,ood_test,test
flowers102_4271,image_04104.jpg,ood_test,test
flowers102_4272,image_04662.jpg,ood_test,test
flowers102_4273,image_02213.jpg,ood_test,test
flowers102_4274,image_06075.jpg,ood_test,test
flowers102_4275,image_08058.jpg,ood_test,test
flowers102_4276,image_00404.jpg,ood_test,test
flowers102_4277,image_03125.jpg,ood_test,test
flowers102_4278,image_05554.jpg,ood_test,test
flowers102_4279,image_04892.jpg,ood_test,test
flowers102_4280,image_01732.jpg,ood_test,test
flowers102_4281,image_07343.jpg,ood_test,test
flowers102_4282,image_08070.jpg,ood_test,test
flowers102_4283,image_07425.jpg,ood_test,test
flowers102_4284,image_01054.jpg,ood_test,test
flowers102_4285,image_05232.jpg,ood_test,test
flowers102_4286,image_03643.jpg,ood_test,test
flowers102_4287,image_02549.jpg,ood_test,test
flowers102_4288,image_05226.jpg,ood_test,test
flowers102_4289,image_04138.jpg,ood_test,test
flowers102_4290,image_03657.jpg,ood_test,test
flowers102_4291,image_07431.jpg,ood_test,test
flowers102_4292,image_01040.jpg,ood_test,test
flowers102_4293,image_01726.jpg,ood_test,test
flowers102_4294,image_06049.jpg,ood_test,test
flowers102_4295,image_07357.jpg,ood_test,test
flowers102_4296,image_08064.jpg,ood_test,test
flowers102_4297,image_00438.jpg,ood_test,test
flowers102_4298,image_03131.jpg,ood_test,test
flowers102_4299,image_05540.jpg,ood_test,test
flowers102_4300,image_04886.jpg,ood_test,test
flowers102_4301,image_02978.jpg,ood_test,test
flowers102_4302,image_07800.jpg,ood_test,test
flowers102_4303,image_00809.jpg,ood_test,test
flowers102_4304,image_05971.jpg,ood_test,test
flowers102_4305,image_05965.jpg,ood_test,test
flowers102_4306,image_07814.jpg,ood_test,test
flowers102_4307,image_01295.jpg,ood_test,test
flowers102_4308,image_03482.jpg,ood_test,test
flowers102_4309,image_02944.jpg,ood_test,test
flowers102_4310,image_05795.jpg,ood_test,test
flowers102_4311,image_00835.jpg,ood_test,test
flowers102_4312,image_07182.jpg,ood_test,test
flowers102_4313,image_00821.jpg,ood_test,test
flowers102_4314,image_06288.jpg,ood_test,test
flowers102_4315,image_07196.jpg,ood_test,test
flowers102_4316,image_05959.jpg,ood_test,test
flowers102_4317,image_05781.jpg,ood_test,test
flowers102_4318,image_02788.jpg,ood_test,test
flowers102_4319,image_03496.jpg,ood_test,test
flowers102_4320,image_02950.jpg,ood_test,test
flowers102_4321,image_01281.jpg,ood_test,test
flowers102_4322,image_07828.jpg,ood_test,test
flowers102_4323,image_06505.jpg,ood_test,test
flowers102_4324,image_00174.jpg,ood_test,test
flowers102_4325,image_04312.jpg,ood_test,test
flowers102_4326,image_02763.jpg,ood_test,test
flowers102_4327,image_02005.jpg,ood_test,test
flowers102_4328,image_04474.jpg,ood_test,test
flowers102_4329,image_00612.jpg,ood_test,test
flowers102_4330,image_06263.jpg,ood_test,test
flowers102_4331,image_00606.jpg,ood_test,test
flowers102_4332,image_07169.jpg,ood_test,test
flowers102_4333,image_06277.jpg,ood_test,test
flowers102_4334,image_01518.jpg,ood_test,test
flowers102_4335,image_02011.jpg,ood_test,test
flowers102_4336,image_04460.jpg,ood_test,test
flowers102_4337,image_03469.jpg,ood_test,test
flowers102_4338,image_04306.jpg,ood_test,test
flowers102_4339,image_05018.jpg,ood_test,test
flowers102_4340,image_02777.jpg,ood_test,test
flowers102_4341,image_06511.jpg,ood_test,test
flowers102_4342,image_00160.jpg,ood_test,test
flowers102_4343,image_03441.jpg,ood_test,test
flowers102_4344,image_02987.jpg,ood_test,test
flowers102_4345,image_05030.jpg,ood_test,test
flowers102_4346,image_01256.jpg,ood_test,test
flowers102_4347,image_06539.jpg,ood_test,test
flowers102_4348,image_07627.jpg,ood_test,test
flowers102_4349,image_00148.jpg,ood_test,test
flowers102_4350,image_07141.jpg,ood_test,test
flowers102_4351,image_01530.jpg,ood_test,test
flowers102_4352,image_02039.jpg,ood_test,test
flowers102_4353,image_05756.jpg,ood_test,test
flowers102_4354,image_04448.jpg,ood_test,test
flowers102_4355,image_03327.jpg,ood_test,test
flowers102_4356,image_05742.jpg,ood_test,test
flowers102_4357,image_03333.jpg,ood_test,test
flowers102_4358,image_07155.jpg,ood_test,test
flowers102_4359,image_01524.jpg,ood_test,test
flowers102_4360,image_01242.jpg,ood_test,test
flowers102_4361,image_07633.jpg,ood_test,test
flowers102_4362,image_03455.jpg,ood_test,test
flowers102_4363,image_02993.jpg,ood_test,test
flowers102_4364,image_05024.jpg,ood_test,test
flowers102_4365,image_01525.jpg,ood_test,test
flowers102_4366,image_07154.jpg,ood_test,test
flowers102_4367,image_03332.jpg,ood_test,test
flowers102_4368,image_05743.jpg,ood_test,test
flowers102_4369,image_05025.jpg,ood_test,test
flowers102_4370,image_02992.jpg,ood_test,test
flowers102_4371,image_03454.jpg,ood_test,test
flowers102_4372,image_07632.jpg,ood_test,test
flowers102_4373,image_01243.jpg,ood_test,test
flowers102_4374,image_00149.jpg,ood_test,test
flowers102_4375,image_07626.jpg,ood_test,test
flowers102_4376,image_06538.jpg,ood_test,test
flowers102_4377,image_01257.jpg,ood_test,test
flowers102_4378,image_05031.jpg,ood_test,test
flowers102_4379,image_02986.jpg,ood_test,test
flowers102_4380,image_03440.jpg,ood_test,test
flowers102_4381,image_03326.jpg,ood_test,test
flowers102_4382,image_04449.jpg,ood_test,test
flowers102_4383,image_05757.jpg,ood_test,test
flowers102_4384,image_02038.jpg,ood_test,test
flowers102_4385,image_01531.jpg,ood_test,test
flowers102_4386,image_07140.jpg,ood_test,test
flowers102_4387,image_04461.jpg,ood_test,test
flowers102_4388,image_02010.jpg,ood_test,test
flowers102_4389,image_01519.jpg,ood_test,test
flowers102_4390,image_06276.jpg,ood_test,test
flowers102_4391,image_07168.jpg,ood_test,test
flowers102_4392,image_00607.jpg,ood_test,test
flowers102_4393,image_00161.jpg,ood_test,test
flowers102_4394,image_06510.jpg,ood_test,test
flowers102_4395,image_02776.jpg,ood_test,test
flowers102_4396,image_05019.jpg,ood_test,test
flowers102_4397,image_04307.jpg,ood_test,test
flowers102_4398,image_03468.jpg,ood_test,test
flowers102_4399,image_02762.jpg,ood_test,test
flowers102_4400,image_04313.jpg,ood_test,test
flowers102_4401,image_00175.jpg,ood_test,test
flowers102_4402,image_06504.jpg,ood_test,test
flowers102_4403,image_06262.jpg,ood_test,test
flowers102_4404,image_00613.jpg,ood_test,test
flowers102_4405,image_04475.jpg,ood_test,test
flowers102_4406,image_02004.jpg,ood_test,test
flowers102_4407,image_05780.jpg,ood_test,test
flowers102_4408,image_05958.jpg,ood_test,test
flowers102_4409,image_07197.jpg,ood_test,test
flowers102_4410,image_06289.jpg,ood_test,test
flowers102_4411,image_00820.jpg,ood_test,test
flowers102_4412,image_07829.jpg,ood_test,test
flowers102_4413,image_01280.jpg,ood_test,test
flowers102_4414,image_02951.jpg,ood_test,test
flowers102_4415,image_03497.jpg,ood_test,test
flowers102_4416,image_02789.jpg,ood_test,test
flowers102_4417,image_02945.jpg,ood_test,test
flowers102_4418,image_03483.jpg,ood_test,test
flowers102_4419,image_01294.jpg,ood_test,test
flowers102_4420,image_07183.jpg,ood_test,test
flowers102_4421,image_00834.jpg,ood_test,test
flowers102_4422,image_05794.jpg,ood_test,test
flowers102_4423,image_05964.jpg,ood_test,test
flowers102_4424,image_07815.jpg,ood_test,test
flowers102_4425,image_07801.jpg,ood_test,test
flowers102_4426,image_02979.jpg,ood_test,test
flowers102_4427,image_05970.jpg,ood_test,test
flowers102_4428,image_00808.jpg,ood_test,test
flowers102_4429,image_01041.jpg,ood_test,test
flowers102_4430,image_07430.jpg,ood_test,test
flowers102_4431,image_03656.jpg,ood_test,test
flowers102_4432,image_04139.jpg,ood_test,test
flowers102_4433,image_05227.jpg,ood_test,test
flowers102_4434,image_02548.jpg,ood_test,test
flowers102_4435,image_04887.jpg,ood_test,test
flowers102_4436,image_05541.jpg,ood_test,test
flowers102_4437,image_03130.jpg,ood_test,test
flowers102_4438,image_00439.jpg,ood_test,test
flowers102_4439,image_08065.jpg,ood_test,test
flowers102_4440,image_07356.jpg,ood_test,test
flowers102_4441,image_06048.jpg,ood_test,test
flowers102_4442,image_01727.jpg,ood_test,test
flowers102_4443,image_08071.jpg,ood_test,test
flowers102_4444,image_07342.jpg,ood_test,test
flowers102_4445,image_01733.jpg,ood_test,test
flowers102_4446,image_04893.jpg,ood_test,test
flowers102_4447,image_05555.jpg,ood_test,test
flowers102_4448,image_03124.jpg,ood_test,test
flowers102_4449,image_03642.jpg,ood_test,test
flowers102_4450,image_05233.jpg,ood_test,test
flowers102_4451,image_01055.jpg,ood_test,test
flowers102_4452,image_07424.jpg,ood_test,test
flowers102_4453,image_04105.jpg,ood_test,test
flowers102_4454,image_02574.jpg,ood_test,test
flowers102_4455,image_06712.jpg,ood_test,test
flowers102_4456,image_00363.jpg,ood_test,test
flowers102_4457,image_00405.jpg,ood_test,test
flowers102_4458,image_08059.jpg,ood_test,test
flowers102_4459,image_06074.jpg,ood_test,test
flowers102_4460,image_02212.jpg,ood_test,test
flowers102_4461,image_04663.jpg,ood_test,test
flowers102_4462,image_02206.jpg,ood_test,test
flowers102_4463,image_05569.jpg,ood_test,test
flowers102_4464,image_04677.jpg,ood_test,test
flowers102_4465,image_03118.jpg,ood_test,test
flowers102_4466,image_00411.jpg,ood_test,test
flowers102_4467,image_06060.jpg,ood_test,test
flowers102_4468,image_01069.jpg,ood_test,test
flowers102_4469,image_06706.jpg,ood_test,test
flowers102_4470,image_07418.jpg,ood_test,test
flowers102_4471,image_00377.jpg,ood_test,test
flowers102_4472,image_04111.jpg,ood_test,test
flowers102_4473,image_02560.jpg,ood_test,test
flowers102_4474,image_03695.jpg,ood_test,test
flowers102_4475,image_06935.jpg,ood_test,test
flowers102_4476,image_01082.jpg,ood_test,test
flowers102_4477,image_07395.jpg,ood_test,test
flowers102_4478,image_04844.jpg,ood_test,test
flowers102_4479,image_05582.jpg,ood_test,test
flowers102_4480,image_04688.jpg,ood_test,test
flowers102_4481,image_04850.jpg,ood_test,test
flowers102_4482,image_05596.jpg,ood_test,test
flowers102_4483,image_01928.jpg,ood_test,test
flowers102_4484,image_07381.jpg,ood_test,test
flowers102_4485,image_00388.jpg,ood_test,test
flowers102_4486,image_06921.jpg,ood_test,test
flowers102_4487,image_01096.jpg,ood_test,test
flowers102_4488,image_03859.jpg,ood_test,test
flowers102_4489,image_03681.jpg,ood_test,test
flowers102_4490,image_06909.jpg,ood_test,test
flowers102_4491,image_03871.jpg,ood_test,test
flowers102_4492,image_04878.jpg,ood_test,test
flowers102_4493,image_01900.jpg,ood_test,test
flowers102_4494,image_01914.jpg,ood_test,test
flowers102_4495,image_03865.jpg,ood_test,test
flowers102_4496,image_06882.jpg,ood_test,test
flowers102_4497,image_07544.jpg,ood_test,test
flowers102_4498,image_01135.jpg,ood_test,test
flowers102_4499,image_05353.jpg,ood_test,test
flowers102_4500,image_03722.jpg,ood_test,test
flowers102_4501,image_03044.jpg,ood_test,test
flowers102_4502,image_05435.jpg,ood_test,test
flowers102_4503,image_01653.jpg,ood_test,test
flowers102_4504,image_08111.jpg,ood_test,test
flowers102_4505,image_07222.jpg,ood_test,test
flowers102_4506,image_01647.jpg,ood_test,test
flowers102_4507,image_06128.jpg,ood_test,test
flowers102_4508,image_08105.jpg,ood_test,test
flowers102_4509,image_07236.jpg,ood_test,test
flowers102_4510,image_00559.jpg,ood_test,test
flowers102_4511,image_03050.jpg,ood_test,test
flowers102_4512,image_05421.jpg,ood_test,test
flowers102_4513,image_02428.jpg,ood_test,test
flowers102_4514,image_05347.jpg,ood_test,test
flowers102_4515,image_04059.jpg,ood_test,test
flowers102_4516,image_03736.jpg,ood_test,test
flowers102_4517,image_06896.jpg,ood_test,test
flowers102_4518,image_07550.jpg,ood_test,test
flowers102_4519,image_01121.jpg,ood_test,test
flowers102_4520,image_02400.jpg,ood_test,test
flowers102_4521,image_04071.jpg,ood_test,test
flowers102_4522,image_00217.jpg,ood_test,test
flowers102_4523,image_07578.jpg,ood_test,test
flowers102_4524,image_06666.jpg,ood_test,test
flowers102_4525,image_01109.jpg,ood_test,test
flowers102_4526,image_06100.jpg,ood_test,test
flowers102_4527,image_00571.jpg,ood_test,test
flowers102_4528,image_03078.jpg,ood_test,test
flowers102_4529,image_04717.jpg,ood_test,test
flowers102_4530,image_05409.jpg,ood_test,test
flowers102_4531,image_02366.jpg,ood_test,test
flowers102_4532,image_04703.jpg,ood_test,test
flowers102_4533,image_02372.jpg,ood_test,test
flowers102_4534,image_06114.jpg,ood_test,test
flowers102_4535,image_08139.jpg,ood_test,test
flowers102_4536,image_00565.jpg,ood_test,test
flowers102_4537,image_00203.jpg,ood_test,test
flowers102_4538,image_06672.jpg,ood_test,test
flowers102_4539,image_02414.jpg,ood_test,test
flowers102_4540,image_04065.jpg,ood_test,test
flowers102_4541,image_05390.jpg,ood_test,test
flowers102_4542,image_03939.jpg,ood_test,test
flowers102_4543,image_06699.jpg,ood_test,test
flowers102_4544,image_06841.jpg,ood_test,test
flowers102_4545,image_07587.jpg,ood_test,test
flowers102_4546,image_01848.jpg,ood_test,test
flowers102_4547,image_01690.jpg,ood_test,test
flowers102_4548,image_04930.jpg,ood_test,test
flowers102_4549,image_02399.jpg,ood_test,test
flowers102_4550,image_03087.jpg,ood_test,test
flowers102_4551,image_04924.jpg,ood_test,test
flowers102_4552,image_03093.jpg,ood_test,test
flowers102_4553,image_01684.jpg,ood_test,test
flowers102_4554,image_06855.jpg,ood_test,test
flowers102_4555,image_07593.jpg,ood_test,test
flowers102_4556,image_05384.jpg,ood_test,test
flowers102_4557,image_03905.jpg,ood_test,test
flowers102_4558,image_01874.jpg,ood_test,test
flowers102_4559,image_01860.jpg,ood_test,test
flowers102_4560,image_04918.jpg,ood_test,test
flowers102_4561,image_03911.jpg,ood_test,test
flowers102_4562,image_06869.jpg,ood_test,test
flowers102_4563,image_07020.jpg,ood_test,test
flowers102_4564,image_00997.jpg,ood_test,test
flowers102_4565,image_01451.jpg,ood_test,test
flowers102_4566,image_02158.jpg,ood_test,test
flowers102_4567,image_05637.jpg,ood_test,test
flowers102_4568,image_04529.jpg,ood_test,test
flowers102_4569,image_03246.jpg,ood_test,test
flowers102_4570,image_03520.jpg,ood_test,test
flowers102_4571,image_05151.jpg,ood_test,test
flowers102_4572,image_01337.jpg,ood_test,test
flowers102_4573,image_06458.jpg,ood_test,test
flowers102_4574,image_07746.jpg,ood_test,test
flowers102_4575,image_00029.jpg,ood_test,test
flowers102_4576,image_01323.jpg,ood_test,test
flowers102_4577,image_07752.jpg,ood_test,test
flowers102_4578,image_03534.jpg,ood_test,test
flowers102_4579,image_05145.jpg,ood_test,test
flowers102_4580,image_05623.jpg,ood_test,test
flowers102_4581,image_03252.jpg,ood_test,test
flowers102_4582,image_07034.jpg,ood_test,test
flowers102_4583,image_00983.jpg,ood_test,test
flowers102_4584,image_01445.jpg,ood_test,test
flowers102_4585,image_02164.jpg,ood_test,test
flowers102_4586,image_04515.jpg,ood_test,test
flowers102_4587,image_00773.jpg,ood_test,test
flowers102_4588,image_06302.jpg,ood_test,test
flowers102_4589,image_06464.jpg,ood_test,test
flowers102_4590,image_00015.jpg,ood_test,test
flowers102_4591,image_04273.jpg,ood_test,test
flowers102_4592,image_02602.jpg,ood_test,test
flowers102_4593,image_03508.jpg,ood_test,test
flowers102_4594,image_04267.jpg,ood_test,test
flowers102_4595,image_05179.jpg,ood_test,test
flowers102_4596,image_02616.jpg,ood_test,test
flowers102_4597,image_06470.jpg,ood_test,test
flowers102_4598,image_00001.jpg,ood_test,test
flowers102_4599,image_00767.jpg,ood_test,test
flowers102_4600,image_07008.jpg,ood_test,test
flowers102_4601,image_06316.jpg,ood_test,test
flowers102_4602,image_01479.jpg,ood_test,test
flowers102_4603,image_02170.jpg,ood_test,test
flowers102_4604,image_04501.jpg,ood_test,test
flowers102_4605,image_03285.jpg,ood_test,test
flowers102_4606,image_00954.jpg,ood_test,test
flowers102_4607,image_01492.jpg,ood_test,test
flowers102_4608,image_07785.jpg,ood_test,test
flowers102_4609,image_05192.jpg,ood_test,test
flowers102_4610,image_02825.jpg,ood_test,test
flowers102_4611,image_05186.jpg,ood_test,test
flowers102_4612,image_02831.jpg,ood_test,test
flowers102_4613,image_04298.jpg,ood_test,test
flowers102_4614,image_07791.jpg,ood_test,test
flowers102_4615,image_07949.jpg,ood_test,test
flowers102_4616,image_00940.jpg,ood_test,test
flowers102_4617,image_01486.jpg,ood_test,test
flowers102_4618,image_00798.jpg,ood_test,test
flowers102_4619,image_03291.jpg,ood_test,test
flowers102_4620,image_05838.jpg,ood_test,test
flowers102_4621,image_00968.jpg,ood_test,test
flowers102_4622,image_05810.jpg,ood_test,test
flowers102_4623,image_02819.jpg,ood_test,test
flowers102_4624,image_07961.jpg,ood_test,test
flowers102_4625,image_07975.jpg,ood_test,test
flowers102_4626,image_05804.jpg,ood_test,test
flowers102_4627,image_07963.jpg,ood_test,test
flowers102_4628,image_05812.jpg,ood_test,test
flowers102_4629,image_05806.jpg,ood_test,test
flowers102_4630,image_07977.jpg,ood_test,test
flowers102_4631,image_02827.jpg,ood_test,test
flowers102_4632,image_05190.jpg,ood_test,test
flowers102_4633,image_06499.jpg,ood_test,test
flowers102_4634,image_07787.jpg,ood_test,test
flowers102_4635,image_01490.jpg,ood_test,test
flowers102_4636,image_00956.jpg,ood_test,test
flowers102_4637,image_02199.jpg,ood_test,test
flowers102_4638,image_03287.jpg,ood_test,test
flowers102_4639,image_03293.jpg,ood_test,test
flowers102_4640,image_01484.jpg,ood_test,test
flowers102_4641,image_00942.jpg,ood_test,test
flowers102_4642,image_07793.jpg,ood_test,test
flowers102_4643,image_02833.jpg,ood_test,test
flowers102_4644,image_05184.jpg,ood_test,test
flowers102_4645,image_02600.jpg,ood_test,test
flowers102_4646,image_04271.jpg,ood_test,test
flowers102_4647,image_00017.jpg,ood_test,test
flowers102_4648,image_07778.jpg,ood_test,test
flowers102_4649,image_06466.jpg,ood_test,test
flowers102_4650,image_01309.jpg,ood_test,test
flowers102_4651,image_06300.jpg,ood_test,test
flowers102_4652,image_00771.jpg,ood_test,test
flowers102_4653,image_03278.jpg,ood_test,test
flowers102_4654,image_04517.jpg,ood_test,test
flowers102_4655,image_05609.jpg,ood_test,test
flowers102_4656,image_02166.jpg,ood_test,test
flowers102_4657,image_04503.jpg,ood_test,test
flowers102_4658,image_02172.jpg,ood_test,test
flowers102_4659,image_06314.jpg,ood_test,test
flowers102_4660,image_00765.jpg,ood_test,test
flowers102_4661,image_00003.jpg,ood_test,test
flowers102_4662,image_06472.jpg,ood_test,test
flowers102_4663,image_02614.jpg,ood_test,test
flowers102_4664,image_04265.jpg,ood_test,test
flowers102_4665,image_07744.jpg,ood_test,test
flowers102_4666,image_01335.jpg,ood_test,test
flowers102_4667,image_05153.jpg,ood_test,test
flowers102_4668,image_03522.jpg,ood_test,test
flowers102_4669,image_03244.jpg,ood_test,test
flowers102_4670,image_05635.jpg,ood_test,test
flowers102_4671,image_01453.jpg,ood_test,test
flowers102_4672,image_00995.jpg,ood_test,test
flowers102_4673,image_07022.jpg,ood_test,test
flowers102_4674,image_01447.jpg,ood_test,test
flowers102_4675,image_06328.jpg,ood_test,test
flowers102_4676,image_00981.jpg,ood_test,test
flowers102_4677,image_07036.jpg,ood_test,test
flowers102_4678,image_00759.jpg,ood_test,test
flowers102_4679,image_03250.jpg,ood_test,test
flowers102_4680,image_05621.jpg,ood_test,test
flowers102_4681,image_02628.jpg,ood_test,test
flowers102_4682,image_05147.jpg,ood_test,test
flowers102_4683,image_04259.jpg,ood_test,test
flowers102_4684,image_03536.jpg,ood_test,test
flowers102_4685,image_07750.jpg,ood_test,test
flowers102_4686,image_07988.jpg,ood_test,test
flowers102_4687,image_01321.jpg,ood_test,test
flowers102_4688,image_01876.jpg,ood_test,test
flowers102_4689,image_03907.jpg,ood_test,test
flowers102_4690,image_03913.jpg,ood_test,test
flowers102_4691,image_01862.jpg,ood_test,test
flowers102_4692,image_03085.jpg,ood_test,test
flowers102_4693,image_04932.jpg,ood_test,test
flowers102_4694,image_01692.jpg,ood_test,test
flowers102_4695,image_07585.jpg,ood_test,test
flowers102_4696,image_06843.jpg,ood_test,test
flowers102_4697,image_05392.jpg,ood_test,test
flowers102_4698,image_05386.jpg,ood_test,test
flowers102_4699,image_04098.jpg,ood_test,test
flowers102_4700,image_07591.jpg,ood_test,test
flowers102_4701,image_06857.jpg,ood_test,test
flowers102_4702,image_01686.jpg,ood_test,test
flowers102_4703,image_00598.jpg,ood_test,test
flowers102_4704,image_03091.jpg,ood_test,test
flowers102_4705,image_04926.jpg,ood_test,test
flowers102_4706,image_02364.jpg,ood_test,test
flowers102_4707,image_04715.jpg,ood_test,test
flowers102_4708,image_00573.jpg,ood_test,test
flowers102_4709,image_06102.jpg,ood_test,test
flowers102_4710,image_06664.jpg,ood_test,test
flowers102_4711,image_00215.jpg,ood_test,test
flowers102_4712,image_04073.jpg,ood_test,test
flowers102_4713,image_02402.jpg,ood_test,test
flowers102_4714,image_03708.jpg,ood_test,test
flowers102_4715,image_04067.jpg,ood_test,test
flowers102_4716,image_05379.jpg,ood_test,test
flowers102_4717,image_02416.jpg,ood_test,test
flowers102_4718,image_06670.jpg,ood_test,test
flowers102_4719,image_00201.jpg,ood_test,test
flowers102_4720,image_00567.jpg,ood_test,test
flowers102_4721,image_07208.jpg,ood_test,test
flowers102_4722,image_06116.jpg,ood_test,test
flowers102_4723,image_01679.jpg,ood_test,test
flowers102_4724,image_02370.jpg,ood_test,test
flowers102_4725,image_04701.jpg,ood_test,test
flowers102_4726,image_01889.jpg,ood_test,test
flowers102_4727,image_08113.jpg,ood_test,test
flowers102_4728,image_07220.jpg,ood_test,test
flowers102_4729,image_01651.jpg,ood_test,test
flowers102_4730,image_02358.jpg,ood_test,test
flowers102_4731,image_05437.jpg,ood_test,test
flowers102_4732,image_04729.jpg,ood_test,test
flowers102_4733,image_03046.jpg,ood_test,test
flowers102_4734,image_03720.jpg,ood_test,test
flowers102_4735,image_05351.jpg,ood_test,test
flowers102_4736,image_01137.jpg,ood_test,test
flowers102_4737,image_06658.jpg,ood_test,test
flowers102_4738,image_07546.jpg,ood_test,test
flowers102_4739,image_00229.jpg,ood_test,test
flowers102_4740,image_06880.jpg,ood_test,test
flowers102_4741,image_01123.jpg,ood_test,test
flowers102_4742,image_07552.jpg,ood_test,test
flowers102_4743,image_06894.jpg,ood_test,test
flowers102_4744,image_03734.jpg,ood_test,test
flowers102_4745,image_05345.jpg,ood_test,test
flowers102_4746,image_05423.jpg,ood_test,test
flowers102_4747,image_03052.jpg,ood_test,test
flowers102_4748,image_08107.jpg,ood_test,test
flowers102_4749,image_07234.jpg,ood_test,test
flowers102_4750,image_01645.jpg,ood_test,test
flowers102_4751,image_01902.jpg,ood_test,test
flowers102_4752,image_08098.jpg,ood_test,test
flowers102_4753,image_03873.jpg,ood_test,test
flowers102_4754,image_03867.jpg,ood_test,test
flowers102_4755,image_01916.jpg,ood_test,test
flowers102_4756,image_05580.jpg,ood_test,test
flowers102_4757,image_04846.jpg,ood_test,test
flowers102_4758,image_07397.jpg,ood_test,test
flowers102_4759,image_06089.jpg,ood_test,test
flowers102_4760,image_01080.jpg,ood_test,test
flowers102_4761,image_06937.jpg,ood_test,test
flowers102_4762,image_03697.jpg,ood_test,test
flowers102_4763,image_02589.jpg,ood_test,test
flowers102_4764,image_03683.jpg,ood_test,test
flowers102_4765,image_01094.jpg,ood_test,test
flowers102_4766,image_06923.jpg,ood_test,test
flowers102_4767,image_07383.jpg,ood_test,test
flowers102_4768,image_05594.jpg,ood_test,test
flowers102_4769,image_04852.jpg,ood_test,test
flowers102_4770,image_04661.jpg,ood_test,test
flowers102_4771,image_02210.jpg,ood_test,test
flowers102_4772,image_01719.jpg,ood_test,test
flowers102_4773,image_06076.jpg,ood_test,test
flowers102_4774,image_07368.jpg,ood_test,test
flowers102_4775,image_00407.jpg,ood_test,test
flowers102_4776,image_00361.jpg,ood_test,test
flowers102_4777,image_06710.jpg,ood_test,test
flowers102_4778,image_02576.jpg,ood_test,test
flowers102_4779,image_05219.jpg,ood_test,test
flowers102_4780,image_04107.jpg,ood_test,test
flowers102_4781,image_03668.jpg,ood_test,test
flowers102_4782,image_02562.jpg,ood_test,test
flowers102_4783,image_04113.jpg,ood_test,test
flowers102_4784,image_00375.jpg,ood_test,test
flowers102_4785,image_06704.jpg,ood_test,test
flowers102_4786,image_06062.jpg,ood_test,test
flowers102_4787,image_00413.jpg,ood_test,test
flowers102_4788,image_04675.jpg,ood_test,test
flowers102_4789,image_02204.jpg,ood_test,test
flowers102_4790,image_01725.jpg,ood_test,test
flowers102_4791,image_08067.jpg,ood_test,test
flowers102_4792,image_07354.jpg,ood_test,test
flowers102_4793,image_03132.jpg,ood_test,test
flowers102_4794,image_05543.jpg,ood_test,test
flowers102_4795,image_04885.jpg,ood_test,test
flowers102_4796,image_05225.jpg,ood_test,test
flowers102_4797,image_03654.jpg,ood_test,test
flowers102_4798,image_07432.jpg,ood_test,test
flowers102_4799,image_01043.jpg,ood_test,test
flowers102_4800,image_00349.jpg,ood_test,test
flowers102_4801,image_07426.jpg,ood_test,test
flowers102_4802,image_06738.jpg,ood_test,test
flowers102_4803,image_01057.jpg,ood_test,test
flowers102_4804,image_05231.jpg,ood_test,test
flowers102_4805,image_03898.jpg,ood_test,test
flowers102_4806,image_03640.jpg,ood_test,test
flowers102_4807,image_03126.jpg,ood_test,test
flowers102_4808,image_04649.jpg,ood_test,test
flowers102_4809,image_05557.jpg,ood_test,test
flowers102_4810,image_04891.jpg,ood_test,test
flowers102_4811,image_02238.jpg,ood_test,test
flowers102_4812,image_01731.jpg,ood_test,test
flowers102_4813,image_08073.jpg,ood_test,test
flowers102_4814,image_07340.jpg,ood_test,test
flowers102_4815,image_07817.jpg,ood_test,test
flowers102_4816,image_05966.jpg,ood_test,test
flowers102_4817,image_05972.jpg,ood_test,test
flowers102_4818,image_07803.jpg,ood_test,test
flowers102_4819,image_03495.jpg,ood_test,test
flowers102_4820,image_02953.jpg,ood_test,test
flowers102_4821,image_01282.jpg,ood_test,test
flowers102_4822,image_00822.jpg,ood_test,test
flowers102_4823,image_07195.jpg,ood_test,test
flowers102_4824,image_05782.jpg,ood_test,test
flowers102_4825,image_04488.jpg,ood_test,test
flowers102_4826,image_05796.jpg,ood_test,test
flowers102_4827,image_00836.jpg,ood_test,test
flowers102_4828,image_07181.jpg,ood_test,test
flowers102_4829,image_00188.jpg,ood_test,test
flowers102_4830,image_01296.jpg,ood_test,test
flowers102_4831,image_03481.jpg,ood_test,test
flowers102_4832,image_02947.jpg,ood_test,test
flowers102_4833,image_04305.jpg,ood_test,test
flowers102_4834,image_02774.jpg,ood_test,test
flowers102_4835,image_06512.jpg,ood_test,test
flowers102_4836,image_00163.jpg,ood_test,test
flowers102_4837,image_00605.jpg,ood_test,test
flowers102_4838,image_06274.jpg,ood_test,test
flowers102_4839,image_02012.jpg,ood_test,test
flowers102_4840,image_04463.jpg,ood_test,test
flowers102_4841,image_02006.jpg,ood_test,test
flowers102_4842,image_05769.jpg,ood_test,test
flowers102_4843,image_04477.jpg,ood_test,test
flowers102_4844,image_03318.jpg,ood_test,test
flowers102_4845,image_00611.jpg,ood_test,test
flowers102_4846,image_06260.jpg,ood_test,test
flowers102_4847,image_01269.jpg,ood_test,test
flowers102_4848,image_06506.jpg,ood_test,test
flowers102_4849,image_07618.jpg,ood_test,test
flowers102_4850,image_00177.jpg,ood_test,test
flowers102_4851,image_04311.jpg,ood_test,test
flowers102_4852,image_02760.jpg,ood_test,test
flowers102_4853,image_01241.jpg,ood_test,test
flowers102_4854,image_07630.jpg,ood_test,test
flowers102_4855,image_03456.jpg,ood_test,test
flowers102_4856,image_02990.jpg,ood_test,test
flowers102_4857,image_04339.jpg,ood_test,test
flowers102_4858,image_05027.jpg,ood_test,test
flowers102_4859,image_02748.jpg,ood_test,test
flowers102_4860,image_05741.jpg,ood_test,test
flowers102_4861,image_03330.jpg,ood_test,test
flowers102_4862,image_05999.jpg,ood_test,test
flowers102_4863,image_00639.jpg,ood_test,test
flowers102_4864,image_07156.jpg,ood_test,test
flowers102_4865,image_06248.jpg,ood_test,test
flowers102_4866,image_01527.jpg,ood_test,test
flowers102_4867,image_07142.jpg,ood_test,test
flowers102_4868,image_01533.jpg,ood_test,test
flowers102_4869,image_05755.jpg,ood_test,test
flowers102_4870,image_03324.jpg,ood_test,test
flowers102_4871,image_03442.jpg,ood_test,test
flowers102_4872,image_02984.jpg,ood_test,test
flowers102_4873,image_05033.jpg,ood_test,test
flowers102_4874,image_01255.jpg,ood_test,test
flowers102_4875,image_07624.jpg,ood_test,test
flowers102_4876,image_03325.jpg,ood_test,test
flowers102_4877,image_05754.jpg,ood_test,test
flowers102_4878,image_01532.jpg,ood_test,test
flowers102_4879,image_07143.jpg,ood_test,test
flowers102_4880,image_07625.jpg,ood_test,test
flowers102_4881,image_01254.jpg,ood_test,test
flowers102_4882,image_05032.jpg,ood_test,test
flowers102_4883,image_02985.jpg,ood_test,test
flowers102_4884,image_03443.jpg,ood_test,test
flowers102_4885,image_02749.jpg,ood_test,test
flowers102_4886,image_05026.jpg,ood_test,test
flowers102_4887,image_04338.jpg,ood_test,test
flowers102_4888,image_02991.jpg,ood_test,test
flowers102_4889,image_03457.jpg,ood_test,test
flowers102_4890,image_07631.jpg,ood_test,test
flowers102_4891,image_01240.jpg,ood_test,test
flowers102_4892,image_01526.jpg,ood_test,test
flowers102_4893,image_06249.jpg,ood_test,test
flowers102_4894,image_07157.jpg,ood_test,test
flowers102_4895,image_00638.jpg,ood_test,test
flowers102_4896,image_05998.jpg,ood_test,test
flowers102_4897,image_03331.jpg,ood_test,test
flowers102_4898,image_05740.jpg,ood_test,test
flowers102_4899,image_06261.jpg,ood_test,test
flowers102_4900,image_00610.jpg,ood_test,test
flowers102_4901,image_03319.jpg,ood_test,test
flowers102_4902,image_04476.jpg,ood_test,test
flowers102_4903,image_05768.jpg,ood_test,test
flowers102_4904,image_02007.jpg,ood_test,test
flowers102_4905,image_02761.jpg,ood_test,test
flowers102_4906,image_04310.jpg,ood_test,test
flowers102_4907,image_00176.jpg,ood_test,test
flowers102_4908,image_07619.jpg,ood_test,test
flowers102_4909,image_06507.jpg,ood_test,test
flowers102_4910,image_01268.jpg,ood_test,test
flowers102_4911,image_00162.jpg,ood_test,test
flowers102_4912,image_06513.jpg,ood_test,test
flowers102_4913,image_02775.jpg,ood_test,test
flowers102_4914,image_04304.jpg,ood_test,test
flowers102_4915,image_04462.jpg,ood_test,test
flowers102_4916,image_02013.jpg,ood_test,test
flowers102_4917,image_06275.jpg,ood_test,test
flowers102_4918,image_00604.jpg,ood_test,test
flowers102_4919,image_07180.jpg,ood_test,test
flowers102_4920,image_00837.jpg,ood_test,test
flowers102_4921,image_05797.jpg,ood_test,test
flowers102_4922,image_04489.jpg,ood_test,test
flowers102_4923,image_02946.jpg,ood_test,test
flowers102_4924,image_03480.jpg,ood_test,test
flowers102_4925,image_01297.jpg,ood_test,test
flowers102_4926,image_00189.jpg,ood_test,test
flowers102_4927,image_01283.jpg,ood_test,test
flowers102_4928,image_02952.jpg,ood_test,test
flowers102_4929,image_03494.jpg,ood_test,test
flowers102_4930,image_05783.jpg,ood_test,test
flowers102_4931,image_07194.jpg,ood_test,test
flowers102_4932,image_00823.jpg,ood_test,test
flowers102_4933,image_05973.jpg,ood_test,test
flowers102_4934,image_07802.jpg,ood_test,test
flowers102_4935,image_07816.jpg,ood_test,test
flowers102_4936,image_05967.jpg,ood_test,test
flowers102_4937,image_03641.jpg,ood_test,test
flowers102_4938,image_03899.jpg,ood_test,test
flowers102_4939,image_05230.jpg,ood_test,test
flowers102_4940,image_01056.jpg,ood_test,test
flowers102_4941,image_06739.jpg,ood_test,test
flowers102_4942,image_07427.jpg,ood_test,test
flowers102_4943,image_00348.jpg,ood_test,test
flowers102_4944,image_07341.jpg,ood_test,test
flowers102_4945,image_08072.jpg,ood_test,test
flowers102_4946,image_01730.jpg,ood_test,test
flowers102_4947,image_02239.jpg,ood_test,test
flowers102_4948,image_04890.jpg,ood_test,test
flowers102_4949,image_05556.jpg,ood_test,test
flowers102_4950,image_04648.jpg,ood_test,test
flowers102_4951,image_03127.jpg,ood_test,test
flowers102_4952,image_04884.jpg,ood_test,test
flowers102_4953,image_05542.jpg,ood_test,test
flowers102_4954,image_03133.jpg,ood_test,test
flowers102_4955,image_07355.jpg,ood_test,test
flowers102_4956,image_08066.jpg,ood_test,test
flowers102_4957,image_01724.jpg,ood_test,test
flowers102_4958,image_01042.jpg,ood_test,test
flowers102_4959,image_07433.jpg,ood_test,test
flowers102_4960,image_03655.jpg,ood_test,test
flowers102_4961,image_05224.jpg,ood_test,test
flowers102_4962,image_06705.jpg,ood_test,test
flowers102_4963,image_00374.jpg,ood_test,test
flowers102_4964,image_04112.jpg,ood_test,test
flowers102_4965,image_02563.jpg,ood_test,test
flowers102_4966,image_02205.jpg,ood_test,test
flowers102_4967,image_04674.jpg,ood_test,test
flowers102_4968,image_00412.jpg,ood_test,test
flowers102_4969,image_06063.jpg,ood_test,test
flowers102_4970,image_00406.jpg,ood_test,test
flowers102_4971,image_07369.jpg,ood_test,test
flowers102_4972,image_06077.jpg,ood_test,test
flowers102_4973,image_01718.jpg,ood_test,test
flowers102_4974,image_02211.jpg,ood_test,test
flowers102_4975,image_04660.jpg,ood_test,test
flowers102_4976,image_03669.jpg,ood_test,test
flowers102_4977,image_04106.jpg,ood_test,test
flowers102_4978,image_05218.jpg,ood_test,test
flowers102_4979,image_02577.jpg,ood_test,test
flowers102_4980,image_06711.jpg,ood_test,test
flowers102_4981,image_00360.jpg,ood_test,test
flowers102_4982,image_06922.jpg,ood_test,test
flowers102_4983,image_01095.jpg,ood_test,test
flowers102_4984,image_03682.jpg,ood_test,test
flowers102_4985,image_04853.jpg,ood_test,test
flowers102_4986,image_05595.jpg,ood_test,test
flowers102_4987,image_07382.jpg,ood_test,test
flowers102_4988,image_06088.jpg,ood_test,test
flowers102_4989,image_07396.jpg,ood_test,test
flowers102_4990,image_04847.jpg,ood_test,test
flowers102_4991,image_05581.jpg,ood_test,test
flowers102_4992,image_02588.jpg,ood_test,test
flowers102_4993,image_03696.jpg,ood_test,test
flowers102_4994,image_06936.jpg,ood_test,test
flowers102_4995,image_01081.jpg,ood_test,test
flowers102_4996,image_03866.jpg,ood_test,test
flowers102_4997,image_01917.jpg,ood_test,test
flowers102_4998,image_01903.jpg,ood_test,test
flowers102_4999,image_08099.jpg,ood_test,test
flowers102_5000,image_03872.jpg,ood_test,test
flowers102_5001,image_05344.jpg,ood_test,test
flowers102_5002,image_03735.jpg,ood_test,test
flowers102_5003,image_06895.jpg,ood_test,test
flowers102_5004,image_07553.jpg,ood_test,test
flowers102_5005,image_01122.jpg,ood_test,test
flowers102_5006,image_01644.jpg,ood_test,test
flowers102_5007,image_07235.jpg,ood_test,test
flowers102_5008,image_08106.jpg,ood_test,test
flowers102_5009,image_03053.jpg,ood_test,test
flowers102_5010,image_05422.jpg,ood_test,test
flowers102_5011,image_03047.jpg,ood_test,test
flowers102_5012,image_04728.jpg,ood_test,test
flowers102_5013,image_05436.jpg,ood_test,test
flowers102_5014,image_02359.jpg,ood_test,test
flowers102_5015,image_01650.jpg,ood_test,test
flowers102_5016,image_07221.jpg,ood_test,test
flowers102_5017,image_01888.jpg,ood_test,test
flowers102_5018,image_08112.jpg,ood_test,test
flowers102_5019,image_06881.jpg,ood_test,test
flowers102_5020,image_00228.jpg,ood_test,test
flowers102_5021,image_07547.jpg,ood_test,test
flowers102_5022,image_06659.jpg,ood_test,test
flowers102_5023,image_01136.jpg,ood_test,test
flowers102_5024,image_05350.jpg,ood_test,test
flowers102_5025,image_03721.jpg,ood_test,test
flowers102_5026,image_00200.jpg,ood_test,test
flowers102_5027,image_06671.jpg,ood_test,test
flowers102_5028,image_02417.jpg,ood_test,test
flowers102_5029,image_05378.jpg,ood_test,test
flowers102_5030,image_04066.jpg,ood_test,test
flowers102_5031,image_03709.jpg,ood_test,test
flowers102_5032,image_04700.jpg,ood_test,test
flowers102_5033,image_02371.jpg,ood_test,test
flowers102_5034,image_01678.jpg,ood_test,test
flowers102_5035,image_06117.jpg,ood_test,test
flowers102_5036,image_07209.jpg,ood_test,test
flowers102_5037,image_00566.jpg,ood_test,test
flowers102_5038,image_06103.jpg,ood_test,test
flowers102_5039,image_00572.jpg,ood_test,test
flowers102_5040,image_04714.jpg,ood_test,test
flowers102_5041,image_02365.jpg,ood_test,test
flowers102_5042,image_02403.jpg,ood_test,test
flowers102_5043,image_04072.jpg,ood_test,test
flowers102_5044,image_00214.jpg,ood_test,test
flowers102_5045,image_06665.jpg,ood_test,test
flowers102_5046,image_06856.jpg,ood_test,test
flowers102_5047,image_07590.jpg,ood_test,test
flowers102_5048,image_04099.jpg,ood_test,test
flowers102_5049,image_05387.jpg,ood_test,test
flowers102_5050,image_04927.jpg,ood_test,test
flowers102_5051,image_03090.jpg,ood_test,test
flowers102_5052,image_00599.jpg,ood_test,test
flowers102_5053,image_01687.jpg,ood_test,test
flowers102_5054,image_01693.jpg,ood_test,test
flowers102_5055,image_04933.jpg,ood_test,test
flowers102_5056,image_03084.jpg,ood_test,test
flowers102_5057,image_05393.jpg,ood_test,test
flowers102_5058,image_06842.jpg,ood_test,test
flowers102_5059,image_07584.jpg,ood_test,test
flowers102_5060,image_03912.jpg,ood_test,test
flowers102_5061,image_01863.jpg,ood_test,test
flowers102_5062,image_01877.jpg,ood_test,test
flowers102_5063,image_03906.jpg,ood_test,test
flowers102_5064,image_05620.jpg,ood_test,test
flowers102_5065,image_03251.jpg,ood_test,test
flowers102_5066,image_00758.jpg,ood_test,test
flowers102_5067,image_07037.jpg,ood_test,test
flowers102_5068,image_00980.jpg,ood_test,test
flowers102_5069,image_06329.jpg,ood_test,test
flowers102_5070,image_01446.jpg,ood_test,test
flowers102_5071,image_01320.jpg,ood_test,test
flowers102_5072,image_07989.jpg,ood_test,test
flowers102_5073,image_07751.jpg,ood_test,test
flowers102_5074,image_03537.jpg,ood_test,test
flowers102_5075,image_04258.jpg,ood_test,test
flowers102_5076,image_05146.jpg,ood_test,test
flowers102_5077,image_02629.jpg,ood_test,test
flowers102_5078,image_03523.jpg,ood_test,test
flowers102_5079,image_05152.jpg,ood_test,test
flowers102_5080,image_01334.jpg,ood_test,test
flowers102_5081,image_07745.jpg,ood_test,test
flowers102_5082,image_07023.jpg,ood_test,test
flowers102_5083,image_00994.jpg,ood_test,test
flowers102_5084,image_01452.jpg,ood_test,test
flowers102_5085,image_05634.jpg,ood_test,test
flowers102_5086,image_03245.jpg,ood_test,test
flowers102_5087,image_00764.jpg,ood_test,test
flowers102_5088,image_06315.jpg,ood_test,test
flowers102_5089,image_02173.jpg,ood_test,test
flowers102_5090,image_04502.jpg,ood_test,test
flowers102_5091,image_04264.jpg,ood_test,test
flowers102_5092,image_02615.jpg,ood_test,test
flowers102_5093,image_06473.jpg,ood_test,test
flowers102_5094,image_00002.jpg,ood_test,test
flowers102_5095,image_01308.jpg,ood_test,test
flowers102_5096,image_06467.jpg,ood_test,test
flowers102_5097,image_07779.jpg,ood_test,test
flowers102_5098,image_00016.jpg,ood_test,test
flowers102_5099,image_04270.jpg,ood_test,test
flowers102_5100,image_02601.jpg,ood_test,test
flowers102_5101,image_02167.jpg,ood_test,test
flowers102_5102,image_05608.jpg,ood_test,test
flowers102_5103,image_04516.jpg,ood_test,test
flowers102_5104,image_03279.jpg,ood_test,test
flowers102_5105,image_00770.jpg,ood_test,test
flowers102_5106,image_06301.jpg,ood_test,test
flowers102_5107,image_00943.jpg,ood_test,test
flowers102_5108,image_01485.jpg,ood_test,test
flowers102_5109,image_03292.jpg,ood_test,test
flowers102_5110,image_05185.jpg,ood_test,test
flowers102_5111,image_02832.jpg,ood_test,test
flowers102_5112,image_07792.jpg,ood_test,test
flowers102_5113,image_07786.jpg,ood_test,test
flowers102_5114,image_06498.jpg,ood_test,test
flowers102_5115,image_05191.jpg,ood_test,test
flowers102_5116,image_02826.jpg,ood_test,test
flowers102_5117,image_03286.jpg,ood_test,test
flowers102_5118,image_02198.jpg,ood_test,test
flowers102_5119,image_00957.jpg,ood_test,test
flowers102_5120,image_01491.jpg,ood_test,test
flowers102_5121,image_05807.jpg,ood_test,test
flowers102_5122,image_07976.jpg,ood_test,test
flowers102_5123,image_07962.jpg,ood_test,test
flowers102_5124,image_05813.jpg,ood_test,test
flowers102_5125,image_00953.jpg,ood_test,test
flowers102_5126,image_01495.jpg,ood_test,test
flowers102_5127,image_03282.jpg,ood_test,test
flowers102_5128,image_02822.jpg,ood_test,test
flowers102_5129,image_05195.jpg,ood_test,test
flowers102_5130,image_07782.jpg,ood_test,test
flowers102_5131,image_06488.jpg,ood_test,test
flowers102_5132,image_07796.jpg,ood_test,test
flowers102_5133,image_02836.jpg,ood_test,test
flowers102_5134,image_05181.jpg,ood_test,test
flowers102_5135,image_02188.jpg,ood_test,test
flowers102_5136,image_03296.jpg,ood_test,test
flowers102_5137,image_00947.jpg,ood_test,test
flowers102_5138,image_01481.jpg,ood_test,test
flowers102_5139,image_05817.jpg,ood_test,test
flowers102_5140,image_07966.jpg,ood_test,test
flowers102_5141,image_07972.jpg,ood_test,test
flowers102_5142,image_05803.jpg,ood_test,test
flowers102_5143,image_03241.jpg,ood_test,test
flowers102_5144,image_05630.jpg,ood_test,test
flowers102_5145,image_06339.jpg,ood_test,test
flowers102_5146,image_00990.jpg,ood_test,test
flowers102_5147,image_01456.jpg,ood_test,test
flowers102_5148,image_00748.jpg,ood_test,test
flowers102_5149,image_07027.jpg,ood_test,test
flowers102_5150,image_07741.jpg,ood_test,test
flowers102_5151,image_07999.jpg,ood_test,test
flowers102_5152,image_01330.jpg,ood_test,test
flowers102_5153,image_05156.jpg,ood_test,test
flowers102_5154,image_02639.jpg,ood_test,test
flowers102_5155,image_03527.jpg,ood_test,test
flowers102_5156,image_04248.jpg,ood_test,test
flowers102_5157,image_05142.jpg,ood_test,test
flowers102_5158,image_03533.jpg,ood_test,test
flowers102_5159,image_07755.jpg,ood_test,test
flowers102_5160,image_01324.jpg,ood_test,test
flowers102_5161,image_00984.jpg,ood_test,test
flowers102_5162,image_01442.jpg,ood_test,test
flowers102_5163,image_07033.jpg,ood_test,test
flowers102_5164,image_03255.jpg,ood_test,test
flowers102_5165,image_05624.jpg,ood_test,test
flowers102_5166,image_06305.jpg,ood_test,test
flowers102_5167,image_00774.jpg,ood_test,test
flowers102_5168,image_04512.jpg,ood_test,test
flowers102_5169,image_02163.jpg,ood_test,test
flowers102_5170,image_02605.jpg,ood_test,test
flowers102_5171,image_04274.jpg,ood_test,test
flowers102_5172,image_00012.jpg,ood_test,test
flowers102_5173,image_06463.jpg,ood_test,test
flowers102_5174,image_07769.jpg,ood_test,test
flowers102_5175,image_00006.jpg,ood_test,test
flowers102_5176,image_01318.jpg,ood_test,test
flowers102_5177,image_06477.jpg,ood_test,test
flowers102_5178,image_02611.jpg,ood_test,test
flowers102_5179,image_04260.jpg,ood_test,test
flowers102_5180,image_04506.jpg,ood_test,test
flowers102_5181,image_03269.jpg,ood_test,test
flowers102_5182,image_02177.jpg,ood_test,test
flowers102_5183,image_05618.jpg,ood_test,test
flowers102_5184,image_06311.jpg,ood_test,test
flowers102_5185,image_00760.jpg,ood_test,test
flowers102_5186,image_06846.jpg,ood_test,test
flowers102_5187,image_07580.jpg,ood_test,test
flowers102_5188,image_05397.jpg,ood_test,test
flowers102_5189,image_04089.jpg,ood_test,test
flowers102_5190,image_03080.jpg,ood_test,test
flowers102_5191,image_04937.jpg,ood_test,test
flowers102_5192,image_01697.jpg,ood_test,test
flowers102_5193,image_00589.jpg,ood_test,test
flowers102_5194,image_01683.jpg,ood_test,test
flowers102_5195,image_03094.jpg,ood_test,test
flowers102_5196,image_04923.jpg,ood_test,test
flowers102_5197,image_05383.jpg,ood_test,test
flowers102_5198,image_06852.jpg,ood_test,test
flowers102_5199,image_07594.jpg,ood_test,test
flowers102_5200,image_03902.jpg,ood_test,test
flowers102_5201,image_01873.jpg,ood_test,test
flowers102_5202,image_01867.jpg,ood_test,test
flowers102_5203,image_03916.jpg,ood_test,test
flowers102_5204,image_03725.jpg,ood_test,test
flowers102_5205,image_05354.jpg,ood_test,test
flowers102_5206,image_01132.jpg,ood_test,test
flowers102_5207,image_06885.jpg,ood_test,test
flowers102_5208,image_07543.jpg,ood_test,test
flowers102_5209,image_08116.jpg,ood_test,test
flowers102_5210,image_07225.jpg,ood_test,test
flowers102_5211,image_01654.jpg,ood_test,test
flowers102_5212,image_05432.jpg,ood_test,test
flowers102_5213,image_03043.jpg,ood_test,test
flowers102_5214,image_05426.jpg,ood_test,test
flowers102_5215,image_02349.jpg,ood_test,test
flowers102_5216,image_03057.jpg,ood_test,test
flowers102_5217,image_04738.jpg,ood_test,test
flowers102_5218,image_01898.jpg,ood_test,test
flowers102_5219,image_08102.jpg,ood_test,test
flowers102_5220,image_07231.jpg,ood_test,test
flowers102_5221,image_01640.jpg,ood_test,test
flowers102_5222,image_06649.jpg,ood_test,test
flowers102_5223,image_01126.jpg,ood_test,test
flowers102_5224,image_00238.jpg,ood_test,test
flowers102_5225,image_06891.jpg,ood_test,test
flowers102_5226,image_07557.jpg,ood_test,test
flowers102_5227,image_03731.jpg,ood_test,test
flowers102_5228,image_05340.jpg,ood_test,test
flowers102_5229,image_06661.jpg,ood_test,test
flowers102_5230,image_00210.jpg,ood_test,test
flowers102_5231,image_04076.jpg,ood_test,test
flowers102_5232,image_03719.jpg,ood_test,test
flowers102_5233,image_02407.jpg,ood_test,test
flowers102_5234,image_05368.jpg,ood_test,test
flowers102_5235,image_02361.jpg,ood_test,test
flowers102_5236,image_04710.jpg,ood_test,test
flowers102_5237,image_07219.jpg,ood_test,test
flowers102_5238,image_00576.jpg,ood_test,test
flowers102_5239,image_01668.jpg,ood_test,test
flowers102_5240,image_06107.jpg,ood_test,test
flowers102_5241,image_00562.jpg,ood_test,test
flowers102_5242,image_06113.jpg,ood_test,test
flowers102_5243,image_02375.jpg,ood_test,test
flowers102_5244,image_04704.jpg,ood_test,test
flowers102_5245,image_04062.jpg,ood_test,test
flowers102_5246,image_02413.jpg,ood_test,test
flowers102_5247,image_06675.jpg,ood_test,test
flowers102_5248,image_00204.jpg,ood_test,test
flowers102_5249,image_01085.jpg,ood_test,test
flowers102_5250,image_06932.jpg,ood_test,test
flowers102_5251,image_03692.jpg,ood_test,test
flowers102_5252,image_04843.jpg,ood_test,test
flowers102_5253,image_05585.jpg,ood_test,test
flowers102_5254,image_07392.jpg,ood_test,test
flowers102_5255,image_07386.jpg,ood_test,test
flowers102_5256,image_06098.jpg,ood_test,test
flowers102_5257,image_04857.jpg,ood_test,test
flowers102_5258,image_05591.jpg,ood_test,test
flowers102_5259,image_03686.jpg,ood_test,test
flowers102_5260,image_02598.jpg,ood_test,test
flowers102_5261,image_01091.jpg,ood_test,test
flowers102_5262,image_06926.jpg,ood_test,test
flowers102_5263,image_03876.jpg,ood_test,test
flowers102_5264,image_01907.jpg,ood_test,test
flowers102_5265,image_01913.jpg,ood_test,test
flowers102_5266,image_08089.jpg,ood_test,test
flowers102_5267,image_03862.jpg,ood_test,test
flowers102_5268,image_05220.jpg,ood_test,test
flowers102_5269,image_03889.jpg,ood_test,test
flowers102_5270,image_03651.jpg,ood_test,test
flowers102_5271,image_07437.jpg,ood_test,test
flowers102_5272,image_00358.jpg,ood_test,test
flowers102_5273,image_01046.jpg,ood_test,test
flowers102_5274,image_06729.jpg,ood_test,test
flowers102_5275,image_01720.jpg,ood_test,test
flowers102_5276,image_08062.jpg,ood_test,test
flowers102_5277,image_07351.jpg,ood_test,test
flowers102_5278,image_04658.jpg,ood_test,test
flowers102_5279,image_03137.jpg,ood_test,test
flowers102_5280,image_04880.jpg,ood_test,test
flowers102_5281,image_02229.jpg,ood_test,test
flowers102_5282,image_05546.jpg,ood_test,test
flowers102_5283,image_03123.jpg,ood_test,test
flowers102_5284,image_04894.jpg,ood_test,test
flowers102_5285,image_05552.jpg,ood_test,test
flowers102_5286,image_01734.jpg,ood_test,test
flowers102_5287,image_08076.jpg,ood_test,test
flowers102_5288,image_07345.jpg,ood_test,test
flowers102_5289,image_07423.jpg,ood_test,test
flowers102_5290,image_01052.jpg,ood_test,test
flowers102_5291,image_05234.jpg,ood_test,test
flowers102_5292,image_03645.jpg,ood_test,test
flowers102_5293,image_00364.jpg,ood_test,test
flowers102_5294,image_06715.jpg,ood_test,test
flowers102_5295,image_02573.jpg,ood_test,test
flowers102_5296,image_04102.jpg,ood_test,test
flowers102_5297,image_04664.jpg,ood_test,test
flowers102_5298,image_02215.jpg,ood_test,test
flowers102_5299,image_06073.jpg,ood_test,test
flowers102_5300,image_00402.jpg,ood_test,test
flowers102_5301,image_06067.jpg,ood_test,test
flowers102_5302,image_01708.jpg,ood_test,test
flowers102_5303,image_00416.jpg,ood_test,test
flowers102_5304,image_07379.jpg,ood_test,test
flowers102_5305,image_04670.jpg,ood_test,test
flowers102_5306,image_02201.jpg,ood_test,test
flowers102_5307,image_05208.jpg,ood_test,test
flowers102_5308,image_02567.jpg,ood_test,test
flowers102_5309,image_03679.jpg,ood_test,test
flowers102_5310,image_04116.jpg,ood_test,test
flowers102_5311,image_00370.jpg,ood_test,test
flowers102_5312,image_06701.jpg,ood_test,test
flowers102_5313,image_00827.jpg,ood_test,test
flowers102_5314,image_07190.jpg,ood_test,test
flowers102_5315,image_04499.jpg,ood_test,test
flowers102_5316,image_05787.jpg,ood_test,test
flowers102_5317,image_02956.jpg,ood_test,test
flowers102_5318,image_03490.jpg,ood_test,test
flowers102_5319,image_00199.jpg,ood_test,test
flowers102_5320,image_01287.jpg,ood_test,test
flowers102_5321,image_01293.jpg,ood_test,test
flowers102_5322,image_02942.jpg,ood_test,test
flowers102_5323,image_03484.jpg,ood_test,test
flowers102_5324,image_05793.jpg,ood_test,test
flowers102_5325,image_00833.jpg,ood_test,test
flowers102_5326,image_07184.jpg,ood_test,test
flowers102_5327,image_05963.jpg,ood_test,test
flowers102_5328,image_07812.jpg,ood_test,test
flowers102_5329,image_07806.jpg,ood_test,test
flowers102_5330,image_05977.jpg,ood_test,test
flowers102_5331,image_05744.jpg,ood_test,test
flowers102_5332,image_03335.jpg,ood_test,test
flowers102_5333,image_07153.jpg,ood_test,test
flowers102_5334,image_01522.jpg,ood_test,test
flowers102_5335,image_01244.jpg,ood_test,test
flowers102_5336,image_07635.jpg,ood_test,test
flowers102_5337,image_02995.jpg,ood_test,test
flowers102_5338,image_03453.jpg,ood_test,test
flowers102_5339,image_05022.jpg,ood_test,test
flowers102_5340,image_02981.jpg,ood_test,test
flowers102_5341,image_04328.jpg,ood_test,test
flowers102_5342,image_03447.jpg,ood_test,test
flowers102_5343,image_02759.jpg,ood_test,test
flowers102_5344,image_05036.jpg,ood_test,test
flowers102_5345,image_01250.jpg,ood_test,test
flowers102_5346,image_07621.jpg,ood_test,test
flowers102_5347,image_07147.jpg,ood_test,test
flowers102_5348,image_00628.jpg,ood_test,test
flowers102_5349,image_01536.jpg,ood_test,test
flowers102_5350,image_06259.jpg,ood_test,test
flowers102_5351,image_05750.jpg,ood_test,test
flowers102_5352,image_03321.jpg,ood_test,test
flowers102_5353,image_05988.jpg,ood_test,test
flowers102_5354,image_00600.jpg,ood_test,test
flowers102_5355,image_06271.jpg,ood_test,test
flowers102_5356,image_05778.jpg,ood_test,test
flowers102_5357,image_02017.jpg,ood_test,test
flowers102_5358,image_03309.jpg,ood_test,test
flowers102_5359,image_04466.jpg,ood_test,test
flowers102_5360,image_04300.jpg,ood_test,test
flowers102_5361,image_02771.jpg,ood_test,test
flowers102_5362,image_06517.jpg,ood_test,test
flowers102_5363,image_01278.jpg,ood_test,test
flowers102_5364,image_00166.jpg,ood_test,test
flowers102_5365,image_07609.jpg,ood_test,test
flowers102_5366,image_06503.jpg,ood_test,test
flowers102_5367,image_00172.jpg,ood_test,test
flowers102_5368,image_04314.jpg,ood_test,test
flowers102_5369,image_02765.jpg,ood_test,test
flowers102_5370,image_02003.jpg,ood_test,test
flowers102_5371,image_04472.jpg,ood_test,test
flowers102_5372,image_00614.jpg,ood_test,test
flowers102_5373,image_06265.jpg,ood_test,test
flowers102_5374,image_02764.jpg,ood_test,test
flowers102_5375,image_04315.jpg,ood_test,test
flowers102_5376,image_00173.jpg,ood_test,test
flowers102_5377,image_06502.jpg,ood_test,test
flowers102_5378,image_06264.jpg,ood_test,test
flowers102_5379,image_00615.jpg,ood_test,test
flowers102_5380,image_04473.jpg,ood_test,test
flowers102_5381,image_02002.jpg,ood_test,test
flowers102_5382,image_04467.jpg,ood_test,test
flowers102_5383,image_03308.jpg,ood_test,test
flowers102_5384,image_02016.jpg,ood_test,test
flowers102_5385,image_05779.jpg,ood_test,test
flowers102_5386,image_06270.jpg,ood_test,test
flowers102_5387,image_00601.jpg,ood_test,test
flowers102_5388,image_07608.jpg,ood_test,test
flowers102_5389,image_00167.jpg,ood_test,test
flowers102_5390,image_01279.jpg,ood_test,test
flowers102_5391,image_06516.jpg,ood_test,test
flowers102_5392,image_02770.jpg,ood_test,test
flowers102_5393,image_04301.jpg,ood_test,test
flowers102_5394,image_07620.jpg,ood_test,test
flowers102_5395,image_01251.jpg,ood_test,test
flowers102_5396,image_05037.jpg,ood_test,test
flowers102_5397,image_02758.jpg,ood_test,test
flowers102_5398,image_03446.jpg,ood_test,test
flowers102_5399,image_04329.jpg,ood_test,test
flowers102_5400,image_02980.jpg,ood_test,test
flowers102_5401,image_05989.jpg,ood_test,test
flowers102_5402,image_03320.jpg,ood_test,test
flowers102_5403,image_05751.jpg,ood_test,test
flowers102_5404,image_06258.jpg,ood_test,test
flowers102_5405,image_01537.jpg,ood_test,test
flowers102_5406,image_00629.jpg,ood_test,test
flowers102_5407,image_07146.jpg,ood_test,test
flowers102_5408,image_01523.jpg,ood_test,test
flowers102_5409,image_07152.jpg,ood_test,test
flowers102_5410,image_03334.jpg,ood_test,test
flowers102_5411,image_05745.jpg,ood_test,test
flowers102_5412,image_05023.jpg,ood_test,test
flowers102_5413,image_03452.jpg,ood_test,test
flowers102_5414,image_02994.jpg,ood_test,test
flowers102_5415,image_07634.jpg,ood_test,test
flowers102_5416,image_01245.jpg,ood_test,test
flowers102_5417,image_07807.jpg,ood_test,test
flowers102_5418,image_05976.jpg,ood_test,test
flowers102_5419,image_05962.jpg,ood_test,test
flowers102_5420,image_07813.jpg,ood_test,test
flowers102_5421,image_03485.jpg,ood_test,test
flowers102_5422,image_02943.jpg,ood_test,test
flowers102_5423,image_01292.jpg,ood_test,test
flowers102_5424,image_07185.jpg,ood_test,test
flowers102_5425,image_00832.jpg,ood_test,test
flowers102_5426,image_05792.jpg,ood_test,test
flowers102_5427,image_05786.jpg,ood_test,test
flowers102_5428,image_04498.jpg,ood_test,test
flowers102_5429,image_07191.jpg,ood_test,test
flowers102_5430,image_00826.jpg,ood_test,test
flowers102_5431,image_01286.jpg,ood_test,test
flowers102_5432,image_00198.jpg,ood_test,test
flowers102_5433,image_03491.jpg,ood_test,test
flowers102_5434,image_02957.jpg,ood_test,test
flowers102_5435,image_02200.jpg,ood_test,test
flowers102_5436,image_04671.jpg,ood_test,test
flowers102_5437,image_07378.jpg,ood_test,test
flowers102_5438,image_00417.jpg,ood_test,test
flowers102_5439,image_01709.jpg,ood_test,test
flowers102_5440,image_06066.jpg,ood_test,test
flowers102_5441,image_06700.jpg,ood_test,test
flowers102_5442,image_00371.jpg,ood_test,test
flowers102_5443,image_04117.jpg,ood_test,test
flowers102_5444,image_03678.jpg,ood_test,test
flowers102_5445,image_02566.jpg,ood_test,test
flowers102_5446,image_05209.jpg,ood_test,test
flowers102_5447,image_04103.jpg,ood_test,test
flowers102_5448,image_02572.jpg,ood_test,test
flowers102_5449,image_06714.jpg,ood_test,test
flowers102_5450,image_00365.jpg,ood_test,test
flowers102_5451,image_00403.jpg,ood_test,test
flowers102_5452,image_06072.jpg,ood_test,test
flowers102_5453,image_02214.jpg,ood_test,test
flowers102_5454,image_04665.jpg,ood_test,test
flowers102_5455,image_07344.jpg,ood_test,test
flowers102_5456,image_08077.jpg,ood_test,test
flowers102_5457,image_01735.jpg,ood_test,test
flowers102_5458,image_05553.jpg,ood_test,test
flowers102_5459,image_04895.jpg,ood_test,test
flowers102_5460,image_03122.jpg,ood_test,test
flowers102_5461,image_03644.jpg,ood_test,test
flowers102_5462,image_05235.jpg,ood_test,test
flowers102_5463,image_01053.jpg,ood_test,test
flowers102_5464,image_07422.jpg,ood_test,test
flowers102_5465,image_06728.jpg,ood_test,test
flowers102_5466,image_01047.jpg,ood_test,test
flowers102_5467,image_00359.jpg,ood_test,test
flowers102_5468,image_07436.jpg,ood_test,test
flowers102_5469,image_03650.jpg,ood_test,test
flowers102_5470,image_03888.jpg,ood_test,test
flowers102_5471,image_05221.jpg,ood_test,test
flowers102_5472,image_05547.jpg,ood_test,test
flowers102_5473,image_02228.jpg,ood_test,test
flowers102_5474,image_04881.jpg,ood_test,test
flowers102_5475,image_03136.jpg,ood_test,test
flowers102_5476,image_04659.jpg,ood_test,test
flowers102_5477,image_07350.jpg,ood_test,test
flowers102_5478,image_08063.jpg,ood_test,test
flowers102_5479,image_01721.jpg,ood_test,test
flowers102_5480,image_01912.jpg,ood_test,test
flowers102_5481,image_08088.jpg,ood_test,test
flowers102_5482,image_03863.jpg,ood_test,test
flowers102_5483,image_03877.jpg,ood_test,test
flowers102_5484,image_01906.jpg,ood_test,test
flowers102_5485,image_05590.jpg,ood_test,test
flowers102_5486,image_04856.jpg,ood_test,test
flowers102_5487,image_06099.jpg,ood_test,test
flowers102_5488,image_07387.jpg,ood_test,test
flowers102_5489,image_06927.jpg,ood_test,test
flowers102_5490,image_01090.jpg,ood_test,test
flowers102_5491,image_02599.jpg,ood_test,test
flowers102_5492,image_03687.jpg,ood_test,test
flowers102_5493,image_03693.jpg,ood_test,test
flowers102_5494,image_06933.jpg,ood_test,test
flowers102_5495,image_01084.jpg,ood_test,test
flowers102_5496,image_07393.jpg,ood_test,test
flowers102_5497,image_05584.jpg,ood_test,test
flowers102_5498,image_04842.jpg,ood_test,test
flowers102_5499,image_04705.jpg,ood_test,test
flowers102_5500,image_02374.jpg,ood_test,test
flowers102_5501,image_06112.jpg,ood_test,test
flowers102_5502,image_00563.jpg,ood_test,test
flowers102_5503,image_00205.jpg,ood_test,test
flowers102_5504,image_06674.jpg,ood_test,test
flowers102_5505,image_02412.jpg,ood_test,test
flowers102_5506,image_04063.jpg,ood_test,test
flowers102_5507,image_05369.jpg,ood_test,test
flowers102_5508,image_02406.jpg,ood_test,test
flowers102_5509,image_03718.jpg,ood_test,test
flowers102_5510,image_04077.jpg,ood_test,test
flowers102_5511,image_00211.jpg,ood_test,test
flowers102_5512,image_06660.jpg,ood_test,test
flowers102_5513,image_06106.jpg,ood_test,test
flowers102_5514,image_01669.jpg,ood_test,test
flowers102_5515,image_00577.jpg,ood_test,test
flowers102_5516,image_07218.jpg,ood_test,test
flowers102_5517,image_04711.jpg,ood_test,test
flowers102_5518,image_02360.jpg,ood_test,test
flowers102_5519,image_01641.jpg,ood_test,test
flowers102_5520,image_07230.jpg,ood_test,test
flowers102_5521,image_01899.jpg,ood_test,test
flowers102_5522,image_08103.jpg,ood_test,test
flowers102_5523,image_04739.jpg,ood_test,test
flowers102_5524,image_03056.jpg,ood_test,test
flowers102_5525,image_02348.jpg,ood_test,test
flowers102_5526,image_05427.jpg,ood_test,test
flowers102_5527,image_05341.jpg,ood_test,test
flowers102_5528,image_03730.jpg,ood_test,test
flowers102_5529,image_07556.jpg,ood_test,test
flowers102_5530,image_06890.jpg,ood_test,test
flowers102_5531,image_00239.jpg,ood_test,test
flowers102_5532,image_01127.jpg,ood_test,test
flowers102_5533,image_06648.jpg,ood_test,test
flowers102_5534,image_07542.jpg,ood_test,test
flowers102_5535,image_06884.jpg,ood_test,test
flowers102_5536,image_01133.jpg,ood_test,test
flowers102_5537,image_05355.jpg,ood_test,test
flowers102_5538,image_03724.jpg,ood_test,test
flowers102_5539,image_03042.jpg,ood_test,test
flowers102_5540,image_05433.jpg,ood_test,test
flowers102_5541,image_01655.jpg,ood_test,test
flowers102_5542,image_07224.jpg,ood_test,test
flowers102_5543,image_08117.jpg,ood_test,test
flowers102_5544,image_01866.jpg,ood_test,test
flowers102_5545,image_03917.jpg,ood_test,test
flowers102_5546,image_03903.jpg,ood_test,test
flowers102_5547,image_01872.jpg,ood_test,test
flowers102_5548,image_04922.jpg,ood_test,test
flowers102_5549,image_03095.jpg,ood_test,test
flowers102_5550,image_01682.jpg,ood_test,test
flowers102_5551,image_07595.jpg,ood_test,test
flowers102_5552,image_06853.jpg,ood_test,test
flowers102_5553,image_05382.jpg,ood_test,test
flowers102_5554,image_04088.jpg,ood_test,test
flowers102_5555,image_05396.jpg,ood_test,test
flowers102_5556,image_07581.jpg,ood_test,test
flowers102_5557,image_06847.jpg,ood_test,test
flowers102_5558,image_00588.jpg,ood_test,test
flowers102_5559,image_01696.jpg,ood_test,test
flowers102_5560,image_04936.jpg,ood_test,test
flowers102_5561,image_03081.jpg,ood_test,test
flowers102_5562,image_04261.jpg,ood_test,test
flowers102_5563,image_02610.jpg,ood_test,test
flowers102_5564,image_06476.jpg,ood_test,test
flowers102_5565,image_01319.jpg,ood_test,test
flowers102_5566,image_00007.jpg,ood_test,test
flowers102_5567,image_07768.jpg,ood_test,test
flowers102_5568,image_00761.jpg,ood_test,test
flowers102_5569,image_06310.jpg,ood_test,test
flowers102_5570,image_05619.jpg,ood_test,test
flowers102_5571,image_02176.jpg,ood_test,test
flowers102_5572,image_03268.jpg,ood_test,test
flowers102_5573,image_04507.jpg,ood_test,test
flowers102_5574,image_02162.jpg,ood_test,test
flowers102_5575,image_04513.jpg,ood_test,test
flowers102_5576,image_00775.jpg,ood_test,test
flowers102_5577,image_06304.jpg,ood_test,test
flowers102_5578,image_06462.jpg,ood_test,test
flowers102_5579,image_00013.jpg,ood_test,test
flowers102_5580,image_04275.jpg,ood_test,test
flowers102_5581,image_02604.jpg,ood_test,test
flowers102_5582,image_01325.jpg,ood_test,test
flowers102_5583,image_07754.jpg,ood_test,test
flowers102_5584,image_03532.jpg,ood_test,test
flowers102_5585,image_05143.jpg,ood_test,test
flowers102_5586,image_05625.jpg,ood_test,test
flowers102_5587,image_03254.jpg,ood_test,test
flowers102_5588,image_07032.jpg,ood_test,test
flowers102_5589,image_01443.jpg,ood_test,test
flowers102_5590,image_00985.jpg,ood_test,test
flowers102_5591,image_07026.jpg,ood_test,test
flowers102_5592,image_00749.jpg,ood_test,test
flowers102_5593,image_01457.jpg,ood_test,test
flowers102_5594,image_00991.jpg,ood_test,test
flowers102_5595,image_06338.jpg,ood_test,test
flowers102_5596,image_05631.jpg,ood_test,test
flowers102_5597,image_03240.jpg,ood_test,test
flowers102_5598,image_04249.jpg,ood_test,test
flowers102_5599,image_03526.jpg,ood_test,test
flowers102_5600,image_02638.jpg,ood_test,test
flowers102_5601,image_05157.jpg,ood_test,test
flowers102_5602,image_01331.jpg,ood_test,test
flowers102_5603,image_07998.jpg,ood_test,test
flowers102_5604,image_07740.jpg,ood_test,test
flowers102_5605,image_07973.jpg,ood_test,test
flowers102_5606,image_05802.jpg,ood_test,test
flowers102_5607,image_05816.jpg,ood_test,test
flowers102_5608,image_07967.jpg,ood_test,test
flowers102_5609,image_05180.jpg,ood_test,test
flowers102_5610,image_02837.jpg,ood_test,test
flowers102_5611,image_07797.jpg,ood_test,test
flowers102_5612,image_06489.jpg,ood_test,test
flowers102_5613,image_01480.jpg,ood_test,test
flowers102_5614,image_00946.jpg,ood_test,test
flowers102_5615,image_03297.jpg,ood_test,test
flowers102_5616,image_02189.jpg,ood_test,test
flowers102_5617,image_03283.jpg,ood_test,test
flowers102_5618,image_01494.jpg,ood_test,test
flowers102_5619,image_00952.jpg,ood_test,test
flowers102_5620,image_07783.jpg,ood_test,test
flowers102_5621,image_05194.jpg,ood_test,test
flowers102_5622,image_02823.jpg,ood_test,test
flowers102_5623,image_03295.jpg,ood_test,test
flowers102_5624,image_00944.jpg,ood_test,test
flowers102_5625,image_01482.jpg,ood_test,test
flowers102_5626,image_07795.jpg,ood_test,test
flowers102_5627,image_02835.jpg,ood_test,test
flowers102_5628,image_05182.jpg,ood_test,test
flowers102_5629,image_04288.jpg,ood_test,test
flowers102_5630,image_02821.jpg,ood_test,test
flowers102_5631,image_05196.jpg,ood_test,test
flowers102_5632,image_07959.jpg,ood_test,test
flowers102_5633,image_07781.jpg,ood_test,test
flowers102_5634,image_00788.jpg,ood_test,test
flowers102_5635,image_00950.jpg,ood_test,test
flowers102_5636,image_01496.jpg,ood_test,test
flowers102_5637,image_05828.jpg,ood_test,test
flowers102_5638,image_03281.jpg,ood_test,test
flowers102_5639,image_00978.jpg,ood_test,test
flowers102_5640,image_05800.jpg,ood_test,test
flowers102_5641,image_02809.jpg,ood_test,test
flowers102_5642,image_07971.jpg,ood_test,test
flowers102_5643,image_07965.jpg,ood_test,test
flowers102_5644,image_05814.jpg,ood_test,test
flowers102_5645,image_00987.jpg,ood_test,test
flowers102_5646,image_01441.jpg,ood_test,test
flowers102_5647,image_07030.jpg,ood_test,test
flowers102_5648,image_04539.jpg,ood_test,test
flowers102_5649,image_03256.jpg,ood_test,test
flowers102_5650,image_02148.jpg,ood_test,test
flowers102_5651,image_05627.jpg,ood_test,test
flowers102_5652,image_05141.jpg,ood_test,test
flowers102_5653,image_03530.jpg,ood_test,test
flowers102_5654,image_07756.jpg,ood_test,test
flowers102_5655,image_00039.jpg,ood_test,test
flowers102_5656,image_01327.jpg,ood_test,test
flowers102_5657,image_06448.jpg,ood_test,test
flowers102_5658,image_07742.jpg,ood_test,test
flowers102_5659,image_01333.jpg,ood_test,test
flowers102_5660,image_05155.jpg,ood_test,test
flowers102_5661,image_03524.jpg,ood_test,test
flowers102_5662,image_03242.jpg,ood_test,test
flowers102_5663,image_05633.jpg,ood_test,test
flowers102_5664,image_00993.jpg,ood_test,test
flowers102_5665,image_01455.jpg,ood_test,test
flowers102_5666,image_07024.jpg,ood_test,test
flowers102_5667,image_04505.jpg,ood_test,test
flowers102_5668,image_02174.jpg,ood_test,test
flowers102_5669,image_06312.jpg,ood_test,test
flowers102_5670,image_00763.jpg,ood_test,test
flowers102_5671,image_00005.jpg,ood_test,test
flowers102_5672,image_06474.jpg,ood_test,test
flowers102_5673,image_02612.jpg,ood_test,test
flowers102_5674,image_04263.jpg,ood_test,test
flowers102_5675,image_05169.jpg,ood_test,test
flowers102_5676,image_02606.jpg,ood_test,test
flowers102_5677,image_03518.jpg,ood_test,test
flowers102_5678,image_04277.jpg,ood_test,test
flowers102_5679,image_00011.jpg,ood_test,test
flowers102_5680,image_06460.jpg,ood_test,test
flowers102_5681,image_06306.jpg,ood_test,test
flowers102_5682,image_01469.jpg,ood_test,test
flowers102_5683,image_00777.jpg,ood_test,test
flowers102_5684,image_07018.jpg,ood_test,test
flowers102_5685,image_04511.jpg,ood_test,test
flowers102_5686,image_02160.jpg,ood_test,test
flowers102_5687,image_03929.jpg,ood_test,test
flowers102_5688,image_05380.jpg,ood_test,test
flowers102_5689,image_06851.jpg,ood_test,test
flowers102_5690,image_07597.jpg,ood_test,test
flowers102_5691,image_06689.jpg,ood_test,test
flowers102_5692,image_01680.jpg,ood_test,test
flowers102_5693,image_01858.jpg,ood_test,test
flowers102_5694,image_03097.jpg,ood_test,test
flowers102_5695,image_02389.jpg,ood_test,test
flowers102_5696,image_04920.jpg,ood_test,test
flowers102_5697,image_03083.jpg,ood_test,test
flowers102_5698,image_04934.jpg,ood_test,test
flowers102_5699,image_01694.jpg,ood_test,test
flowers102_5700,image_06845.jpg,ood_test,test
flowers102_5701,image_07583.jpg,ood_test,test
flowers102_5702,image_05394.jpg,ood_test,test
flowers102_5703,image_03915.jpg,ood_test,test
flowers102_5704,image_01864.jpg,ood_test,test
flowers102_5705,image_01870.jpg,ood_test,test
flowers102_5706,image_04908.jpg,ood_test,test
flowers102_5707,image_03901.jpg,ood_test,test
flowers102_5708,image_06879.jpg,ood_test,test
flowers102_5709,image_01125.jpg,ood_test,test
flowers102_5710,image_06892.jpg,ood_test,test
flowers102_5711,image_07554.jpg,ood_test,test
flowers102_5712,image_03732.jpg,ood_test,test
flowers102_5713,image_05343.jpg,ood_test,test
flowers102_5714,image_05425.jpg,ood_test,test
flowers102_5715,image_03054.jpg,ood_test,test
flowers102_5716,image_07232.jpg,ood_test,test
flowers102_5717,image_08101.jpg,ood_test,test
flowers102_5718,image_01643.jpg,ood_test,test
flowers102_5719,image_07226.jpg,ood_test,test
flowers102_5720,image_08115.jpg,ood_test,test
flowers102_5721,image_00549.jpg,ood_test,test
flowers102_5722,image_01657.jpg,ood_test,test
flowers102_5723,image_06138.jpg,ood_test,test
flowers102_5724,image_05431.jpg,ood_test,test
flowers102_5725,image_03040.jpg,ood_test,test
flowers102_5726,image_04049.jpg,ood_test,test
flowers102_5727,image_03726.jpg,ood_test,test
flowers102_5728,image_02438.jpg,ood_test,test
flowers102_5729,image_05357.jpg,ood_test,test
flowers102_5730,image_01131.jpg,ood_test,test
flowers102_5731,image_06886.jpg,ood_test,test
flowers102_5732,image_07540.jpg,ood_test,test
flowers102_5733,image_04061.jpg,ood_test,test
flowers102_5734,image_02410.jpg,ood_test,test
flowers102_5735,image_06676.jpg,ood_test,test
flowers102_5736,image_01119.jpg,ood_test,test
flowers102_5737,image_00207.jpg,ood_test,test
flowers102_5738,image_07568.jpg,ood_test,test
flowers102_5739,image_00561.jpg,ood_test,test
flowers102_5740,image_06110.jpg,ood_test,test
flowers102_5741,image_05419.jpg,ood_test,test
flowers102_5742,image_02376.jpg,ood_test,test
flowers102_5743,image_03068.jpg,ood_test,test
flowers102_5744,image_04707.jpg,ood_test,test
flowers102_5745,image_02362.jpg,ood_test,test
flowers102_5746,image_04713.jpg,ood_test,test
flowers102_5747,image_08129.jpg,ood_test,test
flowers102_5748,image_00575.jpg,ood_test,test
flowers102_5749,image_06104.jpg,ood_test,test
flowers102_5750,image_06662.jpg,ood_test,test
flowers102_5751,image_00213.jpg,ood_test,test
flowers102_5752,image_04075.jpg,ood_test,test
flowers102_5753,image_02404.jpg,ood_test,test
flowers102_5754,image_03685.jpg,ood_test,test
flowers102_5755,image_01092.jpg,ood_test,test
flowers102_5756,image_06925.jpg,ood_test,test
flowers102_5757,image_07385.jpg,ood_test,test
flowers102_5758,image_04854.jpg,ood_test,test
flowers102_5759,image_05592.jpg,ood_test,test
flowers102_5760,image_04840.jpg,ood_test,test
flowers102_5761,image_05586.jpg,ood_test,test
flowers102_5762,image_04698.jpg,ood_test,test
flowers102_5763,image_07391.jpg,ood_test,test
flowers102_5764,image_01938.jpg,ood_test,test
flowers102_5765,image_01086.jpg,ood_test,test
flowers102_5766,image_06931.jpg,ood_test,test
flowers102_5767,image_00398.jpg,ood_test,test
flowers102_5768,image_03691.jpg,ood_test,test
flowers102_5769,image_03849.jpg,ood_test,test
flowers102_5770,image_06919.jpg,ood_test,test
flowers102_5771,image_03861.jpg,ood_test,test
flowers102_5772,image_04868.jpg,ood_test,test
flowers102_5773,image_01910.jpg,ood_test,test
flowers102_5774,image_01904.jpg,ood_test,test
flowers102_5775,image_03875.jpg,ood_test,test
flowers102_5776,image_07420.jpg,ood_test,test
flowers102_5777,image_01051.jpg,ood_test,test
flowers102_5778,image_05237.jpg,ood_test,test
flowers102_5779,image_02558.jpg,ood_test,test
flowers102_5780,image_03646.jpg,ood_test,test
flowers102_5781,image_04129.jpg,ood_test,test
flowers102_5782,image_03120.jpg,ood_test,test
flowers102_5783,image_04897.jpg,ood_test,test
flowers102_5784,image_05551.jpg,ood_test,test
flowers102_5785,image_06058.jpg,ood_test,test
flowers102_5786,image_01737.jpg,ood_test,test
flowers102_5787,image_00429.jpg,ood_test,test
flowers102_5788,image_07346.jpg,ood_test,test
flowers102_5789,image_08075.jpg,ood_test,test
flowers102_5790,image_01723.jpg,ood_test,test
flowers102_5791,image_07352.jpg,ood_test,test
flowers102_5792,image_08061.jpg,ood_test,test
flowers102_5793,image_03134.jpg,ood_test,test
flowers102_5794,image_04883.jpg,ood_test,test
flowers102_5795,image_05545.jpg,ood_test,test
flowers102_5796,image_05223.jpg,ood_test,test
flowers102_5797,image_03652.jpg,ood_test,test
flowers102_5798,image_07434.jpg,ood_test,test
flowers102_5799,image_01045.jpg,ood_test,test
flowers102_5800,image_02564.jpg,ood_test,test
flowers102_5801,image_04115.jpg,ood_test,test
flowers102_5802,image_00373.jpg,ood_test,test
flowers102_5803,image_06702.jpg,ood_test,test
flowers102_5804,image_06064.jpg,ood_test,test
flowers102_5805,image_00415.jpg,ood_test,test
flowers102_5806,image_08049.jpg,ood_test,test
flowers102_5807,image_04673.jpg,ood_test,test
flowers102_5808,image_02202.jpg,ood_test,test
flowers102_5809,image_04667.jpg,ood_test,test
flowers102_5810,image_03108.jpg,ood_test,test
flowers102_5811,image_02216.jpg,ood_test,test
flowers102_5812,image_05579.jpg,ood_test,test
flowers102_5813,image_06070.jpg,ood_test,test
flowers102_5814,image_00401.jpg,ood_test,test
flowers102_5815,image_07408.jpg,ood_test,test
flowers102_5816,image_00367.jpg,ood_test,test
flowers102_5817,image_01079.jpg,ood_test,test
flowers102_5818,image_06716.jpg,ood_test,test
flowers102_5819,image_02570.jpg,ood_test,test
flowers102_5820,image_04101.jpg,ood_test,test
flowers102_5821,image_05948.jpg,ood_test,test
flowers102_5822,image_05790.jpg,ood_test,test
flowers102_5823,image_00830.jpg,ood_test,test
flowers102_5824,image_06299.jpg,ood_test,test
flowers102_5825,image_07187.jpg,ood_test,test
flowers102_5826,image_01290.jpg,ood_test,test
flowers102_5827,image_07839.jpg,ood_test,test
flowers102_5828,image_02799.jpg,ood_test,test
flowers102_5829,image_02941.jpg,ood_test,test
flowers102_5830,image_03487.jpg,ood_test,test
flowers102_5831,image_02955.jpg,ood_test,test
flowers102_5832,image_03493.jpg,ood_test,test
flowers102_5833,image_01284.jpg,ood_test,test
flowers102_5834,image_00824.jpg,ood_test,test
flowers102_5835,image_07193.jpg,ood_test,test
flowers102_5836,image_05784.jpg,ood_test,test
flowers102_5837,image_05974.jpg,ood_test,test
flowers102_5838,image_07805.jpg,ood_test,test
flowers102_5839,image_07811.jpg,ood_test,test
flowers102_5840,image_02969.jpg,ood_test,test
flowers102_5841,image_05960.jpg,ood_test,test
flowers102_5842,image_00818.jpg,ood_test,test
flowers102_5843,image_07144.jpg,ood_test,test
flowers102_5844,image_01535.jpg,ood_test,test
flowers102_5845,image_05753.jpg,ood_test,test
flowers102_5846,image_03322.jpg,ood_test,test
flowers102_5847,image_02982.jpg,ood_test,test
flowers102_5848,image_03444.jpg,ood_test,test
flowers102_5849,image_05035.jpg,ood_test,test
flowers102_5850,image_01253.jpg,ood_test,test
flowers102_5851,image_07622.jpg,ood_test,test
flowers102_5852,image_06528.jpg,ood_test,test
flowers102_5853,image_01247.jpg,ood_test,test
flowers102_5854,image_00159.jpg,ood_test,test
flowers102_5855,image_07636.jpg,ood_test,test
flowers102_5856,image_02996.jpg,ood_test,test
flowers102_5857,image_03450.jpg,ood_test,test
flowers102_5858,image_05021.jpg,ood_test,test
flowers102_5859,image_05747.jpg,ood_test,test
flowers102_5860,image_02028.jpg,ood_test,test
flowers102_5861,image_03336.jpg,ood_test,test
flowers102_5862,image_04459.jpg,ood_test,test
flowers102_5863,image_07150.jpg,ood_test,test
flowers102_5864,image_01521.jpg,ood_test,test
flowers102_5865,image_02000.jpg,ood_test,test
flowers102_5866,image_04471.jpg,ood_test,test
flowers102_5867,image_07178.jpg,ood_test,test
flowers102_5868,image_00617.jpg,ood_test,test
flowers102_5869,image_01509.jpg,ood_test,test
flowers102_5870,image_06266.jpg,ood_test,test
flowers102_5871,image_06500.jpg,ood_test,test
flowers102_5872,image_00171.jpg,ood_test,test
flowers102_5873,image_04317.jpg,ood_test,test
flowers102_5874,image_03478.jpg,ood_test,test
flowers102_5875,image_02766.jpg,ood_test,test
flowers102_5876,image_05009.jpg,ood_test,test
flowers102_5877,image_04303.jpg,ood_test,test
flowers102_5878,image_02772.jpg,ood_test,test
flowers102_5879,image_06514.jpg,ood_test,test
flowers102_5880,image_00165.jpg,ood_test,test
flowers102_5881,image_00603.jpg,ood_test,test
flowers102_5882,image_06272.jpg,ood_test,test
flowers102_5883,image_02014.jpg,ood_test,test
flowers102_5884,image_04465.jpg,ood_test,test
flowers102_5885,image_00164.jpg,ood_test,test
flowers102_5886,image_06515.jpg,ood_test,test
flowers102_5887,image_02773.jpg,ood_test,test
flowers102_5888,image_04302.jpg,ood_test,test
flowers102_5889,image_04464.jpg,ood_test,test
flowers102_5890,image_02015.jpg,ood_test,test
flowers102_5891,image_06273.jpg,ood_test,test
flowers102_5892,image_00602.jpg,ood_test,test
flowers102_5893,image_06267.jpg,ood_test,test
flowers102_5894,image_01508.jpg,ood_test,test
flowers102_5895,image_00616.jpg,ood_test,test
flowers102_5896,image_07179.jpg,ood_test,test
flowers102_5897,image_04470.jpg,ood_test,test
flowers102_5898,image_02001.jpg,ood_test,test
flowers102_5899,image_05008.jpg,ood_test,test
flowers102_5900,image_02767.jpg,ood_test,test
flowers102_5901,image_03479.jpg,ood_test,test
flowers102_5902,image_04316.jpg,ood_test,test
flowers102_5903,image_00170.jpg,ood_test,test
flowers102_5904,image_06501.jpg,ood_test,test
flowers102_5905,image_05020.jpg,ood_test,test
flowers102_5906,image_03451.jpg,ood_test,test
flowers102_5907,image_02997.jpg,ood_test,test
flowers102_5908,image_07637.jpg,ood_test,test
flowers102_5909,image_00158.jpg,ood_test,test
flowers102_5910,image_01246.jpg,ood_test,test
flowers102_5911,image_06529.jpg,ood_test,test
flowers102_5912,image_01520.jpg,ood_test,test
flowers102_5913,image_07151.jpg,ood_test,test
flowers102_5914,image_04458.jpg,ood_test,test
flowers102_5915,image_03337.jpg,ood_test,test
flowers102_5916,image_02029.jpg,ood_test,test
flowers102_5917,image_05746.jpg,ood_test,test
flowers102_5918,image_03323.jpg,ood_test,test
flowers102_5919,image_05752.jpg,ood_test,test
flowers102_5920,image_01534.jpg,ood_test,test
flowers102_5921,image_07145.jpg,ood_test,test
flowers102_5922,image_07623.jpg,ood_test,test
flowers102_5923,image_01252.jpg,ood_test,test
flowers102_5924,image_05034.jpg,ood_test,test
flowers102_5925,image_03445.jpg,ood_test,test
flowers102_5926,image_02983.jpg,ood_test,test
flowers102_5927,image_02968.jpg,ood_test,test
flowers102_5928,image_07810.jpg,ood_test,test
flowers102_5929,image_00819.jpg,ood_test,test
flowers102_5930,image_05961.jpg,ood_test,test
flowers102_5931,image_05975.jpg,ood_test,test
flowers102_5932,image_07804.jpg,ood_test,test
flowers102_5933,image_01285.jpg,ood_test,test
flowers102_5934,image_03492.jpg,ood_test,test
flowers102_5935,image_02954.jpg,ood_test,test
flowers102_5936,image_05785.jpg,ood_test,test
flowers102_5937,image_07192.jpg,ood_test,test
flowers102_5938,image_00825.jpg,ood_test,test
flowers102_5939,image_07186.jpg,ood_test,test
flowers102_5940,image_06298.jpg,ood_test,test
flowers102_5941,image_00831.jpg,ood_test,test
flowers102_5942,image_05791.jpg,ood_test,test
flowers102_5943,image_05949.jpg,ood_test,test
flowers102_5944,image_03486.jpg,ood_test,test
flowers102_5945,image_02940.jpg,ood_test,test
flowers102_5946,image_02798.jpg,ood_test,test
flowers102_5947,image_07838.jpg,ood_test,test
flowers102_5948,image_01291.jpg,ood_test,test
flowers102_5949,image_00400.jpg,ood_test,test
flowers102_5950,image_06071.jpg,ood_test,test
flowers102_5951,image_05578.jpg,ood_test,test
flowers102_5952,image_02217.jpg,ood_test,test
flowers102_5953,image_03109.jpg,ood_test,test
flowers102_5954,image_04666.jpg,ood_test,test
flowers102_5955,image_04100.jpg,ood_test,test
flowers102_5956,image_02571.jpg,ood_test,test
flowers102_5957,image_06717.jpg,ood_test,test
flowers102_5958,image_01078.jpg,ood_test,test
flowers102_5959,image_00366.jpg,ood_test,test
flowers102_5960,image_07409.jpg,ood_test,test
flowers102_5961,image_06703.jpg,ood_test,test
flowers102_5962,image_00372.jpg,ood_test,test
flowers102_5963,image_04114.jpg,ood_test,test
flowers102_5964,image_02565.jpg,ood_test,test
flowers102_5965,image_02203.jpg,ood_test,test
flowers102_5966,image_04672.jpg,ood_test,test
flowers102_5967,image_08048.jpg,ood_test,test
flowers102_5968,image_00414.jpg,ood_test,test
flowers102_5969,image_06065.jpg,ood_test,test
flowers102_5970,image_05544.jpg,ood_test,test
flowers102_5971,image_04882.jpg,ood_test,test
flowers102_5972,image_03135.jpg,ood_test,test
flowers102_5973,image_08060.jpg,ood_test,test
flowers102_5974,image_07353.jpg,ood_test,test
flowers102_5975,image_01722.jpg,ood_test,test
flowers102_5976,image_01044.jpg,ood_test,test
flowers102_5977,image_07435.jpg,ood_test,test
flowers102_5978,image_03653.jpg,ood_test,test
flowers102_5979,image_05222.jpg,ood_test,test
flowers102_5980,image_04128.jpg,ood_test,test
flowers102_5981,image_03647.jpg,ood_test,test
flowers102_5982,image_02559.jpg,ood_test,test
flowers102_5983,image_05236.jpg,ood_test,test
flowers102_5984,image_01050.jpg,ood_test,test
flowers102_5985,image_07421.jpg,ood_test,test
flowers102_5986,image_08074.jpg,ood_test,test
flowers102_5987,image_07347.jpg,ood_test,test
flowers102_5988,image_00428.jpg,ood_test,test
flowers102_5989,image_01736.jpg,ood_test,test
flowers102_5990,image_06059.jpg,ood_test,test
flowers102_5991,image_05550.jpg,ood_test,test
flowers102_5992,image_04896.jpg,ood_test,test
flowers102_5993,image_03121.jpg,ood_test,test
flowers102_5994,image_01905.jpg,ood_test,test
flowers102_5995,image_03874.jpg,ood_test,test
flowers102_5996,image_03860.jpg,ood_test,test
flowers102_5997,image_06918.jpg,ood_test,test
flowers102_5998,image_01911.jpg,ood_test,test
flowers102_5999,image_04869.jpg,ood_test,test
flowers102_6000,image_01939.jpg,ood_test,test
flowers102_6001,image_07390.jpg,ood_test,test
flowers102_6002,image_04699.jpg,ood_test,test
flowers102_6003,image_05587.jpg,ood_test,test
flowers102_6004,image_04841.jpg,ood_test,test
flowers102_6005,image_03848.jpg,ood_test,test
flowers102_6006,image_03690.jpg,ood_test,test
flowers102_6007,image_00399.jpg,ood_test,test
flowers102_6008,image_06930.jpg,ood_test,test
flowers102_6009,image_01087.jpg,ood_test,test
flowers102_6010,image_06924.jpg,ood_test,test
flowers102_6011,image_01093.jpg,ood_test,test
flowers102_6012,image_03684.jpg,ood_test,test
flowers102_6013,image_05593.jpg,ood_test,test
flowers102_6014,image_04855.jpg,ood_test,test
flowers102_6015,image_07384.jpg,ood_test,test
flowers102_6016,image_06105.jpg,ood_test,test
flowers102_6017,image_00574.jpg,ood_test,test
flowers102_6018,image_08128.jpg,ood_test,test
flowers102_6019,image_04712.jpg,ood_test,test
flowers102_6020,image_02363.jpg,ood_test,test
flowers102_6021,image_02405.jpg,ood_test,test
flowers102_6022,image_04074.jpg,ood_test,test
flowers102_6023,image_00212.jpg,ood_test,test
flowers102_6024,image_06663.jpg,ood_test,test
flowers102_6025,image_07569.jpg,ood_test,test
flowers102_6026,image_00206.jpg,ood_test,test
flowers102_6027,image_01118.jpg,ood_test,test
flowers102_6028,image_06677.jpg,ood_test,test
flowers102_6029,image_02411.jpg,ood_test,test
flowers102_6030,image_04060.jpg,ood_test,test
flowers102_6031,image_04706.jpg,ood_test,test
flowers102_6032,image_03069.jpg,ood_test,test
flowers102_6033,image_02377.jpg,ood_test,test
flowers102_6034,image_05418.jpg,ood_test,test
flowers102_6035,image_06111.jpg,ood_test,test
flowers102_6036,image_00560.jpg,ood_test,test
flowers102_6037,image_03041.jpg,ood_test,test
flowers102_6038,image_05430.jpg,ood_test,test
flowers102_6039,image_06139.jpg,ood_test,test
flowers102_6040,image_01656.jpg,ood_test,test
flowers102_6041,image_00548.jpg,ood_test,test
flowers102_6042,image_08114.jpg,ood_test,test
flowers102_6043,image_07227.jpg,ood_test,test
flowers102_6044,image_07541.jpg,ood_test,test
flowers102_6045,image_06887.jpg,ood_test,test
flowers102_6046,image_01130.jpg,ood_test,test
flowers102_6047,image_05356.jpg,ood_test,test
flowers102_6048,image_02439.jpg,ood_test,test
flowers102_6049,image_03727.jpg,ood_test,test
flowers102_6050,image_04048.jpg,ood_test,test
flowers102_6051,image_05342.jpg,ood_test,test
flowers102_6052,image_03733.jpg,ood_test,test
flowers102_6053,image_07555.jpg,ood_test,test
flowers102_6054,image_06893.jpg,ood_test,test
flowers102_6055,image_01124.jpg,ood_test,test
flowers102_6056,image_01642.jpg,ood_test,test
flowers102_6057,image_08100.jpg,ood_test,test
flowers102_6058,image_07233.jpg,ood_test,test
flowers102_6059,image_03055.jpg,ood_test,test
flowers102_6060,image_05424.jpg,ood_test,test
flowers102_6061,image_04909.jpg,ood_test,test
flowers102_6062,image_01871.jpg,ood_test,test
flowers102_6063,image_06878.jpg,ood_test,test
flowers102_6064,image_03900.jpg,ood_test,test
flowers102_6065,image_03914.jpg,ood_test,test
flowers102_6066,image_01865.jpg,ood_test,test
flowers102_6067,image_01695.jpg,ood_test,test
flowers102_6068,image_04935.jpg,ood_test,test
flowers102_6069,image_03082.jpg,ood_test,test
flowers102_6070,image_05395.jpg,ood_test,test
flowers102_6071,image_07582.jpg,ood_test,test
flowers102_6072,image_06844.jpg,ood_test,test
flowers102_6073,image_06688.jpg,ood_test,test
flowers102_6074,image_07596.jpg,ood_test,test
flowers102_6075,image_06850.jpg,ood_test,test
flowers102_6076,image_05381.jpg,ood_test,test
flowers102_6077,image_03928.jpg,ood_test,test
flowers102_6078,image_04921.jpg,ood_test,test
flowers102_6079,image_02388.jpg,ood_test,test
flowers102_6080,image_03096.jpg,ood_test,test
flowers102_6081,image_01859.jpg,ood_test,test
flowers102_6082,image_01681.jpg,ood_test,test
flowers102_6083,image_06461.jpg,ood_test,test
flowers102_6084,image_00010.jpg,ood_test,test
flowers102_6085,image_04276.jpg,ood_test,test
flowers102_6086,image_03519.jpg,ood_test,test
flowers102_6087,image_02607.jpg,ood_test,test
flowers102_6088,image_05168.jpg,ood_test,test
flowers102_6089,image_02161.jpg,ood_test,test
flowers102_6090,image_04510.jpg,ood_test,test
flowers102_6091,image_07019.jpg,ood_test,test
flowers102_6092,image_00776.jpg,ood_test,test
flowers102_6093,image_01468.jpg,ood_test,test
flowers102_6094,image_06307.jpg,ood_test,test
flowers102_6095,image_00762.jpg,ood_test,test
flowers102_6096,image_06313.jpg,ood_test,test
flowers102_6097,image_02175.jpg,ood_test,test
flowers102_6098,image_04504.jpg,ood_test,test
flowers102_6099,image_04262.jpg,ood_test,test
flowers102_6100,image_02613.jpg,ood_test,test
flowers102_6101,image_06475.jpg,ood_test,test
flowers102_6102,image_00004.jpg,ood_test,test
flowers102_6103,image_03525.jpg,ood_test,test
flowers102_6104,image_05154.jpg,ood_test,test
flowers102_6105,image_01332.jpg,ood_test,test
flowers102_6106,image_07743.jpg,ood_test,test
flowers102_6107,image_07025.jpg,ood_test,test
flowers102_6108,image_01454.jpg,ood_test,test
flowers102_6109,image_00992.jpg,ood_test,test
flowers102_6110,image_05632.jpg,ood_test,test
flowers102_6111,image_03243.jpg,ood_test,test
flowers102_6112,image_05626.jpg,ood_test,test
flowers102_6113,image_02149.jpg,ood_test,test
flowers102_6114,image_03257.jpg,ood_test,test
flowers102_6115,image_04538.jpg,ood_test,test
flowers102_6116,image_07031.jpg,ood_test,test
flowers102_6117,image_01440.jpg,ood_test,test
flowers102_6118,image_00986.jpg,ood_test,test
flowers102_6119,image_06449.jpg,ood_test,test
flowers102_6120,image_01326.jpg,ood_test,test
flowers102_6121,image_00038.jpg,ood_test,test
flowers102_6122,image_07757.jpg,ood_test,test
flowers102_6123,image_03531.jpg,ood_test,test
flowers102_6124,image_05140.jpg,ood_test,test
flowers102_6125,image_07964.jpg,ood_test,test
flowers102_6126,image_05815.jpg,ood_test,test
flowers102_6127,image_05801.jpg,ood_test,test
flowers102_6128,image_00979.jpg,ood_test,test
flowers102_6129,image_07970.jpg,ood_test,test
flowers102_6130,image_02808.jpg,ood_test,test
flowers102_6131,image_07780.jpg,ood_test,test
flowers102_6132,image_07958.jpg,ood_test,test
flowers102_6133,image_05197.jpg,ood_test,test
flowers102_6134,image_02820.jpg,ood_test,test
flowers102_6135,image_04289.jpg,ood_test,test
flowers102_6136,image_03280.jpg,ood_test,test
flowers102_6137,image_05829.jpg,ood_test,test
flowers102_6138,image_01497.jpg,ood_test,test
flowers102_6139,image_00951.jpg,ood_test,test
flowers102_6140,image_00789.jpg,ood_test,test
flowers102_6141,image_01483.jpg,ood_test,test
flowers102_6142,image_00945.jpg,ood_test,test
flowers102_6143,image_03294.jpg,ood_test,test
flowers102_6144,image_05183.jpg,ood_test,test
flowers102_6145,image_02834.jpg,ood_test,test
flowers102_6146,image_07794.jpg,ood_test,test
flowers102_6147,image_05866.jpg,ood_test,test
flowers102_6148,image_07917.jpg,ood_test,test
flowers102_6149,image_07903.jpg,ood_test,test
flowers102_6150,image_05872.jpg,ood_test,test
flowers102_6151,image_07095.jpg,ood_test,test
flowers102_6152,image_00922.jpg,ood_test,test
flowers102_6153,image_05682.jpg,ood_test,test
flowers102_6154,image_02853.jpg,ood_test,test
flowers102_6155,image_03595.jpg,ood_test,test
flowers102_6156,image_01382.jpg,ood_test,test
flowers102_6157,image_01396.jpg,ood_test,test
flowers102_6158,image_00088.jpg,ood_test,test
flowers102_6159,image_02847.jpg,ood_test,test
flowers102_6160,image_03581.jpg,ood_test,test
flowers102_6161,image_05696.jpg,ood_test,test
flowers102_6162,image_04588.jpg,ood_test,test
flowers102_6163,image_07081.jpg,ood_test,test
flowers102_6164,image_00936.jpg,ood_test,test
flowers102_6165,image_06374.jpg,ood_test,test
flowers102_6166,image_00705.jpg,ood_test,test
flowers102_6167,image_04563.jpg,ood_test,test
flowers102_6168,image_02112.jpg,ood_test,test
flowers102_6169,image_02674.jpg,ood_test,test
flowers102_6170,image_04205.jpg,ood_test,test
flowers102_6171,image_00063.jpg,ood_test,test
flowers102_6172,image_06412.jpg,ood_test,test
flowers102_6173,image_00077.jpg,ood_test,test
flowers102_6174,image_07718.jpg,ood_test,test
flowers102_6175,image_06406.jpg,ood_test,test
flowers102_6176,image_01369.jpg,ood_test,test
flowers102_6177,image_02660.jpg,ood_test,test
flowers102_6178,image_04211.jpg,ood_test,test
flowers102_6179,image_03218.jpg,ood_test,test
flowers102_6180,image_04577.jpg,ood_test,test
flowers102_6181,image_05669.jpg,ood_test,test
flowers102_6182,image_02106.jpg,ood_test,test
flowers102_6183,image_06360.jpg,ood_test,test
flowers102_6184,image_00711.jpg,ood_test,test
flowers102_6185,image_03230.jpg,ood_test,test
flowers102_6186,image_05899.jpg,ood_test,test
flowers102_6187,image_05641.jpg,ood_test,test
flowers102_6188,image_01427.jpg,ood_test,test
flowers102_6189,image_06348.jpg,ood_test,test
flowers102_6190,image_07056.jpg,ood_test,test
flowers102_6191,image_00739.jpg,ood_test,test
flowers102_6192,image_07730.jpg,ood_test,test
flowers102_6193,image_01341.jpg,ood_test,test
flowers102_6194,image_02648.jpg,ood_test,test
flowers102_6195,image_05127.jpg,ood_test,test
flowers102_6196,image_02890.jpg,ood_test,test
flowers102_6197,image_04239.jpg,ood_test,test
flowers102_6198,image_03556.jpg,ood_test,test
flowers102_6199,image_05133.jpg,ood_test,test
flowers102_6200,image_02884.jpg,ood_test,test
flowers102_6201,image_03542.jpg,ood_test,test
flowers102_6202,image_07724.jpg,ood_test,test
flowers102_6203,image_01355.jpg,ood_test,test
flowers102_6204,image_01433.jpg,ood_test,test
flowers102_6205,image_07042.jpg,ood_test,test
flowers102_6206,image_03224.jpg,ood_test,test
flowers102_6207,image_05655.jpg,ood_test,test
flowers102_6208,image_03973.jpg,ood_test,test
flowers102_6209,image_01802.jpg,ood_test,test
flowers102_6210,image_01816.jpg,ood_test,test
flowers102_6211,image_03967.jpg,ood_test,test
flowers102_6212,image_06837.jpg,ood_test,test
flowers102_6213,image_01180.jpg,ood_test,test
flowers102_6214,image_02489.jpg,ood_test,test
flowers102_6215,image_03797.jpg,ood_test,test
flowers102_6216,image_04946.jpg,ood_test,test
flowers102_6217,image_05480.jpg,ood_test,test
flowers102_6218,image_06189.jpg,ood_test,test
flowers102_6219,image_07297.jpg,ood_test,test
flowers102_6220,image_07283.jpg,ood_test,test
flowers102_6221,image_04952.jpg,ood_test,test
flowers102_6222,image_05494.jpg,ood_test,test
flowers102_6223,image_03783.jpg,ood_test,test
flowers102_6224,image_06823.jpg,ood_test,test
flowers102_6225,image_01194.jpg,ood_test,test
flowers102_6226,image_06610.jpg,ood_test,test
flowers102_6227,image_00261.jpg,ood_test,test
flowers102_6228,image_03768.jpg,ood_test,test
flowers102_6229,image_04007.jpg,ood_test,test
flowers102_6230,image_05319.jpg,ood_test,test
flowers102_6231,image_02476.jpg,ood_test,test
flowers102_6232,image_02310.jpg,ood_test,test
flowers102_6233,image_04761.jpg,ood_test,test
flowers102_6234,image_00507.jpg,ood_test,test
flowers102_6235,image_07268.jpg,ood_test,test
flowers102_6236,image_06176.jpg,ood_test,test
flowers102_6237,image_01619.jpg,ood_test,test
flowers102_6238,image_00513.jpg,ood_test,test
flowers102_6239,image_06162.jpg,ood_test,test
flowers102_6240,image_02304.jpg,ood_test,test
flowers102_6241,image_04775.jpg,ood_test,test
flowers102_6242,image_04013.jpg,ood_test,test
flowers102_6243,image_02462.jpg,ood_test,test
flowers102_6244,image_06604.jpg,ood_test,test
flowers102_6245,image_00275.jpg,ood_test,test
flowers102_6246,image_03754.jpg,ood_test,test
flowers102_6247,image_05325.jpg,ood_test,test
flowers102_6248,image_01143.jpg,ood_test,test
flowers102_6249,image_07532.jpg,ood_test,test
flowers102_6250,image_08167.jpg,ood_test,test
flowers102_6251,image_07254.jpg,ood_test,test
flowers102_6252,image_01625.jpg,ood_test,test
flowers102_6253,image_04985.jpg,ood_test,test
flowers102_6254,image_05443.jpg,ood_test,test
flowers102_6255,image_03032.jpg,ood_test,test
flowers102_6256,image_04991.jpg,ood_test,test
flowers102_6257,image_02338.jpg,ood_test,test
flowers102_6258,image_05457.jpg,ood_test,test
flowers102_6259,image_04749.jpg,ood_test,test
flowers102_6260,image_03026.jpg,ood_test,test
flowers102_6261,image_08173.jpg,ood_test,test
flowers102_6262,image_07240.jpg,ood_test,test
flowers102_6263,image_01631.jpg,ood_test,test
flowers102_6264,image_01157.jpg,ood_test,test
flowers102_6265,image_06638.jpg,ood_test,test
flowers102_6266,image_07526.jpg,ood_test,test
flowers102_6267,image_00249.jpg,ood_test,test
flowers102_6268,image_03740.jpg,ood_test,test
flowers102_6269,image_05331.jpg,ood_test,test
flowers102_6270,image_03998.jpg,ood_test,test
flowers102_6271,image_03807.jpg,ood_test,test
flowers102_6272,image_01976.jpg,ood_test,test
flowers102_6273,image_01962.jpg,ood_test,test
flowers102_6274,image_03813.jpg,ood_test,test
flowers102_6275,image_06943.jpg,ood_test,test
flowers102_6276,image_07485.jpg,ood_test,test
flowers102_6277,image_05292.jpg,ood_test,test
flowers102_6278,image_04832.jpg,ood_test,test
flowers102_6279,image_03185.jpg,ood_test,test
flowers102_6280,image_01792.jpg,ood_test,test
flowers102_6281,image_00498.jpg,ood_test,test
flowers102_6282,image_01786.jpg,ood_test,test
flowers102_6283,image_04826.jpg,ood_test,test
flowers102_6284,image_03191.jpg,ood_test,test
flowers102_6285,image_04198.jpg,ood_test,test
flowers102_6286,image_05286.jpg,ood_test,test
flowers102_6287,image_06957.jpg,ood_test,test
flowers102_6288,image_07491.jpg,ood_test,test
flowers102_6289,image_00315.jpg,ood_test,test
flowers102_6290,image_06764.jpg,ood_test,test
flowers102_6291,image_02502.jpg,ood_test,test
flowers102_6292,image_04173.jpg,ood_test,test
flowers102_6293,image_04615.jpg,ood_test,test
flowers102_6294,image_02264.jpg,ood_test,test
flowers102_6295,image_06002.jpg,ood_test,test
flowers102_6296,image_00473.jpg,ood_test,test
flowers102_6297,image_01779.jpg,ood_test,test
flowers102_6298,image_06016.jpg,ood_test,test
flowers102_6299,image_07308.jpg,ood_test,test
flowers102_6300,image_00467.jpg,ood_test,test
flowers102_6301,image_04601.jpg,ood_test,test
flowers102_6302,image_02270.jpg,ood_test,test
flowers102_6303,image_02516.jpg,ood_test,test
flowers102_6304,image_05279.jpg,ood_test,test
flowers102_6305,image_04167.jpg,ood_test,test
flowers102_6306,image_03608.jpg,ood_test,test
flowers102_6307,image_00301.jpg,ood_test,test
flowers102_6308,image_06770.jpg,ood_test,test
flowers102_6309,image_05251.jpg,ood_test,test
flowers102_6310,image_03620.jpg,ood_test,test
flowers102_6311,image_00329.jpg,ood_test,test
flowers102_6312,image_06980.jpg,ood_test,test
flowers102_6313,image_07446.jpg,ood_test,test
flowers102_6314,image_06758.jpg,ood_test,test
flowers102_6315,image_01037.jpg,ood_test,test
flowers102_6316,image_01751.jpg,ood_test,test
flowers102_6317,image_01989.jpg,ood_test,test
flowers102_6318,image_08013.jpg,ood_test,test
flowers102_6319,image_07320.jpg,ood_test,test
flowers102_6320,image_03146.jpg,ood_test,test
flowers102_6321,image_04629.jpg,ood_test,test
flowers102_6322,image_05537.jpg,ood_test,test
flowers102_6323,image_02258.jpg,ood_test,test
flowers102_6324,image_03152.jpg,ood_test,test
flowers102_6325,image_05523.jpg,ood_test,test
flowers102_6326,image_01745.jpg,ood_test,test
flowers102_6327,image_08007.jpg,ood_test,test
flowers102_6328,image_07334.jpg,ood_test,test
flowers102_6329,image_06994.jpg,ood_test,test
flowers102_6330,image_07452.jpg,ood_test,test
flowers102_6331,image_01023.jpg,ood_test,test
flowers102_6332,image_05245.jpg,ood_test,test
flowers102_6333,image_03634.jpg,ood_test,test
flowers102_6334,image_05912.jpg,ood_test,test
flowers102_6335,image_07863.jpg,ood_test,test
flowers102_6336,image_07877.jpg,ood_test,test
flowers102_6337,image_05906.jpg,ood_test,test
flowers102_6338,image_00856.jpg,ood_test,test
flowers102_6339,image_01590.jpg,ood_test,test
flowers102_6340,image_03387.jpg,ood_test,test
flowers102_6341,image_02099.jpg,ood_test,test
flowers102_6342,image_05090.jpg,ood_test,test
flowers102_6343,image_02927.jpg,ood_test,test
flowers102_6344,image_07687.jpg,ood_test,test
flowers102_6345,image_06599.jpg,ood_test,test
flowers102_6346,image_07693.jpg,ood_test,test
flowers102_6347,image_05084.jpg,ood_test,test
flowers102_6348,image_02933.jpg,ood_test,test
flowers102_6349,image_03393.jpg,ood_test,test
flowers102_6350,image_00842.jpg,ood_test,test
flowers102_6351,image_01584.jpg,ood_test,test
flowers102_6352,image_00671.jpg,ood_test,test
flowers102_6353,image_06200.jpg,ood_test,test
flowers102_6354,image_02066.jpg,ood_test,test
flowers102_6355,image_05709.jpg,ood_test,test
flowers102_6356,image_04417.jpg,ood_test,test
flowers102_6357,image_03378.jpg,ood_test,test
flowers102_6358,image_04371.jpg,ood_test,test
flowers102_6359,image_02700.jpg,ood_test,test
flowers102_6360,image_01209.jpg,ood_test,test
flowers102_6361,image_06566.jpg,ood_test,test
flowers102_6362,image_07678.jpg,ood_test,test
flowers102_6363,image_00117.jpg,ood_test,test
flowers102_6364,image_06572.jpg,ood_test,test
flowers102_6365,image_00103.jpg,ood_test,test
flowers102_6366,image_04365.jpg,ood_test,test
flowers102_6367,image_02714.jpg,ood_test,test
flowers102_6368,image_02072.jpg,ood_test,test
flowers102_6369,image_04403.jpg,ood_test,test
flowers102_6370,image_00665.jpg,ood_test,test
flowers102_6371,image_06214.jpg,ood_test,test
flowers102_6372,image_05735.jpg,ood_test,test
flowers102_6373,image_03344.jpg,ood_test,test
flowers102_6374,image_07122.jpg,ood_test,test
flowers102_6375,image_00895.jpg,ood_test,test
flowers102_6376,image_01553.jpg,ood_test,test
flowers102_6377,image_01235.jpg,ood_test,test
flowers102_6378,image_07644.jpg,ood_test,test
flowers102_6379,image_03422.jpg,ood_test,test
flowers102_6380,image_05053.jpg,ood_test,test
flowers102_6381,image_03436.jpg,ood_test,test
flowers102_6382,image_04359.jpg,ood_test,test
flowers102_6383,image_05047.jpg,ood_test,test
flowers102_6384,image_02728.jpg,ood_test,test
flowers102_6385,image_07888.jpg,ood_test,test
flowers102_6386,image_01221.jpg,ood_test,test
flowers102_6387,image_07650.jpg,ood_test,test
flowers102_6388,image_00659.jpg,ood_test,test
flowers102_6389,image_07136.jpg,ood_test,test
flowers102_6390,image_06228.jpg,ood_test,test
flowers102_6391,image_00881.jpg,ood_test,test
flowers102_6392,image_01547.jpg,ood_test,test
flowers102_6393,image_05721.jpg,ood_test,test
flowers102_6394,image_03350.jpg,ood_test,test
flowers102_6395,image_07651.jpg,ood_test,test
flowers102_6396,image_01220.jpg,ood_test,test
flowers102_6397,image_07889.jpg,ood_test,test
flowers102_6398,image_02729.jpg,ood_test,test
flowers102_6399,image_05046.jpg,ood_test,test
flowers102_6400,image_04358.jpg,ood_test,test
flowers102_6401,image_03437.jpg,ood_test,test
flowers102_6402,image_03351.jpg,ood_test,test
flowers102_6403,image_05720.jpg,ood_test,test
flowers102_6404,image_01546.jpg,ood_test,test
flowers102_6405,image_00880.jpg,ood_test,test
flowers102_6406,image_06229.jpg,ood_test,test
flowers102_6407,image_07137.jpg,ood_test,test
flowers102_6408,image_00658.jpg,ood_test,test
flowers102_6409,image_01552.jpg,ood_test,test
flowers102_6410,image_00894.jpg,ood_test,test
flowers102_6411,image_07123.jpg,ood_test,test
flowers102_6412,image_03345.jpg,ood_test,test
flowers102_6413,image_05734.jpg,ood_test,test
flowers102_6414,image_05052.jpg,ood_test,test
flowers102_6415,image_03423.jpg,ood_test,test
flowers102_6416,image_07645.jpg,ood_test,test
flowers102_6417,image_01234.jpg,ood_test,test
flowers102_6418,image_02715.jpg,ood_test,test
flowers102_6419,image_04364.jpg,ood_test,test
flowers102_6420,image_00102.jpg,ood_test,test
flowers102_6421,image_06573.jpg,ood_test,test
flowers102_6422,image_06215.jpg,ood_test,test
flowers102_6423,image_00664.jpg,ood_test,test
flowers102_6424,image_04402.jpg,ood_test,test
flowers102_6425,image_02073.jpg,ood_test,test
flowers102_6426,image_03379.jpg,ood_test,test
flowers102_6427,image_04416.jpg,ood_test,test
flowers102_6428,image_05708.jpg,ood_test,test
flowers102_6429,image_02067.jpg,ood_test,test
flowers102_6430,image_06201.jpg,ood_test,test
flowers102_6431,image_00670.jpg,ood_test,test
flowers102_6432,image_00116.jpg,ood_test,test
flowers102_6433,image_07679.jpg,ood_test,test
flowers102_6434,image_06567.jpg,ood_test,test
flowers102_6435,image_01208.jpg,ood_test,test
flowers102_6436,image_02701.jpg,ood_test,test
flowers102_6437,image_04370.jpg,ood_test,test
flowers102_6438,image_02932.jpg,ood_test,test
flowers102_6439,image_05085.jpg,ood_test,test
flowers102_6440,image_07692.jpg,ood_test,test
flowers102_6441,image_01585.jpg,ood_test,test
flowers102_6442,image_00843.jpg,ood_test,test
flowers102_6443,image_03392.jpg,ood_test,test
flowers102_6444,image_02098.jpg,ood_test,test
flowers102_6445,image_03386.jpg,ood_test,test
flowers102_6446,image_01591.jpg,ood_test,test
flowers102_6447,image_00857.jpg,ood_test,test
flowers102_6448,image_06598.jpg,ood_test,test
flowers102_6449,image_07686.jpg,ood_test,test
flowers102_6450,image_02926.jpg,ood_test,test
flowers102_6451,image_05091.jpg,ood_test,test
flowers102_6452,image_07876.jpg,ood_test,test
flowers102_6453,image_05907.jpg,ood_test,test
flowers102_6454,image_05913.jpg,ood_test,test
flowers102_6455,image_07862.jpg,ood_test,test
flowers102_6456,image_07335.jpg,ood_test,test
flowers102_6457,image_08006.jpg,ood_test,test
flowers102_6458,image_01744.jpg,ood_test,test
flowers102_6459,image_05522.jpg,ood_test,test
flowers102_6460,image_03153.jpg,ood_test,test
flowers102_6461,image_03635.jpg,ood_test,test
flowers102_6462,image_05244.jpg,ood_test,test
flowers102_6463,image_01022.jpg,ood_test,test
flowers102_6464,image_07453.jpg,ood_test,test
flowers102_6465,image_06995.jpg,ood_test,test
flowers102_6466,image_01036.jpg,ood_test,test
flowers102_6467,image_06759.jpg,ood_test,test
flowers102_6468,image_07447.jpg,ood_test,test
flowers102_6469,image_06981.jpg,ood_test,test
flowers102_6470,image_00328.jpg,ood_test,test
flowers102_6471,image_03621.jpg,ood_test,test
flowers102_6472,image_05250.jpg,ood_test,test
flowers102_6473,image_02259.jpg,ood_test,test
flowers102_6474,image_05536.jpg,ood_test,test
flowers102_6475,image_04628.jpg,ood_test,test
flowers102_6476,image_03147.jpg,ood_test,test
flowers102_6477,image_07321.jpg,ood_test,test
flowers102_6478,image_01988.jpg,ood_test,test
flowers102_6479,image_08012.jpg,ood_test,test
flowers102_6480,image_01750.jpg,ood_test,test
flowers102_6481,image_02271.jpg,ood_test,test
flowers102_6482,image_04600.jpg,ood_test,test
flowers102_6483,image_00466.jpg,ood_test,test
flowers102_6484,image_07309.jpg,ood_test,test
flowers102_6485,image_06017.jpg,ood_test,test
flowers102_6486,image_01778.jpg,ood_test,test
flowers102_6487,image_06771.jpg,ood_test,test
flowers102_6488,image_00300.jpg,ood_test,test
flowers102_6489,image_03609.jpg,ood_test,test
flowers102_6490,image_04166.jpg,ood_test,test
flowers102_6491,image_05278.jpg,ood_test,test
flowers102_6492,image_02517.jpg,ood_test,test
flowers102_6493,image_04172.jpg,ood_test,test
flowers102_6494,image_02503.jpg,ood_test,test
flowers102_6495,image_06765.jpg,ood_test,test
flowers102_6496,image_00314.jpg,ood_test,test
flowers102_6497,image_00472.jpg,ood_test,test
flowers102_6498,image_06003.jpg,ood_test,test
flowers102_6499,image_02265.jpg,ood_test,test
flowers102_6500,image_04614.jpg,ood_test,test
flowers102_6501,image_03190.jpg,ood_test,test
flowers102_6502,image_04827.jpg,ood_test,test
flowers102_6503,image_01787.jpg,ood_test,test
flowers102_6504,image_00499.jpg,ood_test,test
flowers102_6505,image_07490.jpg,ood_test,test
flowers102_6506,image_06956.jpg,ood_test,test
flowers102_6507,image_05287.jpg,ood_test,test
flowers102_6508,image_04199.jpg,ood_test,test
flowers102_6509,image_05293.jpg,ood_test,test
flowers102_6510,image_07484.jpg,ood_test,test
flowers102_6511,image_06942.jpg,ood_test,test
flowers102_6512,image_01793.jpg,ood_test,test
flowers102_6513,image_03184.jpg,ood_test,test
flowers102_6514,image_04833.jpg,ood_test,test
flowers102_6515,image_01963.jpg,ood_test,test
flowers102_6516,image_03812.jpg,ood_test,test
flowers102_6517,image_03806.jpg,ood_test,test
flowers102_6518,image_01977.jpg,ood_test,test
flowers102_6519,image_01630.jpg,ood_test,test
flowers102_6520,image_07241.jpg,ood_test,test
flowers102_6521,image_08172.jpg,ood_test,test
flowers102_6522,image_03027.jpg,ood_test,test
flowers102_6523,image_04748.jpg,ood_test,test
flowers102_6524,image_05456.jpg,ood_test,test
flowers102_6525,image_02339.jpg,ood_test,test
flowers102_6526,image_04990.jpg,ood_test,test
flowers102_6527,image_03999.jpg,ood_test,test
flowers102_6528,image_05330.jpg,ood_test,test
flowers102_6529,image_03741.jpg,ood_test,test
flowers102_6530,image_00248.jpg,ood_test,test
flowers102_6531,image_07527.jpg,ood_test,test
flowers102_6532,image_06639.jpg,ood_test,test
flowers102_6533,image_01156.jpg,ood_test,test
flowers102_6534,image_07533.jpg,ood_test,test
flowers102_6535,image_01142.jpg,ood_test,test
flowers102_6536,image_05324.jpg,ood_test,test
flowers102_6537,image_03755.jpg,ood_test,test
flowers102_6538,image_03033.jpg,ood_test,test
flowers102_6539,image_05442.jpg,ood_test,test
flowers102_6540,image_04984.jpg,ood_test,test
flowers102_6541,image_01624.jpg,ood_test,test
flowers102_6542,image_07255.jpg,ood_test,test
flowers102_6543,image_08166.jpg,ood_test,test
flowers102_6544,image_04774.jpg,ood_test,test
flowers102_6545,image_02305.jpg,ood_test,test
flowers102_6546,image_06163.jpg,ood_test,test
flowers102_6547,image_00512.jpg,ood_test,test
flowers102_6548,image_00274.jpg,ood_test,test
flowers102_6549,image_06605.jpg,ood_test,test
flowers102_6550,image_02463.jpg,ood_test,test
flowers102_6551,image_04012.jpg,ood_test,test
flowers102_6552,image_02477.jpg,ood_test,test
flowers102_6553,image_05318.jpg,ood_test,test
flowers102_6554,image_04006.jpg,ood_test,test
flowers102_6555,image_03769.jpg,ood_test,test
flowers102_6556,image_00260.jpg,ood_test,test
flowers102_6557,image_06611.jpg,ood_test,test
flowers102_6558,image_01618.jpg,ood_test,test
flowers102_6559,image_06177.jpg,ood_test,test
flowers102_6560,image_07269.jpg,ood_test,test
flowers102_6561,image_00506.jpg,ood_test,test
flowers102_6562,image_04760.jpg,ood_test,test
flowers102_6563,image_02311.jpg,ood_test,test
flowers102_6564,image_05495.jpg,ood_test,test
flowers102_6565,image_04953.jpg,ood_test,test
flowers102_6566,image_07282.jpg,ood_test,test
flowers102_6567,image_01195.jpg,ood_test,test
flowers102_6568,image_06822.jpg,ood_test,test
flowers102_6569,image_03782.jpg,ood_test,test
flowers102_6570,image_03796.jpg,ood_test,test
flowers102_6571,image_02488.jpg,ood_test,test
flowers102_6572,image_01181.jpg,ood_test,test
flowers102_6573,image_06836.jpg,ood_test,test
flowers102_6574,image_07296.jpg,ood_test,test
flowers102_6575,image_06188.jpg,ood_test,test
flowers102_6576,image_05481.jpg,ood_test,test
flowers102_6577,image_04947.jpg,ood_test,test
flowers102_6578,image_01817.jpg,ood_test,test
flowers102_6579,image_03966.jpg,ood_test,test
flowers102_6580,image_03972.jpg,ood_test,test
flowers102_6581,image_01803.jpg,ood_test,test
flowers102_6582,image_01354.jpg,ood_test,test
flowers102_6583,image_07725.jpg,ood_test,test
flowers102_6584,image_03543.jpg,ood_test,test
flowers102_6585,image_02885.jpg,ood_test,test
flowers102_6586,image_05132.jpg,ood_test,test
flowers102_6587,image_05654.jpg,ood_test,test
flowers102_6588,image_03225.jpg,ood_test,test
flowers102_6589,image_07043.jpg,ood_test,test
flowers102_6590,image_01432.jpg,ood_test,test
flowers102_6591,image_00738.jpg,ood_test,test
flowers102_6592,image_07057.jpg,ood_test,test
flowers102_6593,image_06349.jpg,ood_test,test
flowers102_6594,image_01426.jpg,ood_test,test
flowers102_6595,image_05640.jpg,ood_test,test
flowers102_6596,image_05898.jpg,ood_test,test
flowers102_6597,image_03231.jpg,ood_test,test
flowers102_6598,image_03557.jpg,ood_test,test
flowers102_6599,image_04238.jpg,ood_test,test
flowers102_6600,image_02891.jpg,ood_test,test
flowers102_6601,image_05126.jpg,ood_test,test
flowers102_6602,image_02649.jpg,ood_test,test
flowers102_6603,image_01340.jpg,ood_test,test
flowers102_6604,image_07731.jpg,ood_test,test
flowers102_6605,image_04210.jpg,ood_test,test
flowers102_6606,image_02661.jpg,ood_test,test
flowers102_6607,image_01368.jpg,ood_test,test
flowers102_6608,image_06407.jpg,ood_test,test
flowers102_6609,image_07719.jpg,ood_test,test
flowers102_6610,image_00076.jpg,ood_test,test
flowers102_6611,image_00710.jpg,ood_test,test
flowers102_6612,image_06361.jpg,ood_test,test
flowers102_6613,image_02107.jpg,ood_test,test
flowers102_6614,image_05668.jpg,ood_test,test
flowers102_6615,image_04576.jpg,ood_test,test
flowers102_6616,image_03219.jpg,ood_test,test
flowers102_6617,image_02113.jpg,ood_test,test
flowers102_6618,image_04562.jpg,ood_test,test
flowers102_6619,image_00704.jpg,ood_test,test
flowers102_6620,image_06375.jpg,ood_test,test
flowers102_6621,image_06413.jpg,ood_test,test
flowers102_6622,image_00062.jpg,ood_test,test
flowers102_6623,image_04204.jpg,ood_test,test
flowers102_6624,image_02675.jpg,ood_test,test
flowers102_6625,image_03580.jpg,ood_test,test
flowers102_6626,image_02846.jpg,ood_test,test
flowers102_6627,image_00089.jpg,ood_test,test
flowers102_6628,image_01397.jpg,ood_test,test
flowers102_6629,image_00937.jpg,ood_test,test
flowers102_6630,image_07080.jpg,ood_test,test
flowers102_6631,image_04589.jpg,ood_test,test
flowers102_6632,image_05697.jpg,ood_test,test
flowers102_6633,image_05683.jpg,ood_test,test
flowers102_6634,image_00923.jpg,ood_test,test
flowers102_6635,image_07094.jpg,ood_test,test
flowers102_6636,image_01383.jpg,ood_test,test
flowers102_6637,image_03594.jpg,ood_test,test
flowers102_6638,image_02852.jpg,ood_test,test
flowers102_6639,image_07902.jpg,ood_test,test
flowers102_6640,image_05873.jpg,ood_test,test
flowers102_6641,image_05867.jpg,ood_test,test
flowers102_6642,image_07916.jpg,ood_test,test
flowers102_6643,image_00909.jpg,ood_test,test
flowers102_6644,image_05871.jpg,ood_test,test
flowers102_6645,image_02878.jpg,ood_test,test
flowers102_6646,image_07900.jpg,ood_test,test
flowers102_6647,image_07914.jpg,ood_test,test
flowers102_6648,image_05865.jpg,ood_test,test
flowers102_6649,image_05695.jpg,ood_test,test
flowers102_6650,image_07082.jpg,ood_test,test
flowers102_6651,image_00935.jpg,ood_test,test
flowers102_6652,image_01395.jpg,ood_test,test
flowers102_6653,image_02844.jpg,ood_test,test
flowers102_6654,image_03582.jpg,ood_test,test
flowers102_6655,image_02850.jpg,ood_test,test
flowers102_6656,image_03596.jpg,ood_test,test
flowers102_6657,image_02688.jpg,ood_test,test
flowers102_6658,image_01381.jpg,ood_test,test
flowers102_6659,image_07928.jpg,ood_test,test
flowers102_6660,image_07096.jpg,ood_test,test
flowers102_6661,image_00921.jpg,ood_test,test
flowers102_6662,image_06388.jpg,ood_test,test
flowers102_6663,image_05681.jpg,ood_test,test
flowers102_6664,image_05859.jpg,ood_test,test
flowers102_6665,image_04574.jpg,ood_test,test
flowers102_6666,image_02105.jpg,ood_test,test
flowers102_6667,image_06363.jpg,ood_test,test
flowers102_6668,image_00712.jpg,ood_test,test
flowers102_6669,image_00074.jpg,ood_test,test
flowers102_6670,image_06405.jpg,ood_test,test
flowers102_6671,image_02663.jpg,ood_test,test
flowers102_6672,image_04212.jpg,ood_test,test
flowers102_6673,image_02677.jpg,ood_test,test
flowers102_6674,image_05118.jpg,ood_test,test
flowers102_6675,image_04206.jpg,ood_test,test
flowers102_6676,image_03569.jpg,ood_test,test
flowers102_6677,image_00060.jpg,ood_test,test
flowers102_6678,image_06411.jpg,ood_test,test
flowers102_6679,image_01418.jpg,ood_test,test
flowers102_6680,image_06377.jpg,ood_test,test
flowers102_6681,image_07069.jpg,ood_test,test
flowers102_6682,image_00706.jpg,ood_test,test
flowers102_6683,image_04560.jpg,ood_test,test
flowers102_6684,image_02111.jpg,ood_test,test
flowers102_6685,image_01430.jpg,ood_test,test
flowers102_6686,image_07041.jpg,ood_test,test
flowers102_6687,image_03227.jpg,ood_test,test
flowers102_6688,image_04548.jpg,ood_test,test
flowers102_6689,image_05656.jpg,ood_test,test
flowers102_6690,image_02139.jpg,ood_test,test
flowers102_6691,image_05130.jpg,ood_test,test
flowers102_6692,image_02887.jpg,ood_test,test
flowers102_6693,image_03541.jpg,ood_test,test
flowers102_6694,image_00048.jpg,ood_test,test
flowers102_6695,image_07727.jpg,ood_test,test
flowers102_6696,image_06439.jpg,ood_test,test
flowers102_6697,image_01356.jpg,ood_test,test
flowers102_6698,image_07733.jpg,ood_test,test
flowers102_6699,image_01342.jpg,ood_test,test
flowers102_6700,image_05124.jpg,ood_test,test
flowers102_6701,image_02893.jpg,ood_test,test
flowers102_6702,image_03555.jpg,ood_test,test
flowers102_6703,image_03233.jpg,ood_test,test
flowers102_6704,image_05642.jpg,ood_test,test
flowers102_6705,image_01424.jpg,ood_test,test
flowers102_6706,image_07055.jpg,ood_test,test
flowers102_6707,image_03964.jpg,ood_test,test
flowers102_6708,image_01815.jpg,ood_test,test
flowers102_6709,image_01801.jpg,ood_test,test
flowers102_6710,image_04979.jpg,ood_test,test
flowers102_6711,image_03970.jpg,ood_test,test
flowers102_6712,image_06808.jpg,ood_test,test
flowers102_6713,image_03958.jpg,ood_test,test
flowers102_6714,image_03780.jpg,ood_test,test
flowers102_6715,image_06820.jpg,ood_test,test
flowers102_6716,image_00289.jpg,ood_test,test
flowers102_6717,image_01197.jpg,ood_test,test
flowers102_6718,image_07280.jpg,ood_test,test
flowers102_6719,image_01829.jpg,ood_test,test
flowers102_6720,image_04789.jpg,ood_test,test
flowers102_6721,image_04951.jpg,ood_test,test
flowers102_6722,image_05497.jpg,ood_test,test
flowers102_6723,image_04945.jpg,ood_test,test
flowers102_6724,image_05483.jpg,ood_test,test
flowers102_6725,image_07294.jpg,ood_test,test
flowers102_6726,image_06834.jpg,ood_test,test
flowers102_6727,image_01183.jpg,ood_test,test
flowers102_6728,image_03794.jpg,ood_test,test
flowers102_6729,image_04010.jpg,ood_test,test
flowers102_6730,image_02461.jpg,ood_test,test
flowers102_6731,image_01168.jpg,ood_test,test
flowers102_6732,image_06607.jpg,ood_test,test
flowers102_6733,image_07519.jpg,ood_test,test
flowers102_6734,image_00276.jpg,ood_test,test
flowers102_6735,image_00510.jpg,ood_test,test
flowers102_6736,image_06161.jpg,ood_test,test
flowers102_6737,image_02307.jpg,ood_test,test
flowers102_6738,image_05468.jpg,ood_test,test
flowers102_6739,image_04776.jpg,ood_test,test
flowers102_6740,image_03019.jpg,ood_test,test
flowers102_6741,image_02313.jpg,ood_test,test
flowers102_6742,image_04762.jpg,ood_test,test
flowers102_6743,image_00504.jpg,ood_test,test
flowers102_6744,image_08158.jpg,ood_test,test
flowers102_6745,image_06175.jpg,ood_test,test
flowers102_6746,image_06613.jpg,ood_test,test
flowers102_6747,image_00262.jpg,ood_test,test
flowers102_6748,image_04004.jpg,ood_test,test
flowers102_6749,image_02475.jpg,ood_test,test
flowers102_6750,image_01154.jpg,ood_test,test
flowers102_6751,image_07525.jpg,ood_test,test
flowers102_6752,image_03743.jpg,ood_test,test
flowers102_6753,image_05332.jpg,ood_test,test
flowers102_6754,image_04992.jpg,ood_test,test
flowers102_6755,image_05454.jpg,ood_test,test
flowers102_6756,image_03025.jpg,ood_test,test
flowers102_6757,image_07243.jpg,ood_test,test
flowers102_6758,image_08170.jpg,ood_test,test
flowers102_6759,image_01632.jpg,ood_test,test
flowers102_6760,image_00538.jpg,ood_test,test
flowers102_6761,image_07257.jpg,ood_test,test
flowers102_6762,image_08164.jpg,ood_test,test
flowers102_6763,image_06149.jpg,ood_test,test
flowers102_6764,image_01626.jpg,ood_test,test
flowers102_6765,image_04986.jpg,ood_test,test
flowers102_6766,image_05440.jpg,ood_test,test
flowers102_6767,image_03031.jpg,ood_test,test
flowers102_6768,image_03757.jpg,ood_test,test
flowers102_6769,image_04038.jpg,ood_test,test
flowers102_6770,image_05326.jpg,ood_test,test
flowers102_6771,image_02449.jpg,ood_test,test
flowers102_6772,image_01140.jpg,ood_test,test
flowers102_6773,image_07531.jpg,ood_test,test
flowers102_6774,image_06968.jpg,ood_test,test
flowers102_6775,image_03810.jpg,ood_test,test
flowers102_6776,image_04819.jpg,ood_test,test
flowers102_6777,image_01961.jpg,ood_test,test
flowers102_6778,image_01975.jpg,ood_test,test
flowers102_6779,image_03804.jpg,ood_test,test
flowers102_6780,image_05285.jpg,ood_test,test
flowers102_6781,image_06954.jpg,ood_test,test
flowers102_6782,image_07492.jpg,ood_test,test
flowers102_6783,image_01785.jpg,ood_test,test
flowers102_6784,image_04825.jpg,ood_test,test
flowers102_6785,image_03192.jpg,ood_test,test
flowers102_6786,image_02298.jpg,ood_test,test
flowers102_6787,image_04831.jpg,ood_test,test
flowers102_6788,image_03186.jpg,ood_test,test
flowers102_6789,image_01949.jpg,ood_test,test
flowers102_6790,image_01791.jpg,ood_test,test
flowers102_6791,image_06798.jpg,ood_test,test
flowers102_6792,image_06940.jpg,ood_test,test
flowers102_6793,image_07486.jpg,ood_test,test
flowers102_6794,image_03838.jpg,ood_test,test
flowers102_6795,image_05291.jpg,ood_test,test
flowers102_6796,image_02515.jpg,ood_test,test
flowers102_6797,image_04164.jpg,ood_test,test
flowers102_6798,image_00302.jpg,ood_test,test
flowers102_6799,image_06773.jpg,ood_test,test
flowers102_6800,image_06015.jpg,ood_test,test
flowers102_6801,image_08038.jpg,ood_test,test
flowers102_6802,image_00464.jpg,ood_test,test
flowers102_6803,image_04602.jpg,ood_test,test
flowers102_6804,image_02273.jpg,ood_test,test
flowers102_6805,image_03179.jpg,ood_test,test
flowers102_6806,image_04616.jpg,ood_test,test
flowers102_6807,image_05508.jpg,ood_test,test
flowers102_6808,image_02267.jpg,ood_test,test
flowers102_6809,image_06001.jpg,ood_test,test
flowers102_6810,image_00470.jpg,ood_test,test
flowers102_6811,image_00316.jpg,ood_test,test
flowers102_6812,image_07479.jpg,ood_test,test
flowers102_6813,image_06767.jpg,ood_test,test
flowers102_6814,image_01008.jpg,ood_test,test
flowers102_6815,image_02501.jpg,ood_test,test
flowers102_6816,image_04170.jpg,ood_test,test
flowers102_6817,image_06997.jpg,ood_test,test
flowers102_6818,image_07451.jpg,ood_test,test
flowers102_6819,image_01020.jpg,ood_test,test
flowers102_6820,image_02529.jpg,ood_test,test
flowers102_6821,image_05246.jpg,ood_test,test
flowers102_6822,image_04158.jpg,ood_test,test
flowers102_6823,image_03637.jpg,ood_test,test
flowers102_6824,image_03151.jpg,ood_test,test
flowers102_6825,image_05520.jpg,ood_test,test
flowers102_6826,image_01746.jpg,ood_test,test
flowers102_6827,image_06029.jpg,ood_test,test
flowers102_6828,image_07337.jpg,ood_test,test
flowers102_6829,image_08004.jpg,ood_test,test
flowers102_6830,image_00458.jpg,ood_test,test
flowers102_6831,image_01752.jpg,ood_test,test
flowers102_6832,image_07323.jpg,ood_test,test
flowers102_6833,image_08010.jpg,ood_test,test
flowers102_6834,image_03145.jpg,ood_test,test
flowers102_6835,image_05534.jpg,ood_test,test
flowers102_6836,image_05252.jpg,ood_test,test
flowers102_6837,image_03623.jpg,ood_test,test
flowers102_6838,image_06983.jpg,ood_test,test
flowers102_6839,image_07445.jpg,ood_test,test
flowers102_6840,image_01034.jpg,ood_test,test
flowers102_6841,image_05905.jpg,ood_test,test
flowers102_6842,image_07874.jpg,ood_test,test
flowers102_6843,image_07860.jpg,ood_test,test
flowers102_6844,image_02918.jpg,ood_test,test
flowers102_6845,image_05911.jpg,ood_test,test
flowers102_6846,image_00869.jpg,ood_test,test
flowers102_6847,image_05939.jpg,ood_test,test
flowers102_6848,image_03390.jpg,ood_test,test
flowers102_6849,image_00841.jpg,ood_test,test
flowers102_6850,image_01587.jpg,ood_test,test
flowers102_6851,image_00699.jpg,ood_test,test
flowers102_6852,image_07690.jpg,ood_test,test
flowers102_6853,image_07848.jpg,ood_test,test
flowers102_6854,image_05087.jpg,ood_test,test
flowers102_6855,image_04399.jpg,ood_test,test
flowers102_6856,image_02930.jpg,ood_test,test
flowers102_6857,image_05093.jpg,ood_test,test
flowers102_6858,image_02924.jpg,ood_test,test
flowers102_6859,image_07684.jpg,ood_test,test
flowers102_6860,image_00855.jpg,ood_test,test
flowers102_6861,image_01593.jpg,ood_test,test
flowers102_6862,image_03384.jpg,ood_test,test
flowers102_6863,image_02071.jpg,ood_test,test
flowers102_6864,image_04400.jpg,ood_test,test
flowers102_6865,image_00666.jpg,ood_test,test
flowers102_6866,image_07109.jpg,ood_test,test
flowers102_6867,image_06217.jpg,ood_test,test
flowers102_6868,image_01578.jpg,ood_test,test
flowers102_6869,image_06571.jpg,ood_test,test
flowers102_6870,image_00100.jpg,ood_test,test
flowers102_6871,image_03409.jpg,ood_test,test
flowers102_6872,image_04366.jpg,ood_test,test
flowers102_6873,image_05078.jpg,ood_test,test
flowers102_6874,image_02717.jpg,ood_test,test
flowers102_6875,image_04372.jpg,ood_test,test
flowers102_6876,image_02703.jpg,ood_test,test
flowers102_6877,image_06565.jpg,ood_test,test
flowers102_6878,image_00114.jpg,ood_test,test
flowers102_6879,image_00672.jpg,ood_test,test
flowers102_6880,image_06203.jpg,ood_test,test
flowers102_6881,image_02065.jpg,ood_test,test
flowers102_6882,image_04414.jpg,ood_test,test
flowers102_6883,image_07135.jpg,ood_test,test
flowers102_6884,image_00882.jpg,ood_test,test
flowers102_6885,image_01544.jpg,ood_test,test
flowers102_6886,image_05722.jpg,ood_test,test
flowers102_6887,image_03353.jpg,ood_test,test
flowers102_6888,image_03435.jpg,ood_test,test
flowers102_6889,image_05044.jpg,ood_test,test
flowers102_6890,image_01222.jpg,ood_test,test
flowers102_6891,image_07653.jpg,ood_test,test
flowers102_6892,image_01236.jpg,ood_test,test
flowers102_6893,image_06559.jpg,ood_test,test
flowers102_6894,image_07647.jpg,ood_test,test
flowers102_6895,image_00128.jpg,ood_test,test
flowers102_6896,image_03421.jpg,ood_test,test
flowers102_6897,image_05050.jpg,ood_test,test
flowers102_6898,image_02059.jpg,ood_test,test
flowers102_6899,image_05736.jpg,ood_test,test
flowers102_6900,image_04428.jpg,ood_test,test
flowers102_6901,image_03347.jpg,ood_test,test
flowers102_6902,image_07121.jpg,ood_test,test
flowers102_6903,image_00896.jpg,ood_test,test
flowers102_6904,image_01550.jpg,ood_test,test
flowers102_6905,image_05051.jpg,ood_test,test
flowers102_6906,image_03420.jpg,ood_test,test
flowers102_6907,image_00129.jpg,ood_test,test
flowers102_6908,image_07646.jpg,ood_test,test
flowers102_6909,image_06558.jpg,ood_test,test
flowers102_6910,image_01237.jpg,ood_test,test
flowers102_6911,image_01551.jpg,ood_test,test
flowers102_6912,image_00897.jpg,ood_test,test
flowers102_6913,image_07120.jpg,ood_test,test
flowers102_6914,image_03346.jpg,ood_test,test
flowers102_6915,image_04429.jpg,ood_test,test
flowers102_6916,image_05737.jpg,ood_test,test
flowers102_6917,image_02058.jpg,ood_test,test
flowers102_6918,image_03352.jpg,ood_test,test
flowers102_6919,image_05723.jpg,ood_test,test
flowers102_6920,image_01545.jpg,ood_test,test
flowers102_6921,image_00883.jpg,ood_test,test
flowers102_6922,image_07134.jpg,ood_test,test
flowers102_6923,image_07652.jpg,ood_test,test
flowers102_6924,image_01223.jpg,ood_test,test
flowers102_6925,image_05045.jpg,ood_test,test
flowers102_6926,image_03434.jpg,ood_test,test
flowers102_6927,image_00115.jpg,ood_test,test
flowers102_6928,image_06564.jpg,ood_test,test
flowers102_6929,image_02702.jpg,ood_test,test
flowers102_6930,image_04373.jpg,ood_test,test
flowers102_6931,image_04415.jpg,ood_test,test
flowers102_6932,image_02064.jpg,ood_test,test
flowers102_6933,image_06202.jpg,ood_test,test
flowers102_6934,image_00673.jpg,ood_test,test
flowers102_6935,image_01579.jpg,ood_test,test
flowers102_6936,image_06216.jpg,ood_test,test
flowers102_6937,image_07108.jpg,ood_test,test
flowers102_6938,image_00667.jpg,ood_test,test
flowers102_6939,image_04401.jpg,ood_test,test
flowers102_6940,image_02070.jpg,ood_test,test
flowers102_6941,image_02716.jpg,ood_test,test
flowers102_6942,image_05079.jpg,ood_test,test
flowers102_6943,image_04367.jpg,ood_test,test
flowers102_6944,image_03408.jpg,ood_test,test
flowers102_6945,image_00101.jpg,ood_test,test
flowers102_6946,image_06570.jpg,ood_test,test
flowers102_6947,image_07685.jpg,ood_test,test
flowers102_6948,image_02925.jpg,ood_test,test
flowers102_6949,image_05092.jpg,ood_test,test
flowers102_6950,image_03385.jpg,ood_test,test
flowers102_6951,image_01592.jpg,ood_test,test
flowers102_6952,image_00854.jpg,ood_test,test
flowers102_6953,image_00698.jpg,ood_test,test
flowers102_6954,image_01586.jpg,ood_test,test
flowers102_6955,image_00840.jpg,ood_test,test
flowers102_6956,image_03391.jpg,ood_test,test
flowers102_6957,image_05938.jpg,ood_test,test
flowers102_6958,image_02931.jpg,ood_test,test
flowers102_6959,image_04398.jpg,ood_test,test
flowers102_6960,image_05086.jpg,ood_test,test
flowers102_6961,image_07849.jpg,ood_test,test
flowers102_6962,image_07691.jpg,ood_test,test
flowers102_6963,image_02919.jpg,ood_test,test
flowers102_6964,image_07861.jpg,ood_test,test
flowers102_6965,image_00868.jpg,ood_test,test
flowers102_6966,image_05910.jpg,ood_test,test
flowers102_6967,image_05904.jpg,ood_test,test
flowers102_6968,image_07875.jpg,ood_test,test
flowers102_6969,image_05535.jpg,ood_test,test
flowers102_6970,image_03144.jpg,ood_test,test
flowers102_6971,image_08011.jpg,ood_test,test
flowers102_6972,image_07322.jpg,ood_test,test
flowers102_6973,image_01753.jpg,ood_test,test
flowers102_6974,image_01035.jpg,ood_test,test
flowers102_6975,image_07444.jpg,ood_test,test
flowers102_6976,image_06982.jpg,ood_test,test
flowers102_6977,image_03622.jpg,ood_test,test
flowers102_6978,image_05253.jpg,ood_test,test
flowers102_6979,image_03636.jpg,ood_test,test
flowers102_6980,image_04159.jpg,ood_test,test
flowers102_6981,image_05247.jpg,ood_test,test
flowers102_6982,image_02528.jpg,ood_test,test
flowers102_6983,image_01021.jpg,ood_test,test
flowers102_6984,image_07450.jpg,ood_test,test
flowers102_6985,image_06996.jpg,ood_test,test
flowers102_6986,image_00459.jpg,ood_test,test
flowers102_6987,image_08005.jpg,ood_test,test
flowers102_6988,image_07336.jpg,ood_test,test
flowers102_6989,image_06028.jpg,ood_test,test
flowers102_6990,image_01747.jpg,ood_test,test
flowers102_6991,image_05521.jpg,ood_test,test
flowers102_6992,image_03150.jpg,ood_test,test
flowers102_6993,image_00471.jpg,ood_test,test
flowers102_6994,image_06000.jpg,ood_test,test
flowers102_6995,image_02266.jpg,ood_test,test
flowers102_6996,image_05509.jpg,ood_test,test
flowers102_6997,image_04617.jpg,ood_test,test
flowers102_6998,image_03178.jpg,ood_test,test
flowers102_6999,image_04171.jpg,ood_test,test
flowers102_7000,image_02500.jpg,ood_test,test
flowers102_7001,image_01009.jpg,ood_test,test
flowers102_7002,image_06766.jpg,ood_test,test
flowers102_7003,image_07478.jpg,ood_test,test
flowers102_7004,image_00317.jpg,ood_test,test
flowers102_7005,image_06772.jpg,ood_test,test
flowers102_7006,image_00303.jpg,ood_test,test
flowers102_7007,image_04165.jpg,ood_test,test
flowers102_7008,image_02514.jpg,ood_test,test
flowers102_7009,image_02272.jpg,ood_test,test
flowers102_7010,image_04603.jpg,ood_test,test
flowers102_7011,image_00465.jpg,ood_test,test
flowers102_7012,image_08039.jpg,ood_test,test
flowers102_7013,image_06014.jpg,ood_test,test
flowers102_7014,image_01790.jpg,ood_test,test
flowers102_7015,image_01948.jpg,ood_test,test
flowers102_7016,image_03187.jpg,ood_test,test
flowers102_7017,image_04830.jpg,ood_test,test
flowers102_7018,image_02299.jpg,ood_test,test
flowers102_7019,image_05290.jpg,ood_test,test
flowers102_7020,image_03839.jpg,ood_test,test
flowers102_7021,image_07487.jpg,ood_test,test
flowers102_7022,image_06941.jpg,ood_test,test
flowers102_7023,image_06799.jpg,ood_test,test
flowers102_7024,image_07493.jpg,ood_test,test
flowers102_7025,image_06955.jpg,ood_test,test
flowers102_7026,image_05284.jpg,ood_test,test
flowers102_7027,image_03193.jpg,ood_test,test
flowers102_7028,image_04824.jpg,ood_test,test
flowers102_7029,image_01784.jpg,ood_test,test
flowers102_7030,image_01974.jpg,ood_test,test
flowers102_7031,image_03805.jpg,ood_test,test
flowers102_7032,image_03811.jpg,ood_test,test
flowers102_7033,image_06969.jpg,ood_test,test
flowers102_7034,image_01960.jpg,ood_test,test
flowers102_7035,image_04818.jpg,ood_test,test
flowers102_7036,image_03030.jpg,ood_test,test
flowers102_7037,image_05441.jpg,ood_test,test
flowers102_7038,image_04987.jpg,ood_test,test
flowers102_7039,image_01627.jpg,ood_test,test
flowers102_7040,image_06148.jpg,ood_test,test
flowers102_7041,image_08165.jpg,ood_test,test
flowers102_7042,image_07256.jpg,ood_test,test
flowers102_7043,image_00539.jpg,ood_test,test
flowers102_7044,image_07530.jpg,ood_test,test
flowers102_7045,image_01141.jpg,ood_test,test
flowers102_7046,image_02448.jpg,ood_test,test
flowers102_7047,image_05327.jpg,ood_test,test
flowers102_7048,image_04039.jpg,ood_test,test
flowers102_7049,image_03756.jpg,ood_test,test
flowers102_7050,image_05333.jpg,ood_test,test
flowers102_7051,image_03742.jpg,ood_test,test
flowers102_7052,image_07524.jpg,ood_test,test
flowers102_7053,image_01155.jpg,ood_test,test
flowers102_7054,image_01633.jpg,ood_test,test
flowers102_7055,image_08171.jpg,ood_test,test
flowers102_7056,image_07242.jpg,ood_test,test
flowers102_7057,image_03024.jpg,ood_test,test
flowers102_7058,image_05455.jpg,ood_test,test
flowers102_7059,image_04993.jpg,ood_test,test
flowers102_7060,image_06174.jpg,ood_test,test
flowers102_7061,image_08159.jpg,ood_test,test
flowers102_7062,image_00505.jpg,ood_test,test
flowers102_7063,image_04763.jpg,ood_test,test
flowers102_7064,image_02312.jpg,ood_test,test
flowers102_7065,image_02474.jpg,ood_test,test
flowers102_7066,image_04005.jpg,ood_test,test
flowers102_7067,image_00263.jpg,ood_test,test
flowers102_7068,image_06612.jpg,ood_test,test
flowers102_7069,image_00277.jpg,ood_test,test
flowers102_7070,image_07518.jpg,ood_test,test
flowers102_7071,image_06606.jpg,ood_test,test
flowers102_7072,image_01169.jpg,ood_test,test
flowers102_7073,image_02460.jpg,ood_test,test
flowers102_7074,image_04011.jpg,ood_test,test
flowers102_7075,image_03018.jpg,ood_test,test
flowers102_7076,image_04777.jpg,ood_test,test
flowers102_7077,image_05469.jpg,ood_test,test
flowers102_7078,image_02306.jpg,ood_test,test
flowers102_7079,image_06160.jpg,ood_test,test
flowers102_7080,image_00511.jpg,ood_test,test
flowers102_7081,image_07295.jpg,ood_test,test
flowers102_7082,image_05482.jpg,ood_test,test
flowers102_7083,image_04944.jpg,ood_test,test
flowers102_7084,image_03795.jpg,ood_test,test
flowers102_7085,image_01182.jpg,ood_test,test
flowers102_7086,image_06835.jpg,ood_test,test
flowers102_7087,image_01196.jpg,ood_test,test
flowers102_7088,image_00288.jpg,ood_test,test
flowers102_7089,image_06821.jpg,ood_test,test
flowers102_7090,image_03781.jpg,ood_test,test
flowers102_7091,image_03959.jpg,ood_test,test
flowers102_7092,image_05496.jpg,ood_test,test
flowers102_7093,image_04950.jpg,ood_test,test
flowers102_7094,image_04788.jpg,ood_test,test
flowers102_7095,image_01828.jpg,ood_test,test
flowers102_7096,image_07281.jpg,ood_test,test
flowers102_7097,image_04978.jpg,ood_test,test
flowers102_7098,image_01800.jpg,ood_test,test
flowers102_7099,image_06809.jpg,ood_test,test
flowers102_7100,image_03971.jpg,ood_test,test
flowers102_7101,image_03965.jpg,ood_test,test
flowers102_7102,image_01814.jpg,ood_test,test
flowers102_7103,image_03554.jpg,ood_test,test
flowers102_7104,image_02892.jpg,ood_test,test
flowers102_7105,image_05125.jpg,ood_test,test
flowers102_7106,image_01343.jpg,ood_test,test
flowers102_7107,image_07732.jpg,ood_test,test
flowers102_7108,image_07054.jpg,ood_test,test
flowers102_7109,image_01425.jpg,ood_test,test
flowers102_7110,image_05643.jpg,ood_test,test
flowers102_7111,image_03232.jpg,ood_test,test
flowers102_7112,image_02138.jpg,ood_test,test
flowers102_7113,image_05657.jpg,ood_test,test
flowers102_7114,image_04549.jpg,ood_test,test
flowers102_7115,image_03226.jpg,ood_test,test
flowers102_7116,image_07040.jpg,ood_test,test
flowers102_7117,image_01431.jpg,ood_test,test
flowers102_7118,image_01357.jpg,ood_test,test
flowers102_7119,image_06438.jpg,ood_test,test
flowers102_7120,image_07726.jpg,ood_test,test
flowers102_7121,image_00049.jpg,ood_test,test
flowers102_7122,image_03540.jpg,ood_test,test
flowers102_7123,image_02886.jpg,ood_test,test
flowers102_7124,image_05131.jpg,ood_test,test
flowers102_7125,image_06410.jpg,ood_test,test
flowers102_7126,image_00061.jpg,ood_test,test
flowers102_7127,image_03568.jpg,ood_test,test
flowers102_7128,image_04207.jpg,ood_test,test
flowers102_7129,image_05119.jpg,ood_test,test
flowers102_7130,image_02676.jpg,ood_test,test
flowers102_7131,image_02110.jpg,ood_test,test
flowers102_7132,image_04561.jpg,ood_test,test
flowers102_7133,image_00707.jpg,ood_test,test
flowers102_7134,image_07068.jpg,ood_test,test
flowers102_7135,image_06376.jpg,ood_test,test
flowers102_7136,image_01419.jpg,ood_test,test
flowers102_7137,image_00713.jpg,ood_test,test
flowers102_7138,image_06362.jpg,ood_test,test
flowers102_7139,image_02104.jpg,ood_test,test
flowers102_7140,image_04575.jpg,ood_test,test
flowers102_7141,image_04213.jpg,ood_test,test
flowers102_7142,image_02662.jpg,ood_test,test
flowers102_7143,image_06404.jpg,ood_test,test
flowers102_7144,image_00075.jpg,ood_test,test
flowers102_7145,image_07929.jpg,ood_test,test
flowers102_7146,image_01380.jpg,ood_test,test
flowers102_7147,image_02689.jpg,ood_test,test
flowers102_7148,image_03597.jpg,ood_test,test
flowers102_7149,image_02851.jpg,ood_test,test
flowers102_7150,image_05858.jpg,ood_test,test
flowers102_7151,image_05680.jpg,ood_test,test
flowers102_7152,image_06389.jpg,ood_test,test
flowers102_7153,image_00920.jpg,ood_test,test
flowers102_7154,image_07097.jpg,ood_test,test
flowers102_7155,image_00934.jpg,ood_test,test
flowers102_7156,image_07083.jpg,ood_test,test
flowers102_7157,image_05694.jpg,ood_test,test
flowers102_7158,image_03583.jpg,ood_test,test
flowers102_7159,image_02845.jpg,ood_test,test
flowers102_7160,image_01394.jpg,ood_test,test
flowers102_7161,image_07915.jpg,ood_test,test
flowers102_7162,image_05864.jpg,ood_test,test
flowers102_7163,image_05870.jpg,ood_test,test
flowers102_7164,image_00908.jpg,ood_test,test
flowers102_7165,image_07901.jpg,ood_test,test
flowers102_7166,image_02879.jpg,ood_test,test
flowers102_7167,image_01390.jpg,ood_test,test
flowers102_7168,image_07939.jpg,ood_test,test
flowers102_7169,image_03587.jpg,ood_test,test
flowers102_7170,image_02841.jpg,ood_test,test
flowers102_7171,image_02699.jpg,ood_test,test
flowers102_7172,image_05690.jpg,ood_test,test
flowers102_7173,image_05848.jpg,ood_test,test
flowers102_7174,image_07087.jpg,ood_test,test
flowers102_7175,image_00930.jpg,ood_test,test
flowers102_7176,image_06399.jpg,ood_test,test
flowers102_7177,image_07093.jpg,ood_test,test
flowers102_7178,image_00924.jpg,ood_test,test
flowers102_7179,image_05684.jpg,ood_test,test
flowers102_7180,image_03593.jpg,ood_test,test
flowers102_7181,image_02855.jpg,ood_test,test
flowers102_7182,image_01384.jpg,ood_test,test
flowers102_7183,image_07905.jpg,ood_test,test
flowers102_7184,image_05874.jpg,ood_test,test
flowers102_7185,image_05860.jpg,ood_test,test
flowers102_7186,image_00918.jpg,ood_test,test
flowers102_7187,image_07911.jpg,ood_test,test
flowers102_7188,image_02869.jpg,ood_test,test
flowers102_7189,image_05135.jpg,ood_test,test
flowers102_7190,image_03544.jpg,ood_test,test
flowers102_7191,image_02882.jpg,ood_test,test
flowers102_7192,image_07722.jpg,ood_test,test
flowers102_7193,image_01353.jpg,ood_test,test
flowers102_7194,image_01435.jpg,ood_test,test
flowers102_7195,image_07044.jpg,ood_test,test
flowers102_7196,image_03222.jpg,ood_test,test
flowers102_7197,image_05653.jpg,ood_test,test
flowers102_7198,image_04559.jpg,ood_test,test
flowers102_7199,image_03236.jpg,ood_test,test
flowers102_7200,image_02128.jpg,ood_test,test
flowers102_7201,image_05647.jpg,ood_test,test
flowers102_7202,image_01421.jpg,ood_test,test
flowers102_7203,image_07050.jpg,ood_test,test
flowers102_7204,image_07736.jpg,ood_test,test
flowers102_7205,image_00059.jpg,ood_test,test
flowers102_7206,image_01347.jpg,ood_test,test
flowers102_7207,image_06428.jpg,ood_test,test
flowers102_7208,image_05121.jpg,ood_test,test
flowers102_7209,image_03550.jpg,ood_test,test
flowers102_7210,image_02896.jpg,ood_test,test
flowers102_7211,image_00071.jpg,ood_test,test
flowers102_7212,image_06400.jpg,ood_test,test
flowers102_7213,image_05109.jpg,ood_test,test
flowers102_7214,image_02666.jpg,ood_test,test
flowers102_7215,image_03578.jpg,ood_test,test
flowers102_7216,image_04217.jpg,ood_test,test
flowers102_7217,image_04571.jpg,ood_test,test
flowers102_7218,image_02100.jpg,ood_test,test
flowers102_7219,image_06366.jpg,ood_test,test
flowers102_7220,image_01409.jpg,ood_test,test
flowers102_7221,image_00717.jpg,ood_test,test
flowers102_7222,image_07078.jpg,ood_test,test
flowers102_7223,image_06372.jpg,ood_test,test
flowers102_7224,image_00703.jpg,ood_test,test
flowers102_7225,image_04565.jpg,ood_test,test
flowers102_7226,image_02114.jpg,ood_test,test
flowers102_7227,image_02672.jpg,ood_test,test
flowers102_7228,image_04203.jpg,ood_test,test
flowers102_7229,image_00065.jpg,ood_test,test
flowers102_7230,image_06414.jpg,ood_test,test
flowers102_7231,image_07285.jpg,ood_test,test
flowers102_7232,image_05492.jpg,ood_test,test
flowers102_7233,image_04954.jpg,ood_test,test
flowers102_7234,image_03785.jpg,ood_test,test
flowers102_7235,image_06825.jpg,ood_test,test
flowers102_7236,image_01192.jpg,ood_test,test
flowers102_7237,image_06831.jpg,ood_test,test
flowers102_7238,image_00298.jpg,ood_test,test
flowers102_7239,image_01186.jpg,ood_test,test
flowers102_7240,image_03949.jpg,ood_test,test
flowers102_7241,image_03791.jpg,ood_test,test
flowers102_7242,image_04798.jpg,ood_test,test
flowers102_7243,image_05486.jpg,ood_test,test
flowers102_7244,image_04940.jpg,ood_test,test
flowers102_7245,image_07291.jpg,ood_test,test
flowers102_7246,image_01838.jpg,ood_test,test
flowers102_7247,image_04968.jpg,ood_test,test
flowers102_7248,image_01810.jpg,ood_test,test
flowers102_7249,image_06819.jpg,ood_test,test
flowers102_7250,image_03961.jpg,ood_test,test
flowers102_7251,image_03975.jpg,ood_test,test
flowers102_7252,image_01804.jpg,ood_test,test
flowers102_7253,image_05451.jpg,ood_test,test
flowers102_7254,image_04997.jpg,ood_test,test
flowers102_7255,image_03020.jpg,ood_test,test
flowers102_7256,image_07246.jpg,ood_test,test
flowers102_7257,image_08175.jpg,ood_test,test
flowers102_7258,image_00529.jpg,ood_test,test
flowers102_7259,image_01637.jpg,ood_test,test
flowers102_7260,image_06158.jpg,ood_test,test
flowers102_7261,image_01151.jpg,ood_test,test
flowers102_7262,image_07520.jpg,ood_test,test
flowers102_7263,image_04029.jpg,ood_test,test
flowers102_7264,image_03746.jpg,ood_test,test
flowers102_7265,image_02458.jpg,ood_test,test
flowers102_7266,image_05337.jpg,ood_test,test
flowers102_7267,image_03752.jpg,ood_test,test
flowers102_7268,image_05323.jpg,ood_test,test
flowers102_7269,image_01145.jpg,ood_test,test
flowers102_7270,image_07534.jpg,ood_test,test
flowers102_7271,image_07252.jpg,ood_test,test
flowers102_7272,image_08161.jpg,ood_test,test
flowers102_7273,image_01623.jpg,ood_test,test
flowers102_7274,image_05445.jpg,ood_test,test
flowers102_7275,image_04983.jpg,ood_test,test
flowers102_7276,image_03034.jpg,ood_test,test
flowers102_7277,image_08149.jpg,ood_test,test
flowers102_7278,image_00515.jpg,ood_test,test
flowers102_7279,image_06164.jpg,ood_test,test
flowers102_7280,image_02302.jpg,ood_test,test
flowers102_7281,image_04773.jpg,ood_test,test
flowers102_7282,image_04015.jpg,ood_test,test
flowers102_7283,image_02464.jpg,ood_test,test
flowers102_7284,image_06602.jpg,ood_test,test
flowers102_7285,image_00273.jpg,ood_test,test
flowers102_7286,image_06616.jpg,ood_test,test
flowers102_7287,image_01179.jpg,ood_test,test
flowers102_7288,image_00267.jpg,ood_test,test
flowers102_7289,image_07508.jpg,ood_test,test
flowers102_7290,image_04001.jpg,ood_test,test
flowers102_7291,image_02470.jpg,ood_test,test
flowers102_7292,image_05479.jpg,ood_test,test
flowers102_7293,image_02316.jpg,ood_test,test
flowers102_7294,image_03008.jpg,ood_test,test
flowers102_7295,image_04767.jpg,ood_test,test
flowers102_7296,image_00501.jpg,ood_test,test
flowers102_7297,image_06170.jpg,ood_test,test
flowers102_7298,image_01958.jpg,ood_test,test
flowers102_7299,image_01780.jpg,ood_test,test
flowers102_7300,image_02289.jpg,ood_test,test
flowers102_7301,image_04820.jpg,ood_test,test
flowers102_7302,image_03197.jpg,ood_test,test
flowers102_7303,image_03829.jpg,ood_test,test
flowers102_7304,image_05280.jpg,ood_test,test
flowers102_7305,image_06789.jpg,ood_test,test
flowers102_7306,image_07497.jpg,ood_test,test
flowers102_7307,image_06951.jpg,ood_test,test
flowers102_7308,image_07483.jpg,ood_test,test
flowers102_7309,image_06945.jpg,ood_test,test
flowers102_7310,image_05294.jpg,ood_test,test
flowers102_7311,image_04834.jpg,ood_test,test
flowers102_7312,image_03183.jpg,ood_test,test
flowers102_7313,image_01794.jpg,ood_test,test
flowers102_7314,image_01964.jpg,ood_test,test
flowers102_7315,image_03815.jpg,ood_test,test
flowers102_7316,image_03801.jpg,ood_test,test
flowers102_7317,image_06979.jpg,ood_test,test
flowers102_7318,image_01970.jpg,ood_test,test
flowers102_7319,image_04808.jpg,ood_test,test
flowers102_7320,image_03154.jpg,ood_test,test
flowers102_7321,image_05525.jpg,ood_test,test
flowers102_7322,image_01743.jpg,ood_test,test
flowers102_7323,image_07332.jpg,ood_test,test
flowers102_7324,image_08001.jpg,ood_test,test
flowers102_7325,image_07454.jpg,ood_test,test
flowers102_7326,image_06992.jpg,ood_test,test
flowers102_7327,image_01025.jpg,ood_test,test
flowers102_7328,image_05243.jpg,ood_test,test
flowers102_7329,image_03632.jpg,ood_test,test
flowers102_7330,image_05257.jpg,ood_test,test
flowers102_7331,image_02538.jpg,ood_test,test
flowers102_7332,image_03626.jpg,ood_test,test
flowers102_7333,image_04149.jpg,ood_test,test
flowers102_7334,image_07440.jpg,ood_test,test
flowers102_7335,image_06986.jpg,ood_test,test
flowers102_7336,image_01031.jpg,ood_test,test
flowers102_7337,image_06038.jpg,ood_test,test
flowers102_7338,image_01757.jpg,ood_test,test
flowers102_7339,image_00449.jpg,ood_test,test
flowers102_7340,image_07326.jpg,ood_test,test
flowers102_7341,image_08015.jpg,ood_test,test
flowers102_7342,image_03140.jpg,ood_test,test
flowers102_7343,image_05531.jpg,ood_test,test
flowers102_7344,image_06010.jpg,ood_test,test
flowers102_7345,image_00461.jpg,ood_test,test
flowers102_7346,image_04607.jpg,ood_test,test
flowers102_7347,image_03168.jpg,ood_test,test
flowers102_7348,image_02276.jpg,ood_test,test
flowers102_7349,image_05519.jpg,ood_test,test
flowers102_7350,image_02510.jpg,ood_test,test
flowers102_7351,image_04161.jpg,ood_test,test
flowers102_7352,image_07468.jpg,ood_test,test
flowers102_7353,image_00307.jpg,ood_test,test
flowers102_7354,image_01019.jpg,ood_test,test
flowers102_7355,image_06776.jpg,ood_test,test
flowers102_7356,image_00313.jpg,ood_test,test
flowers102_7357,image_06762.jpg,ood_test,test
flowers102_7358,image_02504.jpg,ood_test,test
flowers102_7359,image_04175.jpg,ood_test,test
flowers102_7360,image_04613.jpg,ood_test,test
flowers102_7361,image_02262.jpg,ood_test,test
flowers102_7362,image_06004.jpg,ood_test,test
flowers102_7363,image_00475.jpg,ood_test,test
flowers102_7364,image_08029.jpg,ood_test,test
flowers102_7365,image_07695.jpg,ood_test,test
flowers102_7366,image_05082.jpg,ood_test,test
flowers102_7367,image_02935.jpg,ood_test,test
flowers102_7368,image_03395.jpg,ood_test,test
flowers102_7369,image_01582.jpg,ood_test,test
flowers102_7370,image_00844.jpg,ood_test,test
flowers102_7371,image_01596.jpg,ood_test,test
flowers102_7372,image_00850.jpg,ood_test,test
flowers102_7373,image_00688.jpg,ood_test,test
flowers102_7374,image_05928.jpg,ood_test,test
flowers102_7375,image_03381.jpg,ood_test,test
flowers102_7376,image_05096.jpg,ood_test,test
flowers102_7377,image_04388.jpg,ood_test,test
flowers102_7378,image_02921.jpg,ood_test,test
flowers102_7379,image_07681.jpg,ood_test,test
flowers102_7380,image_07859.jpg,ood_test,test
flowers102_7381,image_02909.jpg,ood_test,test
flowers102_7382,image_07871.jpg,ood_test,test
flowers102_7383,image_00878.jpg,ood_test,test
flowers102_7384,image_05900.jpg,ood_test,test
flowers102_7385,image_05914.jpg,ood_test,test
flowers102_7386,image_07865.jpg,ood_test,test
flowers102_7387,image_03430.jpg,ood_test,test
flowers102_7388,image_05041.jpg,ood_test,test
flowers102_7389,image_06548.jpg,ood_test,test
flowers102_7390,image_01227.jpg,ood_test,test
flowers102_7391,image_00139.jpg,ood_test,test
flowers102_7392,image_07656.jpg,ood_test,test
flowers102_7393,image_07130.jpg,ood_test,test
flowers102_7394,image_01541.jpg,ood_test,test
flowers102_7395,image_00887.jpg,ood_test,test
flowers102_7396,image_05727.jpg,ood_test,test
flowers102_7397,image_02048.jpg,ood_test,test
flowers102_7398,image_03356.jpg,ood_test,test
flowers102_7399,image_04439.jpg,ood_test,test
flowers102_7400,image_05733.jpg,ood_test,test
flowers102_7401,image_03342.jpg,ood_test,test
flowers102_7402,image_07124.jpg,ood_test,test
flowers102_7403,image_01555.jpg,ood_test,test
flowers102_7404,image_00893.jpg,ood_test,test
flowers102_7405,image_01233.jpg,ood_test,test
flowers102_7406,image_07642.jpg,ood_test,test
flowers102_7407,image_03424.jpg,ood_test,test
flowers102_7408,image_05055.jpg,ood_test,test
flowers102_7409,image_06574.jpg,ood_test,test
flowers102_7410,image_00105.jpg,ood_test,test
flowers102_7411,image_04363.jpg,ood_test,test
flowers102_7412,image_02712.jpg,ood_test,test
flowers102_7413,image_02074.jpg,ood_test,test
flowers102_7414,image_04405.jpg,ood_test,test
flowers102_7415,image_00663.jpg,ood_test,test
flowers102_7416,image_06212.jpg,ood_test,test
flowers102_7417,image_07118.jpg,ood_test,test
flowers102_7418,image_00677.jpg,ood_test,test
flowers102_7419,image_01569.jpg,ood_test,test
flowers102_7420,image_06206.jpg,ood_test,test
flowers102_7421,image_02060.jpg,ood_test,test
flowers102_7422,image_04411.jpg,ood_test,test
flowers102_7423,image_04377.jpg,ood_test,test
flowers102_7424,image_03418.jpg,ood_test,test
flowers102_7425,image_02706.jpg,ood_test,test
flowers102_7426,image_05069.jpg,ood_test,test
flowers102_7427,image_06560.jpg,ood_test,test
flowers102_7428,image_00111.jpg,ood_test,test
flowers102_7429,image_04410.jpg,ood_test,test
flowers102_7430,image_02061.jpg,ood_test,test
flowers102_7431,image_06207.jpg,ood_test,test
flowers102_7432,image_01568.jpg,ood_test,test
flowers102_7433,image_00676.jpg,ood_test,test
flowers102_7434,image_07119.jpg,ood_test,test
flowers102_7435,image_00110.jpg,ood_test,test
flowers102_7436,image_06561.jpg,ood_test,test
flowers102_7437,image_05068.jpg,ood_test,test
flowers102_7438,image_02707.jpg,ood_test,test
flowers102_7439,image_03419.jpg,ood_test,test
flowers102_7440,image_04376.jpg,ood_test,test
flowers102_7441,image_02713.jpg,ood_test,test
flowers102_7442,image_04362.jpg,ood_test,test
flowers102_7443,image_00104.jpg,ood_test,test
flowers102_7444,image_06575.jpg,ood_test,test
flowers102_7445,image_06213.jpg,ood_test,test
flowers102_7446,image_00662.jpg,ood_test,test
flowers102_7447,image_04404.jpg,ood_test,test
flowers102_7448,image_02075.jpg,ood_test,test
flowers102_7449,image_00892.jpg,ood_test,test
flowers102_7450,image_01554.jpg,ood_test,test
flowers102_7451,image_07125.jpg,ood_test,test
flowers102_7452,image_03343.jpg,ood_test,test
flowers102_7453,image_05732.jpg,ood_test,test
flowers102_7454,image_05054.jpg,ood_test,test
flowers102_7455,image_03425.jpg,ood_test,test
flowers102_7456,image_07643.jpg,ood_test,test
flowers102_7457,image_01232.jpg,ood_test,test
flowers102_7458,image_07657.jpg,ood_test,test
flowers102_7459,image_00138.jpg,ood_test,test
flowers102_7460,image_01226.jpg,ood_test,test
flowers102_7461,image_06549.jpg,ood_test,test
flowers102_7462,image_05040.jpg,ood_test,test
flowers102_7463,image_03431.jpg,ood_test,test
flowers102_7464,image_04438.jpg,ood_test,test
flowers102_7465,image_03357.jpg,ood_test,test
flowers102_7466,image_02049.jpg,ood_test,test
flowers102_7467,image_05726.jpg,ood_test,test
flowers102_7468,image_00886.jpg,ood_test,test
flowers102_7469,image_01540.jpg,ood_test,test
flowers102_7470,image_07131.jpg,ood_test,test
flowers102_7471,image_05915.jpg,ood_test,test
flowers102_7472,image_07864.jpg,ood_test,test
flowers102_7473,image_07870.jpg,ood_test,test
flowers102_7474,image_02908.jpg,ood_test,test
flowers102_7475,image_05901.jpg,ood_test,test
flowers102_7476,image_00879.jpg,ood_test,test
flowers102_7477,image_03380.jpg,ood_test,test
flowers102_7478,image_05929.jpg,ood_test,test
flowers102_7479,image_00689.jpg,ood_test,test
flowers102_7480,image_00851.jpg,ood_test,test
flowers102_7481,image_01597.jpg,ood_test,test
flowers102_7482,image_07858.jpg,ood_test,test
flowers102_7483,image_07680.jpg,ood_test,test
flowers102_7484,image_02920.jpg,ood_test,test
flowers102_7485,image_04389.jpg,ood_test,test
flowers102_7486,image_05097.jpg,ood_test,test
flowers102_7487,image_02934.jpg,ood_test,test
flowers102_7488,image_05083.jpg,ood_test,test
flowers102_7489,image_07694.jpg,ood_test,test
flowers102_7490,image_00845.jpg,ood_test,test
flowers102_7491,image_01583.jpg,ood_test,test
flowers102_7492,image_03394.jpg,ood_test,test
flowers102_7493,image_04174.jpg,ood_test,test
flowers102_7494,image_02505.jpg,ood_test,test
flowers102_7495,image_06763.jpg,ood_test,test
flowers102_7496,image_00312.jpg,ood_test,test
flowers102_7497,image_08028.jpg,ood_test,test
flowers102_7498,image_00474.jpg,ood_test,test
flowers102_7499,image_06005.jpg,ood_test,test
flowers102_7500,image_02263.jpg,ood_test,test
flowers102_7501,image_04612.jpg,ood_test,test
flowers102_7502,image_05518.jpg,ood_test,test
flowers102_7503,image_02277.jpg,ood_test,test
flowers102_7504,image_03169.jpg,ood_test,test
flowers102_7505,image_04606.jpg,ood_test,test
flowers102_7506,image_00460.jpg,ood_test,test
flowers102_7507,image_06011.jpg,ood_test,test
flowers102_7508,image_06777.jpg,ood_test,test
flowers102_7509,image_01018.jpg,ood_test,test
flowers102_7510,image_00306.jpg,ood_test,test
flowers102_7511,image_07469.jpg,ood_test,test
flowers102_7512,image_04160.jpg,ood_test,test
flowers102_7513,image_02511.jpg,ood_test,test
flowers102_7514,image_01030.jpg,ood_test,test
flowers102_7515,image_06987.jpg,ood_test,test
flowers102_7516,image_07441.jpg,ood_test,test
flowers102_7517,image_04148.jpg,ood_test,test
flowers102_7518,image_03627.jpg,ood_test,test
flowers102_7519,image_02539.jpg,ood_test,test
flowers102_7520,image_05256.jpg,ood_test,test
flowers102_7521,image_05530.jpg,ood_test,test
flowers102_7522,image_03141.jpg,ood_test,test
flowers102_7523,image_08014.jpg,ood_test,test
flowers102_7524,image_07327.jpg,ood_test,test
flowers102_7525,image_00448.jpg,ood_test,test
flowers102_7526,image_01756.jpg,ood_test,test
flowers102_7527,image_06039.jpg,ood_test,test
flowers102_7528,image_08000.jpg,ood_test,test
flowers102_7529,image_07333.jpg,ood_test,test
flowers102_7530,image_01742.jpg,ood_test,test
flowers102_7531,image_05524.jpg,ood_test,test
flowers102_7532,image_03155.jpg,ood_test,test
flowers102_7533,image_03633.jpg,ood_test,test
flowers102_7534,image_05242.jpg,ood_test,test
flowers102_7535,image_01024.jpg,ood_test,test
flowers102_7536,image_06993.jpg,ood_test,test
flowers102_7537,image_07455.jpg,ood_test,test
flowers102_7538,image_06978.jpg,ood_test,test
flowers102_7539,image_03800.jpg,ood_test,test
flowers102_7540,image_04809.jpg,ood_test,test
flowers102_7541,image_01971.jpg,ood_test,test
flowers102_7542,image_01965.jpg,ood_test,test
flowers102_7543,image_03814.jpg,ood_test,test
flowers102_7544,image_05295.jpg,ood_test,test
flowers102_7545,image_06944.jpg,ood_test,test
flowers102_7546,image_07482.jpg,ood_test,test
flowers102_7547,image_01795.jpg,ood_test,test
flowers102_7548,image_03182.jpg,ood_test,test
flowers102_7549,image_04835.jpg,ood_test,test
flowers102_7550,image_03196.jpg,ood_test,test
flowers102_7551,image_04821.jpg,ood_test,test
flowers102_7552,image_02288.jpg,ood_test,test
flowers102_7553,image_01781.jpg,ood_test,test
flowers102_7554,image_01959.jpg,ood_test,test
flowers102_7555,image_06950.jpg,ood_test,test
flowers102_7556,image_07496.jpg,ood_test,test
flowers102_7557,image_06788.jpg,ood_test,test
flowers102_7558,image_05281.jpg,ood_test,test
flowers102_7559,image_03828.jpg,ood_test,test
flowers102_7560,image_02471.jpg,ood_test,test
flowers102_7561,image_04000.jpg,ood_test,test
flowers102_7562,image_07509.jpg,ood_test,test
flowers102_7563,image_00266.jpg,ood_test,test
flowers102_7564,image_01178.jpg,ood_test,test
flowers102_7565,image_06617.jpg,ood_test,test
flowers102_7566,image_06171.jpg,ood_test,test
flowers102_7567,image_00500.jpg,ood_test,test
flowers102_7568,image_04766.jpg,ood_test,test
flowers102_7569,image_03009.jpg,ood_test,test
flowers102_7570,image_02317.jpg,ood_test,test
flowers102_7571,image_05478.jpg,ood_test,test
flowers102_7572,image_04772.jpg,ood_test,test
flowers102_7573,image_02303.jpg,ood_test,test
flowers102_7574,image_06165.jpg,ood_test,test
flowers102_7575,image_00514.jpg,ood_test,test
flowers102_7576,image_08148.jpg,ood_test,test
flowers102_7577,image_00272.jpg,ood_test,test
flowers102_7578,image_06603.jpg,ood_test,test
flowers102_7579,image_02465.jpg,ood_test,test
flowers102_7580,image_04014.jpg,ood_test,test
flowers102_7581,image_07535.jpg,ood_test,test
flowers102_7582,image_01144.jpg,ood_test,test
flowers102_7583,image_05322.jpg,ood_test,test
flowers102_7584,image_03753.jpg,ood_test,test
flowers102_7585,image_03035.jpg,ood_test,test
flowers102_7586,image_04982.jpg,ood_test,test
flowers102_7587,image_05444.jpg,ood_test,test
flowers102_7588,image_01622.jpg,ood_test,test
flowers102_7589,image_08160.jpg,ood_test,test
flowers102_7590,image_07253.jpg,ood_test,test
flowers102_7591,image_06159.jpg,ood_test,test
flowers102_7592,image_01636.jpg,ood_test,test
flowers102_7593,image_00528.jpg,ood_test,test
flowers102_7594,image_08174.jpg,ood_test,test
flowers102_7595,image_07247.jpg,ood_test,test
flowers102_7596,image_03021.jpg,ood_test,test
flowers102_7597,image_04996.jpg,ood_test,test
flowers102_7598,image_05450.jpg,ood_test,test
flowers102_7599,image_05336.jpg,ood_test,test
flowers102_7600,image_02459.jpg,ood_test,test
flowers102_7601,image_03747.jpg,ood_test,test
flowers102_7602,image_04028.jpg,ood_test,test
flowers102_7603,image_07521.jpg,ood_test,test
flowers102_7604,image_01150.jpg,ood_test,test
flowers102_7605,image_03974.jpg,ood_test,test
flowers102_7606,image_01805.jpg,ood_test,test
flowers102_7607,image_01811.jpg,ood_test,test
flowers102_7608,image_04969.jpg,ood_test,test
flowers102_7609,image_03960.jpg,ood_test,test
flowers102_7610,image_06818.jpg,ood_test,test
flowers102_7611,image_03790.jpg,ood_test,test
flowers102_7612,image_03948.jpg,ood_test,test
flowers102_7613,image_01187.jpg,ood_test,test
flowers102_7614,image_00299.jpg,ood_test,test
flowers102_7615,image_06830.jpg,ood_test,test
flowers102_7616,image_01839.jpg,ood_test,test
flowers102_7617,image_07290.jpg,ood_test,test
flowers102_7618,image_04941.jpg,ood_test,test
flowers102_7619,image_05487.jpg,ood_test,test
flowers102_7620,image_04799.jpg,ood_test,test
flowers102_7621,image_04955.jpg,ood_test,test
flowers102_7622,image_05493.jpg,ood_test,test
flowers102_7623,image_07284.jpg,ood_test,test
flowers102_7624,image_01193.jpg,ood_test,test
flowers102_7625,image_06824.jpg,ood_test,test
flowers102_7626,image_03784.jpg,ood_test,test
flowers102_7627,image_02115.jpg,ood_test,test
flowers102_7628,image_04564.jpg,ood_test,test
flowers102_7629,image_00702.jpg,ood_test,test
flowers102_7630,image_06373.jpg,ood_test,test
flowers102_7631,image_06415.jpg,ood_test,test
flowers102_7632,image_00064.jpg,ood_test,test
flowers102_7633,image_04202.jpg,ood_test,test
flowers102_7634,image_02673.jpg,ood_test,test
flowers102_7635,image_04216.jpg,ood_test,test
flowers102_7636,image_03579.jpg,ood_test,test
flowers102_7637,image_02667.jpg,ood_test,test
flowers102_7638,image_05108.jpg,ood_test,test
flowers102_7639,image_06401.jpg,ood_test,test
flowers102_7640,image_00070.jpg,ood_test,test
flowers102_7641,image_07079.jpg,ood_test,test
flowers102_7642,image_00716.jpg,ood_test,test
flowers102_7643,image_01408.jpg,ood_test,test
flowers102_7644,image_06367.jpg,ood_test,test
flowers102_7645,image_02101.jpg,ood_test,test
flowers102_7646,image_04570.jpg,ood_test,test
flowers102_7647,image_07051.jpg,ood_test,test
flowers102_7648,image_01420.jpg,ood_test,test
flowers102_7649,image_05646.jpg,ood_test,test
flowers102_7650,image_02129.jpg,ood_test,test
flowers102_7651,image_03237.jpg,ood_test,test
flowers102_7652,image_04558.jpg,ood_test,test
flowers102_7653,image_02897.jpg,ood_test,test
flowers102_7654,image_03551.jpg,ood_test,test
flowers102_7655,image_05120.jpg,ood_test,test
flowers102_7656,image_06429.jpg,ood_test,test
flowers102_7657,image_01346.jpg,ood_test,test
flowers102_7658,image_00058.jpg,ood_test,test
flowers102_7659,image_07737.jpg,ood_test,test
flowers102_7660,image_01352.jpg,ood_test,test
flowers102_7661,image_07723.jpg,ood_test,test
flowers102_7662,image_02883.jpg,ood_test,test
flowers102_7663,image_03545.jpg,ood_test,test
flowers102_7664,image_05134.jpg,ood_test,test
flowers102_7665,image_05652.jpg,ood_test,test
flowers102_7666,image_03223.jpg,ood_test,test
flowers102_7667,image_07045.jpg,ood_test,test
flowers102_7668,image_01434.jpg,ood_test,test
flowers102_7669,image_00919.jpg,ood_test,test
flowers102_7670,image_05861.jpg,ood_test,test
flowers102_7671,image_02868.jpg,ood_test,test
flowers102_7672,image_07910.jpg,ood_test,test
flowers102_7673,image_07904.jpg,ood_test,test
flowers102_7674,image_05875.jpg,ood_test,test
flowers102_7675,image_05685.jpg,ood_test,test
flowers102_7676,image_00925.jpg,ood_test,test
flowers102_7677,image_07092.jpg,ood_test,test
flowers102_7678,image_01385.jpg,ood_test,test
flowers102_7679,image_02854.jpg,ood_test,test
flowers102_7680,image_03592.jpg,ood_test,test
flowers102_7681,image_02698.jpg,ood_test,test
flowers102_7682,image_02840.jpg,ood_test,test
flowers102_7683,image_03586.jpg,ood_test,test
flowers102_7684,image_07938.jpg,ood_test,test
flowers102_7685,image_01391.jpg,ood_test,test
flowers102_7686,image_06398.jpg,ood_test,test
flowers102_7687,image_00931.jpg,ood_test,test
flowers102_7688,image_07086.jpg,ood_test,test
flowers102_7689,image_05849.jpg,ood_test,test
flowers102_7690,image_05691.jpg,ood_test,test
flowers102_7691,image_03590.jpg,ood_test,test
flowers102_7692,image_02856.jpg,ood_test,test
flowers102_7693,image_01387.jpg,ood_test,test
flowers102_7694,image_00099.jpg,ood_test,test
flowers102_7695,image_07090.jpg,ood_test,test
flowers102_7696,image_00927.jpg,ood_test,test
flowers102_7697,image_05687.jpg,ood_test,test
flowers102_7698,image_04599.jpg,ood_test,test
flowers102_7699,image_05693.jpg,ood_test,test
flowers102_7700,image_07084.jpg,ood_test,test
flowers102_7701,image_00933.jpg,ood_test,test
flowers102_7702,image_01393.jpg,ood_test,test
flowers102_7703,image_03584.jpg,ood_test,test
flowers102_7704,image_02842.jpg,ood_test,test
flowers102_7705,image_07912.jpg,ood_test,test
flowers102_7706,image_05863.jpg,ood_test,test
flowers102_7707,image_05877.jpg,ood_test,test
flowers102_7708,image_07906.jpg,ood_test,test
flowers102_7709,image_07735.jpg,ood_test,test
flowers102_7710,image_01344.jpg,ood_test,test
flowers102_7711,image_05122.jpg,ood_test,test
flowers102_7712,image_03553.jpg,ood_test,test
flowers102_7713,image_02895.jpg,ood_test,test
flowers102_7714,image_03235.jpg,ood_test,test
flowers102_7715,image_05644.jpg,ood_test,test
flowers102_7716,image_01422.jpg,ood_test,test
flowers102_7717,image_07053.jpg,ood_test,test
flowers102_7718,image_06359.jpg,ood_test,test
flowers102_7719,image_01436.jpg,ood_test,test
flowers102_7720,image_00728.jpg,ood_test,test
flowers102_7721,image_07047.jpg,ood_test,test
flowers102_7722,image_03221.jpg,ood_test,test
flowers102_7723,image_05888.jpg,ood_test,test
flowers102_7724,image_05650.jpg,ood_test,test
flowers102_7725,image_05136.jpg,ood_test,test
flowers102_7726,image_02659.jpg,ood_test,test
flowers102_7727,image_03547.jpg,ood_test,test
flowers102_7728,image_02881.jpg,ood_test,test
flowers102_7729,image_04228.jpg,ood_test,test
flowers102_7730,image_07721.jpg,ood_test,test
flowers102_7731,image_01350.jpg,ood_test,test
flowers102_7732,image_02671.jpg,ood_test,test
flowers102_7733,image_04200.jpg,ood_test,test
flowers102_7734,image_07709.jpg,ood_test,test
flowers102_7735,image_00066.jpg,ood_test,test
flowers102_7736,image_01378.jpg,ood_test,test
flowers102_7737,image_06417.jpg,ood_test,test
flowers102_7738,image_06371.jpg,ood_test,test
flowers102_7739,image_00700.jpg,ood_test,test
flowers102_7740,image_04566.jpg,ood_test,test
flowers102_7741,image_03209.jpg,ood_test,test
flowers102_7742,image_02117.jpg,ood_test,test
flowers102_7743,image_05678.jpg,ood_test,test
flowers102_7744,image_04572.jpg,ood_test,test
flowers102_7745,image_02103.jpg,ood_test,test
flowers102_7746,image_06365.jpg,ood_test,test
flowers102_7747,image_00714.jpg,ood_test,test
flowers102_7748,image_00072.jpg,ood_test,test
flowers102_7749,image_06403.jpg,ood_test,test
flowers102_7750,image_02665.jpg,ood_test,test
flowers102_7751,image_04214.jpg,ood_test,test
flowers102_7752,image_05485.jpg,ood_test,test
flowers102_7753,image_04943.jpg,ood_test,test
flowers102_7754,image_07292.jpg,ood_test,test
flowers102_7755,image_06832.jpg,ood_test,test
flowers102_7756,image_01185.jpg,ood_test,test
flowers102_7757,image_03792.jpg,ood_test,test
flowers102_7758,image_02498.jpg,ood_test,test
flowers102_7759,image_03786.jpg,ood_test,test
flowers102_7760,image_06826.jpg,ood_test,test
flowers102_7761,image_01191.jpg,ood_test,test
flowers102_7762,image_06198.jpg,ood_test,test
flowers102_7763,image_07286.jpg,ood_test,test
flowers102_7764,image_05491.jpg,ood_test,test
flowers102_7765,image_04957.jpg,ood_test,test
flowers102_7766,image_01807.jpg,ood_test,test
flowers102_7767,image_03976.jpg,ood_test,test
flowers102_7768,image_03962.jpg,ood_test,test
flowers102_7769,image_01813.jpg,ood_test,test
flowers102_7770,image_08189.jpg,ood_test,test
flowers102_7771,image_08162.jpg,ood_test,test
flowers102_7772,image_07251.jpg,ood_test,test
flowers102_7773,image_01620.jpg,ood_test,test
flowers102_7774,image_05446.jpg,ood_test,test
flowers102_7775,image_04980.jpg,ood_test,test
flowers102_7776,image_02329.jpg,ood_test,test
flowers102_7777,image_03037.jpg,ood_test,test
flowers102_7778,image_04758.jpg,ood_test,test
flowers102_7779,image_03751.jpg,ood_test,test
flowers102_7780,image_05320.jpg,ood_test,test
flowers102_7781,image_03989.jpg,ood_test,test
flowers102_7782,image_06629.jpg,ood_test,test
flowers102_7783,image_01146.jpg,ood_test,test
flowers102_7784,image_00258.jpg,ood_test,test
flowers102_7785,image_07537.jpg,ood_test,test
flowers102_7786,image_01152.jpg,ood_test,test
flowers102_7787,image_07523.jpg,ood_test,test
flowers102_7788,image_03745.jpg,ood_test,test
flowers102_7789,image_05334.jpg,ood_test,test
flowers102_7790,image_05452.jpg,ood_test,test
flowers102_7791,image_04994.jpg,ood_test,test
flowers102_7792,image_03023.jpg,ood_test,test
flowers102_7793,image_08176.jpg,ood_test,test
flowers102_7794,image_07245.jpg,ood_test,test
flowers102_7795,image_01634.jpg,ood_test,test
flowers102_7796,image_02315.jpg,ood_test,test
flowers102_7797,image_04764.jpg,ood_test,test
flowers102_7798,image_00502.jpg,ood_test,test
flowers102_7799,image_06173.jpg,ood_test,test
flowers102_7800,image_06615.jpg,ood_test,test
flowers102_7801,image_00264.jpg,ood_test,test
flowers102_7802,image_04002.jpg,ood_test,test
flowers102_7803,image_02473.jpg,ood_test,test
flowers102_7804,image_04016.jpg,ood_test,test
flowers102_7805,image_03779.jpg,ood_test,test
flowers102_7806,image_02467.jpg,ood_test,test
flowers102_7807,image_05308.jpg,ood_test,test
flowers102_7808,image_06601.jpg,ood_test,test
flowers102_7809,image_00270.jpg,ood_test,test
flowers102_7810,image_07279.jpg,ood_test,test
flowers102_7811,image_00516.jpg,ood_test,test
flowers102_7812,image_01608.jpg,ood_test,test
flowers102_7813,image_06167.jpg,ood_test,test
flowers102_7814,image_02301.jpg,ood_test,test
flowers102_7815,image_04770.jpg,ood_test,test
flowers102_7816,image_04837.jpg,ood_test,test
flowers102_7817,image_03180.jpg,ood_test,test
flowers102_7818,image_00489.jpg,ood_test,test
flowers102_7819,image_01797.jpg,ood_test,test
flowers102_7820,image_07480.jpg,ood_test,test
flowers102_7821,image_06946.jpg,ood_test,test
flowers102_7822,image_04189.jpg,ood_test,test
flowers102_7823,image_05297.jpg,ood_test,test
flowers102_7824,image_05283.jpg,ood_test,test
flowers102_7825,image_07494.jpg,ood_test,test
flowers102_7826,image_06952.jpg,ood_test,test
flowers102_7827,image_01783.jpg,ood_test,test
flowers102_7828,image_04823.jpg,ood_test,test
flowers102_7829,image_03194.jpg,ood_test,test
flowers102_7830,image_01973.jpg,ood_test,test
flowers102_7831,image_03802.jpg,ood_test,test
flowers102_7832,image_03816.jpg,ood_test,test
flowers102_7833,image_01967.jpg,ood_test,test
flowers102_7834,image_01754.jpg,ood_test,test
flowers102_7835,image_08016.jpg,ood_test,test
flowers102_7836,image_07325.jpg,ood_test,test
flowers102_7837,image_03143.jpg,ood_test,test
flowers102_7838,image_05532.jpg,ood_test,test
flowers102_7839,image_05254.jpg,ood_test,test
flowers102_7840,image_03625.jpg,ood_test,test
flowers102_7841,image_07443.jpg,ood_test,test
flowers102_7842,image_06985.jpg,ood_test,test
flowers102_7843,image_01032.jpg,ood_test,test
flowers102_7844,image_07457.jpg,ood_test,test
flowers102_7845,image_00338.jpg,ood_test,test
flowers102_7846,image_06991.jpg,ood_test,test
flowers102_7847,image_01026.jpg,ood_test,test
flowers102_7848,image_06749.jpg,ood_test,test
flowers102_7849,image_05240.jpg,ood_test,test
flowers102_7850,image_03631.jpg,ood_test,test
flowers102_7851,image_04638.jpg,ood_test,test
flowers102_7852,image_03157.jpg,ood_test,test
flowers102_7853,image_02249.jpg,ood_test,test
flowers102_7854,image_05526.jpg,ood_test,test
flowers102_7855,image_01740.jpg,ood_test,test
flowers102_7856,image_01998.jpg,ood_test,test
flowers102_7857,image_08002.jpg,ood_test,test
flowers102_7858,image_07331.jpg,ood_test,test
flowers102_7859,image_04610.jpg,ood_test,test
flowers102_7860,image_02261.jpg,ood_test,test
flowers102_7861,image_06007.jpg,ood_test,test
flowers102_7862,image_01768.jpg,ood_test,test
flowers102_7863,image_00476.jpg,ood_test,test
flowers102_7864,image_07319.jpg,ood_test,test
flowers102_7865,image_00310.jpg,ood_test,test
flowers102_7866,image_06761.jpg,ood_test,test
flowers102_7867,image_05268.jpg,ood_test,test
flowers102_7868,image_02507.jpg,ood_test,test
flowers102_7869,image_03619.jpg,ood_test,test
flowers102_7870,image_04176.jpg,ood_test,test
flowers102_7871,image_02513.jpg,ood_test,test
flowers102_7872,image_04162.jpg,ood_test,test
flowers102_7873,image_00304.jpg,ood_test,test
flowers102_7874,image_06775.jpg,ood_test,test
flowers102_7875,image_06013.jpg,ood_test,test
flowers102_7876,image_00462.jpg,ood_test,test
flowers102_7877,image_04604.jpg,ood_test,test
flowers102_7878,image_02275.jpg,ood_test,test
flowers102_7879,image_05095.jpg,ood_test,test
flowers102_7880,image_02922.jpg,ood_test,test
flowers102_7881,image_07682.jpg,ood_test,test
flowers102_7882,image_01595.jpg,ood_test,test
flowers102_7883,image_00853.jpg,ood_test,test
flowers102_7884,image_03382.jpg,ood_test,test
flowers102_7885,image_03396.jpg,ood_test,test
flowers102_7886,image_02088.jpg,ood_test,test
flowers102_7887,image_01581.jpg,ood_test,test
flowers102_7888,image_00847.jpg,ood_test,test
flowers102_7889,image_07696.jpg,ood_test,test
flowers102_7890,image_06588.jpg,ood_test,test
flowers102_7891,image_05081.jpg,ood_test,test
flowers102_7892,image_02936.jpg,ood_test,test
flowers102_7893,image_07866.jpg,ood_test,test
flowers102_7894,image_05917.jpg,ood_test,test
flowers102_7895,image_05903.jpg,ood_test,test
flowers102_7896,image_07872.jpg,ood_test,test
flowers102_7897,image_07899.jpg,ood_test,test
flowers102_7898,image_01230.jpg,ood_test,test
flowers102_7899,image_07641.jpg,ood_test,test
flowers102_7900,image_04348.jpg,ood_test,test
flowers102_7901,image_03427.jpg,ood_test,test
flowers102_7902,image_02739.jpg,ood_test,test
flowers102_7903,image_05056.jpg,ood_test,test
flowers102_7904,image_05730.jpg,ood_test,test
flowers102_7905,image_03341.jpg,ood_test,test
flowers102_7906,image_07127.jpg,ood_test,test
flowers102_7907,image_00648.jpg,ood_test,test
flowers102_7908,image_01556.jpg,ood_test,test
flowers102_7909,image_06239.jpg,ood_test,test
flowers102_7910,image_00890.jpg,ood_test,test
flowers102_7911,image_07133.jpg,ood_test,test
flowers102_7912,image_01542.jpg,ood_test,test
flowers102_7913,image_00884.jpg,ood_test,test
flowers102_7914,image_05724.jpg,ood_test,test
flowers102_7915,image_03355.jpg,ood_test,test
flowers102_7916,image_03433.jpg,ood_test,test
flowers102_7917,image_05042.jpg,ood_test,test
flowers102_7918,image_01224.jpg,ood_test,test
flowers102_7919,image_07655.jpg,ood_test,test
flowers102_7920,image_04374.jpg,ood_test,test
flowers102_7921,image_02705.jpg,ood_test,test
flowers102_7922,image_06563.jpg,ood_test,test
flowers102_7923,image_00112.jpg,ood_test,test
flowers102_7924,image_00674.jpg,ood_test,test
flowers102_7925,image_06205.jpg,ood_test,test
flowers102_7926,image_02063.jpg,ood_test,test
flowers102_7927,image_04412.jpg,ood_test,test
flowers102_7928,image_05718.jpg,ood_test,test
flowers102_7929,image_02077.jpg,ood_test,test
flowers102_7930,image_03369.jpg,ood_test,test
flowers102_7931,image_04406.jpg,ood_test,test
flowers102_7932,image_00660.jpg,ood_test,test
flowers102_7933,image_06211.jpg,ood_test,test
flowers102_7934,image_06577.jpg,ood_test,test
flowers102_7935,image_01218.jpg,ood_test,test
flowers102_7936,image_00106.jpg,ood_test,test
flowers102_7937,image_07669.jpg,ood_test,test
flowers102_7938,image_04360.jpg,ood_test,test
flowers102_7939,image_02711.jpg,ood_test,test
flowers102_7940,image_06210.jpg,ood_test,test
flowers102_7941,image_00661.jpg,ood_test,test
flowers102_7942,image_04407.jpg,ood_test,test
flowers102_7943,image_03368.jpg,ood_test,test
flowers102_7944,image_02076.jpg,ood_test,test
flowers102_7945,image_05719.jpg,ood_test,test
flowers102_7946,image_02710.jpg,ood_test,test
flowers102_7947,image_04361.jpg,ood_test,test
flowers102_7948,image_07668.jpg,ood_test,test
flowers102_7949,image_00107.jpg,ood_test,test
flowers102_7950,image_01219.jpg,ood_test,test
flowers102_7951,image_06576.jpg,ood_test,test
flowers102_7952,image_00113.jpg,ood_test,test
flowers102_7953,image_06562.jpg,ood_test,test
flowers102_7954,image_02704.jpg,ood_test,test
flowers102_7955,image_04375.jpg,ood_test,test
flowers102_7956,image_04413.jpg,ood_test,test
flowers102_7957,image_02062.jpg,ood_test,test
flowers102_7958,image_06204.jpg,ood_test,test
flowers102_7959,image_00675.jpg,ood_test,test
flowers102_7960,image_03354.jpg,ood_test,test
flowers102_7961,image_05725.jpg,ood_test,test
flowers102_7962,image_00885.jpg,ood_test,test
flowers102_7963,image_01543.jpg,ood_test,test
flowers102_7964,image_07132.jpg,ood_test,test
flowers102_7965,image_07654.jpg,ood_test,test
flowers102_7966,image_01225.jpg,ood_test,test
flowers102_7967,image_05043.jpg,ood_test,test
flowers102_7968,image_03432.jpg,ood_test,test
flowers102_7969,image_05057.jpg,ood_test,test
flowers102_7970,image_02738.jpg,ood_test,test
flowers102_7971,image_03426.jpg,ood_test,test
flowers102_7972,image_04349.jpg,ood_test,test
flowers102_7973,image_07640.jpg,ood_test,test
flowers102_7974,image_01231.jpg,ood_test,test
flowers102_7975,image_07898.jpg,ood_test,test
flowers102_7976,image_00891.jpg,ood_test,test
flowers102_7977,image_06238.jpg,ood_test,test
flowers102_7978,image_01557.jpg,ood_test,test
flowers102_7979,image_00649.jpg,ood_test,test
flowers102_7980,image_07126.jpg,ood_test,test
flowers102_7981,image_03340.jpg,ood_test,test
flowers102_7982,image_05731.jpg,ood_test,test
flowers102_7983,image_05902.jpg,ood_test,test
flowers102_7984,image_07873.jpg,ood_test,test
flowers102_7985,image_07867.jpg,ood_test,test
flowers102_7986,image_05916.jpg,ood_test,test
flowers102_7987,image_00846.jpg,ood_test,test
flowers102_7988,image_01580.jpg,ood_test,test
flowers102_7989,image_02089.jpg,ood_test,test
flowers102_7990,image_03397.jpg,ood_test,test
flowers102_7991,image_02937.jpg,ood_test,test
flowers102_7992,image_05080.jpg,ood_test,test
flowers102_7993,image_06589.jpg,ood_test,test
flowers102_7994,image_07697.jpg,ood_test,test
flowers102_7995,image_07683.jpg,ood_test,test
flowers102_7996,image_02923.jpg,ood_test,test
flowers102_7997,image_05094.jpg,ood_test,test
flowers102_7998,image_03383.jpg,ood_test,test
flowers102_7999,image_00852.jpg,ood_test,test
flowers102_8000,image_01594.jpg,ood_test,test
flowers102_8001,image_06774.jpg,ood_test,test
flowers102_8002,image_00305.jpg,ood_test,test
flowers102_8003,image_04163.jpg,ood_test,test
flowers102_8004,image_02512.jpg,ood_test,test
flowers102_8005,image_02274.jpg,ood_test,test
flowers102_8006,image_04605.jpg,ood_test,test
flowers102_8007,image_00463.jpg,ood_test,test
flowers102_8008,image_06012.jpg,ood_test,test
flowers102_8009,image_07318.jpg,ood_test,test
flowers102_8010,image_00477.jpg,ood_test,test
flowers102_8011,image_01769.jpg,ood_test,test
flowers102_8012,image_06006.jpg,ood_test,test
flowers102_8013,image_02260.jpg,ood_test,test
flowers102_8014,image_04611.jpg,ood_test,test
flowers102_8015,image_04177.jpg,ood_test,test
flowers102_8016,image_03618.jpg,ood_test,test
flowers102_8017,image_02506.jpg,ood_test,test
flowers102_8018,image_05269.jpg,ood_test,test
flowers102_8019,image_06760.jpg,ood_test,test
flowers102_8020,image_00311.jpg,ood_test,test
flowers102_8021,image_03630.jpg,ood_test,test
flowers102_8022,image_05241.jpg,ood_test,test
flowers102_8023,image_06748.jpg,ood_test,test
flowers102_8024,image_01027.jpg,ood_test,test
flowers102_8025,image_06990.jpg,ood_test,test
flowers102_8026,image_00339.jpg,ood_test,test
flowers102_8027,image_07456.jpg,ood_test,test
flowers102_8028,image_07330.jpg,ood_test,test
flowers102_8029,image_01999.jpg,ood_test,test
flowers102_8030,image_08003.jpg,ood_test,test
flowers102_8031,image_01741.jpg,ood_test,test
flowers102_8032,image_05527.jpg,ood_test,test
flowers102_8033,image_02248.jpg,ood_test,test
flowers102_8034,image_03156.jpg,ood_test,test
flowers102_8035,image_04639.jpg,ood_test,test
flowers102_8036,image_05533.jpg,ood_test,test
flowers102_8037,image_03142.jpg,ood_test,test
flowers102_8038,image_07324.jpg,ood_test,test
flowers102_8039,image_08017.jpg,ood_test,test
flowers102_8040,image_01755.jpg,ood_test,test
flowers102_8041,image_01033.jpg,ood_test,test
flowers102_8042,image_06984.jpg,ood_test,test
flowers102_8043,image_07442.jpg,ood_test,test
flowers102_8044,image_03624.jpg,ood_test,test
flowers102_8045,image_05255.jpg,ood_test,test
flowers102_8046,image_03817.jpg,ood_test,test
flowers102_8047,image_01966.jpg,ood_test,test
flowers102_8048,image_01972.jpg,ood_test,test
flowers102_8049,image_03803.jpg,ood_test,test
flowers102_8050,image_06953.jpg,ood_test,test
flowers102_8051,image_07495.jpg,ood_test,test
flowers102_8052,image_05282.jpg,ood_test,test
flowers102_8053,image_03195.jpg,ood_test,test
flowers102_8054,image_04822.jpg,ood_test,test
flowers102_8055,image_01782.jpg,ood_test,test
flowers102_8056,image_01796.jpg,ood_test,test
flowers102_8057,image_00488.jpg,ood_test,test
flowers102_8058,image_03181.jpg,ood_test,test
flowers102_8059,image_04836.jpg,ood_test,test
flowers102_8060,image_05296.jpg,ood_test,test
flowers102_8061,image_04188.jpg,ood_test,test
flowers102_8062,image_06947.jpg,ood_test,test
flowers102_8063,image_07481.jpg,ood_test,test
flowers102_8064,image_00271.jpg,ood_test,test
flowers102_8065,image_06600.jpg,ood_test,test
flowers102_8066,image_05309.jpg,ood_test,test
flowers102_8067,image_02466.jpg,ood_test,test
flowers102_8068,image_03778.jpg,ood_test,test
flowers102_8069,image_04017.jpg,ood_test,test
flowers102_8070,image_04771.jpg,ood_test,test
flowers102_8071,image_02300.jpg,ood_test,test
flowers102_8072,image_06166.jpg,ood_test,test
flowers102_8073,image_01609.jpg,ood_test,test
flowers102_8074,image_00517.jpg,ood_test,test
flowers102_8075,image_07278.jpg,ood_test,test
flowers102_8076,image_06172.jpg,ood_test,test
flowers102_8077,image_00503.jpg,ood_test,test
flowers102_8078,image_04765.jpg,ood_test,test
flowers102_8079,image_02314.jpg,ood_test,test
flowers102_8080,image_02472.jpg,ood_test,test
flowers102_8081,image_04003.jpg,ood_test,test
flowers102_8082,image_00265.jpg,ood_test,test
flowers102_8083,image_06614.jpg,ood_test,test
flowers102_8084,image_05335.jpg,ood_test,test
flowers102_8085,image_03744.jpg,ood_test,test
flowers102_8086,image_07522.jpg,ood_test,test
flowers102_8087,image_01153.jpg,ood_test,test
flowers102_8088,image_01635.jpg,ood_test,test
flowers102_8089,image_07244.jpg,ood_test,test
flowers102_8090,image_08177.jpg,ood_test,test
flowers102_8091,image_03022.jpg,ood_test,test
flowers102_8092,image_04995.jpg,ood_test,test
flowers102_8093,image_05453.jpg,ood_test,test
flowers102_8094,image_04759.jpg,ood_test,test
flowers102_8095,image_03036.jpg,ood_test,test
flowers102_8096,image_02328.jpg,ood_test,test
flowers102_8097,image_04981.jpg,ood_test,test
flowers102_8098,image_05447.jpg,ood_test,test
flowers102_8099,image_01621.jpg,ood_test,test
flowers102_8100,image_07250.jpg,ood_test,test
flowers102_8101,image_08163.jpg,ood_test,test
flowers102_8102,image_07536.jpg,ood_test,test
flowers102_8103,image_00259.jpg,ood_test,test
flowers102_8104,image_01147.jpg,ood_test,test
flowers102_8105,image_06628.jpg,ood_test,test
flowers102_8106,image_03988.jpg,ood_test,test
flowers102_8107,image_05321.jpg,ood_test,test
flowers102_8108,image_03750.jpg,ood_test,test
flowers102_8109,image_03963.jpg,ood_test,test
flowers102_8110,image_01812.jpg,ood_test,test
flowers102_8111,image_08188.jpg,ood_test,test
flowers102_8112,image_01806.jpg,ood_test,test
flowers102_8113,image_03977.jpg,ood_test,test
flowers102_8114,image_01190.jpg,ood_test,test
flowers102_8115,image_06827.jpg,ood_test,test
flowers102_8116,image_03787.jpg,ood_test,test
flowers102_8117,image_02499.jpg,ood_test,test
flowers102_8118,image_04956.jpg,ood_test,test
flowers102_8119,image_05490.jpg,ood_test,test
flowers102_8120,image_07287.jpg,ood_test,test
flowers102_8121,image_06199.jpg,ood_test,test
flowers102_8122,image_07293.jpg,ood_test,test
flowers102_8123,image_04942.jpg,ood_test,test
flowers102_8124,image_05484.jpg,ood_test,test
flowers102_8125,image_03793.jpg,ood_test,test
flowers102_8126,image_01184.jpg,ood_test,test
flowers102_8127,image_06833.jpg,ood_test,test
flowers102_8128,image_00715.jpg,ood_test,test
flowers102_8129,image_06364.jpg,ood_test,test
flowers102_8130,image_02102.jpg,ood_test,test
flowers102_8131,image_04573.jpg,ood_test,test
flowers102_8132,image_04215.jpg,ood_test,test
flowers102_8133,image_02664.jpg,ood_test,test
flowers102_8134,image_06402.jpg,ood_test,test
flowers102_8135,image_00073.jpg,ood_test,test
flowers102_8136,image_06416.jpg,ood_test,test
flowers102_8137,image_01379.jpg,ood_test,test
flowers102_8138,image_00067.jpg,ood_test,test
flowers102_8139,image_07708.jpg,ood_test,test
flowers102_8140,image_04201.jpg,ood_test,test
flowers102_8141,image_02670.jpg,ood_test,test
flowers102_8142,image_05679.jpg,ood_test,test
flowers102_8143,image_02116.jpg,ood_test,test
flowers102_8144,image_03208.jpg,ood_test,test
flowers102_8145,image_04567.jpg,ood_test,test
flowers102_8146,image_00701.jpg,ood_test,test
flowers102_8147,image_06370.jpg,ood_test,test
flowers102_8148,image_05651.jpg,ood_test,test
flowers102_8149,image_05889.jpg,ood_test,test
flowers102_8150,image_03220.jpg,ood_test,test
flowers102_8151,image_07046.jpg,ood_test,test
flowers102_8152,image_00729.jpg,ood_test,test
flowers102_8153,image_01437.jpg,ood_test,test
flowers102_8154,image_06358.jpg,ood_test,test
flowers102_8155,image_01351.jpg,ood_test,test
flowers102_8156,image_07720.jpg,ood_test,test
flowers102_8157,image_04229.jpg,ood_test,test
flowers102_8158,image_02880.jpg,ood_test,test
flowers102_8159,image_03546.jpg,ood_test,test
flowers102_8160,image_02658.jpg,ood_test,test
flowers102_8161,image_05137.jpg,ood_test,test
flowers102_8162,image_02894.jpg,ood_test,test
flowers102_8163,image_03552.jpg,ood_test,test
flowers102_8164,image_05123.jpg,ood_test,test
flowers102_8165,image_01345.jpg,ood_test,test
flowers102_8166,image_07734.jpg,ood_test,test
flowers102_8167,image_07052.jpg,ood_test,test
flowers102_8168,image_01423.jpg,ood_test,test
flowers102_8169,image_05645.jpg,ood_test,test
flowers102_8170,image_03234.jpg,ood_test,test
flowers102_8171,image_05876.jpg,ood_test,test
flowers102_8172,image_07907.jpg,ood_test,test
flowers102_8173,image_07913.jpg,ood_test,test
flowers102_8174,image_05862.jpg,ood_test,test
flowers102_8175,image_00932.jpg,ood_test,test
flowers102_8176,image_07085.jpg,ood_test,test
flowers102_8177,image_05692.jpg,ood_test,test
flowers102_8178,image_02843.jpg,ood_test,test
flowers102_8179,image_03585.jpg,ood_test,test
flowers102_8180,image_01392.jpg,ood_test,test
flowers102_8181,image_00098.jpg,ood_test,test
flowers102_8182,image_01386.jpg,ood_test,test
flowers102_8183,image_02857.jpg,ood_test,test
flowers102_8184,image_03591.jpg,ood_test,test
flowers102_8185,image_04598.jpg,ood_test,test
flowers102_8186,image_05686.jpg,ood_test,test
flowers102_8187,image_00926.jpg,ood_test,test
flowers102_8188,image_07091.jpg,ood_test,test
