id,image_path,label,stage
dtd_0,stained_stained_0124.jpg,ood_test,test
dtd_1,wrinkled_wrinkled_0038.jpg,ood_test,test
dtd_2,studded_studded_0194.jpg,ood_test,test
dtd_3,bumpy_bumpy_0197.jpg,ood_test,test
dtd_4,frilly_frilly_0089.jpg,ood_test,test
dtd_5,bumpy_bumpy_0183.jpg,ood_test,test
dtd_6,studded_studded_0180.jpg,ood_test,test
dtd_7,gauzy_gauzy_0108.jpg,ood_test,test
dtd_8,stained_stained_0130.jpg,ood_test,test
dtd_9,gauzy_gauzy_0120.jpg,ood_test,test
dtd_10,matted_matted_0093.jpg,ood_test,test
dtd_11,stained_stained_0118.jpg,ood_test,test
dtd_12,dotted_dotted_0208.jpg,ood_test,test
dtd_13,stratified_stratified_0102.jpg,ood_test,test
dtd_14,polka-dotted_polka-dotted_0091.jpg,ood_test,test
dtd_15,sprinkled_sprinkled_0019.jpg,ood_test,test
dtd_16,stratified_stratified_0116.jpg,ood_test,test
dtd_17,gauzy_gauzy_0134.jpg,ood_test,test
dtd_18,matted_matted_0087.jpg,ood_test,test
dtd_19,wrinkled_wrinkled_0010.jpg,ood_test,test
dtd_20,crosshatched_crosshatched_0154.jpg,ood_test,test
dtd_21,porous_porous_0134.jpg,ood_test,test
dtd_22,meshed_meshed_0166.jpg,ood_test,test
dtd_23,bumpy_bumpy_0154.jpg,ood_test,test
dtd_24,pitted_pitted_0162.jpg,ood_test,test
dtd_25,studded_studded_0157.jpg,ood_test,test
dtd_26,studded_studded_0143.jpg,ood_test,test
dtd_27,cracked_cracked_0139.jpg,ood_test,test
dtd_28,meshed_meshed_0172.jpg,ood_test,test
dtd_29,bumpy_bumpy_0140.jpg,ood_test,test
dtd_30,porous_porous_0120.jpg,ood_test,test
dtd_31,crosshatched_crosshatched_0140.jpg,ood_test,test
dtd_32,matted_matted_0078.jpg,ood_test,test
dtd_33,porous_porous_0108.jpg,ood_test,test
dtd_34,pleated_pleated_0150.jpg,ood_test,test
dtd_35,crosshatched_crosshatched_0168.jpg,ood_test,test
dtd_36,matted_matted_0050.jpg,ood_test,test
dtd_37,cracked_cracked_0111.jpg,ood_test,test
dtd_38,frilly_frilly_0076.jpg,ood_test,test
dtd_39,bumpy_bumpy_0168.jpg,ood_test,test
dtd_40,waffled_waffled_0096.jpg,ood_test,test
dtd_41,frilly_frilly_0062.jpg,ood_test,test
dtd_42,cracked_cracked_0105.jpg,ood_test,test
dtd_43,matted_matted_0044.jpg,ood_test,test
dtd_44,pleated_pleated_0144.jpg,ood_test,test
dtd_45,smeared_smeared_0115.jpg,ood_test,test
dtd_46,grooved_grooved_0140.jpg,ood_test,test
dtd_47,blotchy_blotchy_0123.jpg,ood_test,test
dtd_48,lined_lined_0161.jpg,ood_test,test
dtd_49,lacelike_lacelike_0018.jpg,ood_test,test
dtd_50,perforated_perforated_0076.jpg,ood_test,test
dtd_51,blotchy_blotchy_0137.jpg,ood_test,test
dtd_52,lined_lined_0175.jpg,ood_test,test
dtd_53,chequered_chequered_0121.jpg,ood_test,test
dtd_54,grooved_grooved_0154.jpg,ood_test,test
dtd_55,smeared_smeared_0101.jpg,ood_test,test
dtd_56,chequered_chequered_0109.jpg,ood_test,test
dtd_57,crystalline_crystalline_0205.jpg,ood_test,test
dtd_58,flecked_flecked_0127.jpg,ood_test,test
dtd_59,smeared_smeared_0129.jpg,ood_test,test
dtd_60,lacelike_lacelike_0024.jpg,ood_test,test
dtd_61,potholed_potholed_0087.jpg,ood_test,test
dtd_62,lacelike_lacelike_0030.jpg,ood_test,test
dtd_63,flecked_flecked_0133.jpg,ood_test,test
dtd_64,crystalline_crystalline_0211.jpg,ood_test,test
dtd_65,grooved_grooved_0168.jpg,ood_test,test
dtd_66,bubbly_bubbly_0142.jpg,ood_test,test
dtd_67,spiralled_spiralled_0125.jpg,ood_test,test
dtd_68,banded_banded_0103.jpg,ood_test,test
dtd_69,cobwebbed_cobwebbed_0122.jpg,ood_test,test
dtd_70,woven_woven_0117.jpg,ood_test,test
dtd_71,cobwebbed_cobwebbed_0136.jpg,ood_test,test
dtd_72,woven_woven_0103.jpg,ood_test,test
dtd_73,paisley_paisley_0048.jpg,ood_test,test
dtd_74,potholed_potholed_0078.jpg,ood_test,test
dtd_75,banded_banded_0117.jpg,ood_test,test
dtd_76,spiralled_spiralled_0131.jpg,ood_test,test
dtd_77,bubbly_bubbly_0156.jpg,ood_test,test
dtd_78,spiralled_spiralled_0119.jpg,ood_test,test
dtd_79,freckled_freckled_0122.jpg,ood_test,test
dtd_80,paisley_paisley_0060.jpg,ood_test,test
dtd_81,potholed_potholed_0050.jpg,ood_test,test
dtd_82,paisley_paisley_0074.jpg,ood_test,test
dtd_83,potholed_potholed_0044.jpg,ood_test,test
dtd_84,perforated_perforated_0089.jpg,ood_test,test
dtd_85,freckled_freckled_0136.jpg,ood_test,test
dtd_86,braided_braided_0080.jpg,ood_test,test
dtd_87,marbled_marbled_0163.jpg,ood_test,test
dtd_88,spiralled_spiralled_0092.jpg,ood_test,test
dtd_89,interlaced_interlaced_0147.jpg,ood_test,test
dtd_90,cobwebbed_cobwebbed_0095.jpg,ood_test,test
dtd_91,blotchy_blotchy_0057.jpg,ood_test,test
dtd_92,dotted_dotted_0142.jpg,ood_test,test
dtd_93,perforated_perforated_0116.jpg,ood_test,test
dtd_94,dotted_dotted_0156.jpg,ood_test,test
dtd_95,perforated_perforated_0102.jpg,ood_test,test
dtd_96,cobwebbed_cobwebbed_0081.jpg,ood_test,test
dtd_97,veined_veined_0185.jpg,ood_test,test
dtd_98,interlaced_interlaced_0153.jpg,ood_test,test
dtd_99,chequered_chequered_0055.jpg,ood_test,test
dtd_100,smeared_smeared_0075.jpg,ood_test,test
dtd_101,marbled_marbled_0177.jpg,ood_test,test
dtd_102,spiralled_spiralled_0086.jpg,ood_test,test
dtd_103,freckled_freckled_0095.jpg,ood_test,test
dtd_104,braided_braided_0123.jpg,ood_test,test
dtd_105,swirly_swirly_0152.jpg,ood_test,test
dtd_106,flecked_flecked_0053.jpg,ood_test,test
dtd_107,banded_banded_0088.jpg,ood_test,test
dtd_108,woven_woven_0088.jpg,ood_test,test
dtd_109,swirly_swirly_0146.jpg,ood_test,test
dtd_110,smeared_smeared_0049.jpg,ood_test,test
dtd_111,flecked_flecked_0047.jpg,ood_test,test
dtd_112,braided_braided_0137.jpg,ood_test,test
dtd_113,chequered_chequered_0069.jpg,ood_test,test
dtd_114,interlaced_interlaced_0184.jpg,ood_test,test
dtd_115,spiralled_spiralled_0051.jpg,ood_test,test
dtd_116,scaly_scaly_0111.jpg,ood_test,test
dtd_117,potholed_potholed_0118.jpg,ood_test,test
dtd_118,banded_banded_0077.jpg,ood_test,test
dtd_119,dotted_dotted_0181.jpg,ood_test,test
dtd_120,paisley_paisley_0128.jpg,ood_test,test
dtd_121,cobwebbed_cobwebbed_0056.jpg,ood_test,test
dtd_122,woven_woven_0063.jpg,ood_test,test
dtd_123,blotchy_blotchy_0094.jpg,ood_test,test
dtd_124,veined_veined_0152.jpg,ood_test,test
dtd_125,woven_woven_0077.jpg,ood_test,test
dtd_126,veined_veined_0146.jpg,ood_test,test
dtd_127,blotchy_blotchy_0080.jpg,ood_test,test
dtd_128,scaly_scaly_0105.jpg,ood_test,test
dtd_129,banded_banded_0063.jpg,ood_test,test
dtd_130,spiralled_spiralled_0045.jpg,ood_test,test
dtd_131,grid_grid_0019.jpg,ood_test,test
dtd_132,chequered_chequered_0096.jpg,ood_test,test
dtd_133,interlaced_interlaced_0190.jpg,ood_test,test
dtd_134,flecked_flecked_0090.jpg,ood_test,test
dtd_135,grid_grid_0031.jpg,ood_test,test
dtd_136,freckled_freckled_0056.jpg,ood_test,test
dtd_137,potholed_potholed_0124.jpg,ood_test,test
dtd_138,paisley_paisley_0114.jpg,ood_test,test
dtd_139,scaly_scaly_0139.jpg,ood_test,test
dtd_140,potholed_potholed_0130.jpg,ood_test,test
dtd_141,paisley_paisley_0100.jpg,ood_test,test
dtd_142,studded_studded_0209.jpg,ood_test,test
dtd_143,flecked_flecked_0084.jpg,ood_test,test
dtd_144,grid_grid_0025.jpg,ood_test,test
dtd_145,marbled_marbled_0188.jpg,ood_test,test
dtd_146,porous_porous_0083.jpg,ood_test,test
dtd_147,stained_stained_0050.jpg,ood_test,test
dtd_148,waffled_waffled_0109.jpg,ood_test,test
dtd_149,stained_stained_0044.jpg,ood_test,test
dtd_150,knitted_knitted_0186.jpg,ood_test,test
dtd_151,honeycombed_honeycombed_0147.jpg,ood_test,test
dtd_152,fibrous_fibrous_0185.jpg,ood_test,test
dtd_153,waffled_waffled_0135.jpg,ood_test,test
dtd_154,crystalline_crystalline_0173.jpg,ood_test,test
dtd_155,waffled_waffled_0121.jpg,ood_test,test
dtd_156,crystalline_crystalline_0167.jpg,ood_test,test
dtd_157,fibrous_fibrous_0191.jpg,ood_test,test
dtd_158,honeycombed_honeycombed_0153.jpg,ood_test,test
dtd_159,stained_stained_0078.jpg,ood_test,test
dtd_160,knitted_knitted_0192.jpg,ood_test,test
dtd_161,matted_matted_0118.jpg,ood_test,test
dtd_162,knitted_knitted_0179.jpg,ood_test,test
dtd_163,porous_porous_0040.jpg,ood_test,test
dtd_164,stained_stained_0093.jpg,ood_test,test
dtd_165,stratified_stratified_0089.jpg,ood_test,test
dtd_166,zigzagged_zigzagged_0023.jpg,ood_test,test
dtd_167,cracked_cracked_0059.jpg,ood_test,test
dtd_168,pitted_pitted_0002.jpg,ood_test,test
dtd_169,crystalline_crystalline_0198.jpg,ood_test,test
dtd_170,stained_stained_0087.jpg,ood_test,test
dtd_171,zigzagged_zigzagged_0037.jpg,ood_test,test
dtd_172,fibrous_fibrous_0146.jpg,ood_test,test
dtd_173,matted_matted_0124.jpg,ood_test,test
dtd_174,striped_striped_0021.jpg,ood_test,test
dtd_175,knitted_knitted_0145.jpg,ood_test,test
dtd_176,cracked_cracked_0065.jpg,ood_test,test
dtd_177,frilly_frilly_0102.jpg,ood_test,test
dtd_178,polka-dotted_polka-dotted_0132.jpg,ood_test,test
dtd_179,frilly_frilly_0116.jpg,ood_test,test
dtd_180,polka-dotted_polka-dotted_0126.jpg,ood_test,test
dtd_181,cracked_cracked_0071.jpg,ood_test,test
dtd_182,striped_striped_0035.jpg,ood_test,test
dtd_183,matted_matted_0130.jpg,ood_test,test
dtd_184,gauzy_gauzy_0083.jpg,ood_test,test
dtd_185,knitted_knitted_0151.jpg,ood_test,test
dtd_186,fibrous_fibrous_0152.jpg,ood_test,test
dtd_187,cracked_cracked_0070.jpg,ood_test,test
dtd_188,polka-dotted_polka-dotted_0127.jpg,ood_test,test
dtd_189,frilly_frilly_0117.jpg,ood_test,test
dtd_190,fibrous_fibrous_0153.jpg,ood_test,test
dtd_191,porous_porous_0069.jpg,ood_test,test
dtd_192,knitted_knitted_0150.jpg,ood_test,test
dtd_193,gauzy_gauzy_0082.jpg,ood_test,test
dtd_194,striped_striped_0034.jpg,ood_test,test
dtd_195,matted_matted_0131.jpg,ood_test,test
dtd_196,knitted_knitted_0144.jpg,ood_test,test
dtd_197,gauzy_gauzy_0096.jpg,ood_test,test
dtd_198,matted_matted_0125.jpg,ood_test,test
dtd_199,striped_striped_0020.jpg,ood_test,test
dtd_200,fibrous_fibrous_0147.jpg,ood_test,test
dtd_201,polka-dotted_polka-dotted_0133.jpg,ood_test,test
dtd_202,frilly_frilly_0103.jpg,ood_test,test
dtd_203,cracked_cracked_0064.jpg,ood_test,test
dtd_204,crystalline_crystalline_0199.jpg,ood_test,test
dtd_205,pitted_pitted_0003.jpg,ood_test,test
dtd_206,studded_studded_0036.jpg,ood_test,test
dtd_207,striped_striped_0008.jpg,ood_test,test
dtd_208,zigzagged_zigzagged_0036.jpg,ood_test,test
dtd_209,stained_stained_0086.jpg,ood_test,test
dtd_210,porous_porous_0055.jpg,ood_test,test
dtd_211,zigzagged_zigzagged_0022.jpg,ood_test,test
dtd_212,stratified_stratified_0088.jpg,ood_test,test
dtd_213,stained_stained_0092.jpg,ood_test,test
dtd_214,knitted_knitted_0178.jpg,ood_test,test
dtd_215,matted_matted_0119.jpg,ood_test,test
dtd_216,studded_studded_0022.jpg,ood_test,test
dtd_217,cracked_cracked_0058.jpg,ood_test,test
dtd_218,bumpy_bumpy_0021.jpg,ood_test,test
dtd_219,crystalline_crystalline_0166.jpg,ood_test,test
dtd_220,waffled_waffled_0120.jpg,ood_test,test
dtd_221,knitted_knitted_0193.jpg,ood_test,test
dtd_222,stained_stained_0079.jpg,ood_test,test
dtd_223,fibrous_fibrous_0190.jpg,ood_test,test
dtd_224,honeycombed_honeycombed_0152.jpg,ood_test,test
dtd_225,stratified_stratified_0063.jpg,ood_test,test
dtd_226,stratified_stratified_0077.jpg,ood_test,test
dtd_227,honeycombed_honeycombed_0146.jpg,ood_test,test
dtd_228,fibrous_fibrous_0184.jpg,ood_test,test
dtd_229,knitted_knitted_0187.jpg,ood_test,test
dtd_230,crystalline_crystalline_0172.jpg,ood_test,test
dtd_231,waffled_waffled_0134.jpg,ood_test,test
dtd_232,stained_stained_0045.jpg,ood_test,test
dtd_233,porous_porous_0096.jpg,ood_test,test
dtd_234,stained_stained_0051.jpg,ood_test,test
dtd_235,sprinkled_sprinkled_0144.jpg,ood_test,test
dtd_236,porous_porous_0082.jpg,ood_test,test
dtd_237,waffled_waffled_0108.jpg,ood_test,test
dtd_238,paisley_paisley_0101.jpg,ood_test,test
dtd_239,potholed_potholed_0131.jpg,ood_test,test
dtd_240,scaly_scaly_0138.jpg,ood_test,test
dtd_241,marbled_marbled_0189.jpg,ood_test,test
dtd_242,spiralled_spiralled_0078.jpg,ood_test,test
dtd_243,studded_studded_0208.jpg,ood_test,test
dtd_244,grid_grid_0030.jpg,ood_test,test
dtd_245,flecked_flecked_0091.jpg,ood_test,test
dtd_246,paisley_paisley_0115.jpg,ood_test,test
dtd_247,potholed_potholed_0125.jpg,ood_test,test
dtd_248,dotted_dotted_0194.jpg,ood_test,test
dtd_249,banded_banded_0062.jpg,ood_test,test
dtd_250,blotchy_blotchy_0081.jpg,ood_test,test
dtd_251,veined_veined_0147.jpg,ood_test,test
dtd_252,woven_woven_0076.jpg,ood_test,test
dtd_253,interlaced_interlaced_0191.jpg,ood_test,test
dtd_254,spiralled_spiralled_0044.jpg,ood_test,test
dtd_255,spiralled_spiralled_0050.jpg,ood_test,test
dtd_256,interlaced_interlaced_0185.jpg,ood_test,test
dtd_257,veined_veined_0153.jpg,ood_test,test
dtd_258,woven_woven_0062.jpg,ood_test,test
dtd_259,cobwebbed_cobwebbed_0057.jpg,ood_test,test
dtd_260,paisley_paisley_0129.jpg,ood_test,test
dtd_261,dotted_dotted_0180.jpg,ood_test,test
dtd_262,potholed_potholed_0119.jpg,ood_test,test
dtd_263,banded_banded_0076.jpg,ood_test,test
dtd_264,scaly_scaly_0110.jpg,ood_test,test
dtd_265,braided_braided_0136.jpg,ood_test,test
dtd_266,freckled_freckled_0080.jpg,ood_test,test
dtd_267,flecked_flecked_0046.jpg,ood_test,test
dtd_268,smeared_smeared_0048.jpg,ood_test,test
dtd_269,swirly_swirly_0147.jpg,ood_test,test
dtd_270,flecked_flecked_0052.jpg,ood_test,test
dtd_271,swirly_swirly_0153.jpg,ood_test,test
dtd_272,braided_braided_0122.jpg,ood_test,test
dtd_273,freckled_freckled_0094.jpg,ood_test,test
dtd_274,lined_lined_0028.jpg,ood_test,test
dtd_275,banded_banded_0089.jpg,ood_test,test
dtd_276,veined_veined_0184.jpg,ood_test,test
dtd_277,blotchy_blotchy_0042.jpg,ood_test,test
dtd_278,cobwebbed_cobwebbed_0080.jpg,ood_test,test
dtd_279,perforated_perforated_0103.jpg,ood_test,test
dtd_280,dotted_dotted_0157.jpg,ood_test,test
dtd_281,spiralled_spiralled_0087.jpg,ood_test,test
dtd_282,marbled_marbled_0176.jpg,ood_test,test
dtd_283,smeared_smeared_0074.jpg,ood_test,test
dtd_284,chequered_chequered_0054.jpg,ood_test,test
dtd_285,interlaced_interlaced_0152.jpg,ood_test,test
dtd_286,interlaced_interlaced_0146.jpg,ood_test,test
dtd_287,spiralled_spiralled_0093.jpg,ood_test,test
dtd_288,marbled_marbled_0162.jpg,ood_test,test
dtd_289,smeared_smeared_0060.jpg,ood_test,test
dtd_290,perforated_perforated_0117.jpg,ood_test,test
dtd_291,dotted_dotted_0143.jpg,ood_test,test
dtd_292,blotchy_blotchy_0056.jpg,ood_test,test
dtd_293,cobwebbed_cobwebbed_0094.jpg,ood_test,test
dtd_294,perforated_perforated_0088.jpg,ood_test,test
dtd_295,potholed_potholed_0045.jpg,ood_test,test
dtd_296,braided_braided_0081.jpg,ood_test,test
dtd_297,freckled_freckled_0137.jpg,ood_test,test
dtd_298,freckled_freckled_0123.jpg,ood_test,test
dtd_299,spiralled_spiralled_0118.jpg,ood_test,test
dtd_300,paisley_paisley_0061.jpg,ood_test,test
dtd_301,potholed_potholed_0079.jpg,ood_test,test
dtd_302,banded_banded_0116.jpg,ood_test,test
dtd_303,paisley_paisley_0049.jpg,ood_test,test
dtd_304,woven_woven_0102.jpg,ood_test,test
dtd_305,cobwebbed_cobwebbed_0137.jpg,ood_test,test
dtd_306,bubbly_bubbly_0157.jpg,ood_test,test
dtd_307,spiralled_spiralled_0130.jpg,ood_test,test
dtd_308,spiralled_spiralled_0124.jpg,ood_test,test
dtd_309,bubbly_bubbly_0143.jpg,ood_test,test
dtd_310,woven_woven_0116.jpg,ood_test,test
dtd_311,cobwebbed_cobwebbed_0123.jpg,ood_test,test
dtd_312,banded_banded_0102.jpg,ood_test,test
dtd_313,lacelike_lacelike_0031.jpg,ood_test,test
dtd_314,potholed_potholed_0086.jpg,ood_test,test
dtd_315,lined_lined_0148.jpg,ood_test,test
dtd_316,braided_braided_0042.jpg,ood_test,test
dtd_317,grooved_grooved_0169.jpg,ood_test,test
dtd_318,flecked_flecked_0132.jpg,ood_test,test
dtd_319,crystalline_crystalline_0210.jpg,ood_test,test
dtd_320,smeared_smeared_0128.jpg,ood_test,test
dtd_321,crystalline_crystalline_0204.jpg,ood_test,test
dtd_322,flecked_flecked_0126.jpg,ood_test,test
dtd_323,chequered_chequered_0108.jpg,ood_test,test
dtd_324,lacelike_lacelike_0025.jpg,ood_test,test
dtd_325,potholed_potholed_0092.jpg,ood_test,test
dtd_326,lined_lined_0174.jpg,ood_test,test
dtd_327,blotchy_blotchy_0136.jpg,ood_test,test
dtd_328,perforated_perforated_0077.jpg,ood_test,test
dtd_329,smeared_smeared_0100.jpg,ood_test,test
dtd_330,grooved_grooved_0155.jpg,ood_test,test
dtd_331,chequered_chequered_0120.jpg,ood_test,test
dtd_332,grooved_grooved_0141.jpg,ood_test,test
dtd_333,smeared_smeared_0114.jpg,ood_test,test
dtd_334,lacelike_lacelike_0019.jpg,ood_test,test
dtd_335,perforated_perforated_0063.jpg,ood_test,test
dtd_336,lined_lined_0160.jpg,ood_test,test
dtd_337,blotchy_blotchy_0122.jpg,ood_test,test
dtd_338,cracked_cracked_0104.jpg,ood_test,test
dtd_339,frilly_frilly_0063.jpg,ood_test,test
dtd_340,pleated_pleated_0145.jpg,ood_test,test
dtd_341,matted_matted_0051.jpg,ood_test,test
dtd_342,crosshatched_crosshatched_0169.jpg,ood_test,test
dtd_343,pleated_pleated_0151.jpg,ood_test,test
dtd_344,porous_porous_0109.jpg,ood_test,test
dtd_345,frilly_frilly_0077.jpg,ood_test,test
dtd_346,bumpy_bumpy_0169.jpg,ood_test,test
dtd_347,cracked_cracked_0110.jpg,ood_test,test
dtd_348,bumpy_bumpy_0141.jpg,ood_test,test
dtd_349,meshed_meshed_0173.jpg,ood_test,test
dtd_350,cracked_cracked_0138.jpg,ood_test,test
dtd_351,matted_matted_0079.jpg,ood_test,test
dtd_352,crosshatched_crosshatched_0141.jpg,ood_test,test
dtd_353,porous_porous_0121.jpg,ood_test,test
dtd_354,porous_porous_0135.jpg,ood_test,test
dtd_355,crosshatched_crosshatched_0155.jpg,ood_test,test
dtd_356,bumpy_bumpy_0155.jpg,ood_test,test
dtd_357,meshed_meshed_0167.jpg,ood_test,test
dtd_358,waffled_waffled_0054.jpg,ood_test,test
dtd_359,gauzy_gauzy_0135.jpg,ood_test,test
dtd_360,stratified_stratified_0117.jpg,ood_test,test
dtd_361,sprinkled_sprinkled_0018.jpg,ood_test,test
dtd_362,stratified_stratified_0103.jpg,ood_test,test
dtd_363,stained_stained_0119.jpg,ood_test,test
dtd_364,matted_matted_0092.jpg,ood_test,test
dtd_365,gauzy_gauzy_0121.jpg,ood_test,test
dtd_366,studded_studded_0181.jpg,ood_test,test
dtd_367,waffled_waffled_0068.jpg,ood_test,test
dtd_368,bumpy_bumpy_0182.jpg,ood_test,test
dtd_369,stained_stained_0131.jpg,ood_test,test
dtd_370,gauzy_gauzy_0109.jpg,ood_test,test
dtd_371,wrinkled_wrinkled_0039.jpg,ood_test,test
dtd_372,sprinkled_sprinkled_0030.jpg,ood_test,test
dtd_373,stained_stained_0125.jpg,ood_test,test
dtd_374,bumpy_bumpy_0196.jpg,ood_test,test
dtd_375,studded_studded_0195.jpg,ood_test,test
dtd_376,stained_stained_0133.jpg,ood_test,test
dtd_377,stratified_stratified_0129.jpg,ood_test,test
dtd_378,bumpy_bumpy_0180.jpg,ood_test,test
dtd_379,studded_studded_0183.jpg,ood_test,test
dtd_380,studded_studded_0197.jpg,ood_test,test
dtd_381,bumpy_bumpy_0194.jpg,ood_test,test
dtd_382,stained_stained_0127.jpg,ood_test,test
dtd_383,stratified_stratified_0115.jpg,ood_test,test
dtd_384,gauzy_gauzy_0137.jpg,ood_test,test
dtd_385,matted_matted_0084.jpg,ood_test,test
dtd_386,wrinkled_wrinkled_0013.jpg,ood_test,test
dtd_387,waffled_waffled_0056.jpg,ood_test,test
dtd_388,gauzy_gauzy_0123.jpg,ood_test,test
dtd_389,matted_matted_0090.jpg,ood_test,test
dtd_390,stratified_stratified_0101.jpg,ood_test,test
dtd_391,porous_porous_0123.jpg,ood_test,test
dtd_392,crosshatched_crosshatched_0143.jpg,ood_test,test
dtd_393,meshed_meshed_0171.jpg,ood_test,test
dtd_394,bumpy_bumpy_0143.jpg,ood_test,test
dtd_395,meshed_meshed_0165.jpg,ood_test,test
dtd_396,pitted_pitted_0161.jpg,ood_test,test
dtd_397,bumpy_bumpy_0157.jpg,ood_test,test
dtd_398,frilly_frilly_0049.jpg,ood_test,test
dtd_399,studded_studded_0154.jpg,ood_test,test
dtd_400,crosshatched_crosshatched_0157.jpg,ood_test,test
dtd_401,porous_porous_0137.jpg,ood_test,test
dtd_402,pleated_pleated_0147.jpg,ood_test,test
dtd_403,frilly_frilly_0061.jpg,ood_test,test
dtd_404,pitted_pitted_0149.jpg,ood_test,test
dtd_405,cracked_cracked_0106.jpg,ood_test,test
dtd_406,studded_studded_0168.jpg,ood_test,test
dtd_407,cracked_cracked_0112.jpg,ood_test,test
dtd_408,meshed_meshed_0159.jpg,ood_test,test
dtd_409,waffled_waffled_0081.jpg,ood_test,test
dtd_410,frilly_frilly_0075.jpg,ood_test,test
dtd_411,pleated_pleated_0153.jpg,ood_test,test
dtd_412,matted_matted_0053.jpg,ood_test,test
dtd_413,chequered_chequered_0122.jpg,ood_test,test
dtd_414,grooved_grooved_0157.jpg,ood_test,test
dtd_415,smeared_smeared_0102.jpg,ood_test,test
dtd_416,paisley_paisley_0088.jpg,ood_test,test
dtd_417,blotchy_blotchy_0134.jpg,ood_test,test
dtd_418,lined_lined_0176.jpg,ood_test,test
dtd_419,blotchy_blotchy_0120.jpg,ood_test,test
dtd_420,lined_lined_0162.jpg,ood_test,test
dtd_421,flecked_flecked_0118.jpg,ood_test,test
dtd_422,smeared_smeared_0116.jpg,ood_test,test
dtd_423,grooved_grooved_0143.jpg,ood_test,test
dtd_424,crystalline_crystalline_0212.jpg,ood_test,test
dtd_425,flecked_flecked_0130.jpg,ood_test,test
dtd_426,blotchy_blotchy_0108.jpg,ood_test,test
dtd_427,potholed_potholed_0084.jpg,ood_test,test
dtd_428,lacelike_lacelike_0033.jpg,ood_test,test
dtd_429,lacelike_lacelike_0027.jpg,ood_test,test
dtd_430,flecked_flecked_0124.jpg,ood_test,test
dtd_431,crystalline_crystalline_0206.jpg,ood_test,test
dtd_432,spiralled_spiralled_0132.jpg,ood_test,test
dtd_433,freckled_freckled_0109.jpg,ood_test,test
dtd_434,bubbly_bubbly_0155.jpg,ood_test,test
dtd_435,woven_woven_0100.jpg,ood_test,test
dtd_436,cobwebbed_cobwebbed_0135.jpg,ood_test,test
dtd_437,banded_banded_0114.jpg,ood_test,test
dtd_438,banded_banded_0100.jpg,ood_test,test
dtd_439,woven_woven_0114.jpg,ood_test,test
dtd_440,cobwebbed_cobwebbed_0121.jpg,ood_test,test
dtd_441,bubbly_bubbly_0141.jpg,ood_test,test
dtd_442,spiralled_spiralled_0126.jpg,ood_test,test
dtd_443,freckled_freckled_0135.jpg,ood_test,test
dtd_444,bubbly_bubbly_0169.jpg,ood_test,test
dtd_445,paisley_paisley_0077.jpg,ood_test,test
dtd_446,banded_banded_0128.jpg,ood_test,test
dtd_447,potholed_potholed_0047.jpg,ood_test,test
dtd_448,cobwebbed_cobwebbed_0109.jpg,ood_test,test
dtd_449,woven_woven_0128.jpg,ood_test,test
dtd_450,paisley_paisley_0063.jpg,ood_test,test
dtd_451,potholed_potholed_0053.jpg,ood_test,test
dtd_452,freckled_freckled_0121.jpg,ood_test,test
dtd_453,interlaced_interlaced_0150.jpg,ood_test,test
dtd_454,braided_braided_0108.jpg,ood_test,test
dtd_455,marbled_marbled_0174.jpg,ood_test,test
dtd_456,smeared_smeared_0076.jpg,ood_test,test
dtd_457,spiralled_spiralled_0085.jpg,ood_test,test
dtd_458,flecked_flecked_0078.jpg,ood_test,test
dtd_459,dotted_dotted_0155.jpg,ood_test,test
dtd_460,perforated_perforated_0101.jpg,ood_test,test
dtd_461,cobwebbed_cobwebbed_0082.jpg,ood_test,test
dtd_462,blotchy_blotchy_0040.jpg,ood_test,test
dtd_463,veined_veined_0186.jpg,ood_test,test
dtd_464,cobwebbed_cobwebbed_0096.jpg,ood_test,test
dtd_465,blotchy_blotchy_0054.jpg,ood_test,test
dtd_466,dotted_dotted_0141.jpg,ood_test,test
dtd_467,perforated_perforated_0115.jpg,ood_test,test
dtd_468,marbled_marbled_0160.jpg,ood_test,test
dtd_469,smeared_smeared_0062.jpg,ood_test,test
dtd_470,spiralled_spiralled_0091.jpg,ood_test,test
dtd_471,interlaced_interlaced_0144.jpg,ood_test,test
dtd_472,chequered_chequered_0042.jpg,ood_test,test
dtd_473,swirly_swirly_0145.jpg,ood_test,test
dtd_474,marbled_marbled_0148.jpg,ood_test,test
dtd_475,freckled_freckled_0082.jpg,ood_test,test
dtd_476,braided_braided_0134.jpg,ood_test,test
dtd_477,dotted_dotted_0169.jpg,ood_test,test
dtd_478,perforated_perforated_0129.jpg,ood_test,test
dtd_479,blotchy_blotchy_0068.jpg,ood_test,test
dtd_480,interlaced_interlaced_0178.jpg,ood_test,test
dtd_481,freckled_freckled_0096.jpg,ood_test,test
dtd_482,braided_braided_0120.jpg,ood_test,test
dtd_483,swirly_swirly_0151.jpg,ood_test,test
dtd_484,flecked_flecked_0050.jpg,ood_test,test
dtd_485,spiralled_spiralled_0046.jpg,ood_test,test
dtd_486,chequered_chequered_0095.jpg,ood_test,test
dtd_487,interlaced_interlaced_0193.jpg,ood_test,test
dtd_488,cobwebbed_cobwebbed_0041.jpg,ood_test,test
dtd_489,veined_veined_0145.jpg,ood_test,test
dtd_490,blotchy_blotchy_0083.jpg,ood_test,test
dtd_491,scaly_scaly_0106.jpg,ood_test,test
dtd_492,banded_banded_0060.jpg,ood_test,test
dtd_493,dotted_dotted_0196.jpg,ood_test,test
dtd_494,scaly_scaly_0112.jpg,ood_test,test
dtd_495,banded_banded_0074.jpg,ood_test,test
dtd_496,dotted_dotted_0182.jpg,ood_test,test
dtd_497,woven_woven_0060.jpg,ood_test,test
dtd_498,cobwebbed_cobwebbed_0055.jpg,ood_test,test
dtd_499,blotchy_blotchy_0097.jpg,ood_test,test
dtd_500,veined_veined_0151.jpg,ood_test,test
dtd_501,interlaced_interlaced_0187.jpg,ood_test,test
dtd_502,spiralled_spiralled_0052.jpg,ood_test,test
dtd_503,flecked_flecked_0087.jpg,ood_test,test
dtd_504,smeared_smeared_0089.jpg,ood_test,test
dtd_505,grid_grid_0026.jpg,ood_test,test
dtd_506,potholed_potholed_0133.jpg,ood_test,test
dtd_507,paisley_paisley_0103.jpg,ood_test,test
dtd_508,woven_woven_0048.jpg,ood_test,test
dtd_509,veined_veined_0179.jpg,ood_test,test
dtd_510,cobwebbed_cobwebbed_0069.jpg,ood_test,test
dtd_511,potholed_potholed_0127.jpg,ood_test,test
dtd_512,paisley_paisley_0117.jpg,ood_test,test
dtd_513,flecked_flecked_0093.jpg,ood_test,test
dtd_514,grid_grid_0032.jpg,ood_test,test
dtd_515,freckled_freckled_0055.jpg,ood_test,test
dtd_516,porous_porous_0094.jpg,ood_test,test
dtd_517,stained_stained_0047.jpg,ood_test,test
dtd_518,crystalline_crystalline_0158.jpg,ood_test,test
dtd_519,cracked_cracked_0099.jpg,ood_test,test
dtd_520,stratified_stratified_0049.jpg,ood_test,test
dtd_521,porous_porous_0080.jpg,ood_test,test
dtd_522,stained_stained_0053.jpg,ood_test,test
dtd_523,honeycombed_honeycombed_0150.jpg,ood_test,test
dtd_524,fibrous_fibrous_0192.jpg,ood_test,test
dtd_525,knitted_knitted_0191.jpg,ood_test,test
dtd_526,crystalline_crystalline_0164.jpg,ood_test,test
dtd_527,waffled_waffled_0122.jpg,ood_test,test
dtd_528,crystalline_crystalline_0170.jpg,ood_test,test
dtd_529,waffled_waffled_0136.jpg,ood_test,test
dtd_530,knitted_knitted_0185.jpg,ood_test,test
dtd_531,fibrous_fibrous_0186.jpg,ood_test,test
dtd_532,honeycombed_honeycombed_0144.jpg,ood_test,test
dtd_533,porous_porous_0057.jpg,ood_test,test
dtd_534,stained_stained_0084.jpg,ood_test,test
dtd_535,zigzagged_zigzagged_0034.jpg,ood_test,test
dtd_536,pitted_pitted_0001.jpg,ood_test,test
dtd_537,polka-dotted_polka-dotted_0119.jpg,ood_test,test
dtd_538,studded_studded_0020.jpg,ood_test,test
dtd_539,stained_stained_0090.jpg,ood_test,test
dtd_540,fibrous_fibrous_0179.jpg,ood_test,test
dtd_541,zigzagged_zigzagged_0020.jpg,ood_test,test
dtd_542,matted_matted_0133.jpg,ood_test,test
dtd_543,striped_striped_0036.jpg,ood_test,test
dtd_544,knitted_knitted_0152.jpg,ood_test,test
dtd_545,gauzy_gauzy_0080.jpg,ood_test,test
dtd_546,fibrous_fibrous_0151.jpg,ood_test,test
dtd_547,zigzagged_zigzagged_0008.jpg,ood_test,test
dtd_548,frilly_frilly_0115.jpg,ood_test,test
dtd_549,polka-dotted_polka-dotted_0125.jpg,ood_test,test
dtd_550,meshed_meshed_0039.jpg,ood_test,test
dtd_551,cracked_cracked_0072.jpg,ood_test,test
dtd_552,cracked_cracked_0066.jpg,ood_test,test
dtd_553,frilly_frilly_0101.jpg,ood_test,test
dtd_554,polka-dotted_polka-dotted_0131.jpg,ood_test,test
dtd_555,fibrous_fibrous_0145.jpg,ood_test,test
dtd_556,striped_striped_0022.jpg,ood_test,test
dtd_557,matted_matted_0127.jpg,ood_test,test
dtd_558,knitted_knitted_0146.jpg,ood_test,test
dtd_559,gauzy_gauzy_0094.jpg,ood_test,test
dtd_560,polka-dotted_polka-dotted_0130.jpg,ood_test,test
dtd_561,frilly_frilly_0100.jpg,ood_test,test
dtd_562,cracked_cracked_0067.jpg,ood_test,test
dtd_563,gauzy_gauzy_0095.jpg,ood_test,test
dtd_564,knitted_knitted_0147.jpg,ood_test,test
dtd_565,striped_striped_0023.jpg,ood_test,test
dtd_566,matted_matted_0126.jpg,ood_test,test
dtd_567,fibrous_fibrous_0144.jpg,ood_test,test
dtd_568,zigzagged_zigzagged_0009.jpg,ood_test,test
dtd_569,fibrous_fibrous_0150.jpg,ood_test,test
dtd_570,gauzy_gauzy_0081.jpg,ood_test,test
dtd_571,knitted_knitted_0153.jpg,ood_test,test
dtd_572,matted_matted_0132.jpg,ood_test,test
dtd_573,striped_striped_0037.jpg,ood_test,test
dtd_574,cracked_cracked_0073.jpg,ood_test,test
dtd_575,polka-dotted_polka-dotted_0124.jpg,ood_test,test
dtd_576,frilly_frilly_0114.jpg,ood_test,test
dtd_577,zigzagged_zigzagged_0021.jpg,ood_test,test
dtd_578,fibrous_fibrous_0178.jpg,ood_test,test
dtd_579,stained_stained_0091.jpg,ood_test,test
dtd_580,zigzagged_zigzagged_0035.jpg,ood_test,test
dtd_581,stained_stained_0085.jpg,ood_test,test
dtd_582,polka-dotted_polka-dotted_0118.jpg,ood_test,test
dtd_583,waffled_waffled_0137.jpg,ood_test,test
dtd_584,crystalline_crystalline_0171.jpg,ood_test,test
dtd_585,fibrous_fibrous_0187.jpg,ood_test,test
dtd_586,stratified_stratified_0074.jpg,ood_test,test
dtd_587,honeycombed_honeycombed_0145.jpg,ood_test,test
dtd_588,knitted_knitted_0184.jpg,ood_test,test
dtd_589,knitted_knitted_0190.jpg,ood_test,test
dtd_590,honeycombed_honeycombed_0151.jpg,ood_test,test
dtd_591,stratified_stratified_0060.jpg,ood_test,test
dtd_592,fibrous_fibrous_0193.jpg,ood_test,test
dtd_593,waffled_waffled_0123.jpg,ood_test,test
dtd_594,crystalline_crystalline_0165.jpg,ood_test,test
dtd_595,cracked_cracked_0098.jpg,ood_test,test
dtd_596,stained_stained_0052.jpg,ood_test,test
dtd_597,porous_porous_0081.jpg,ood_test,test
dtd_598,stratified_stratified_0048.jpg,ood_test,test
dtd_599,stained_stained_0046.jpg,ood_test,test
dtd_600,porous_porous_0095.jpg,ood_test,test
dtd_601,crystalline_crystalline_0159.jpg,ood_test,test
dtd_602,paisley_paisley_0116.jpg,ood_test,test
dtd_603,banded_banded_0049.jpg,ood_test,test
dtd_604,potholed_potholed_0126.jpg,ood_test,test
dtd_605,cobwebbed_cobwebbed_0068.jpg,ood_test,test
dtd_606,freckled_freckled_0054.jpg,ood_test,test
dtd_607,grid_grid_0033.jpg,ood_test,test
dtd_608,grid_grid_0027.jpg,ood_test,test
dtd_609,veined_veined_0178.jpg,ood_test,test
dtd_610,woven_woven_0049.jpg,ood_test,test
dtd_611,paisley_paisley_0102.jpg,ood_test,test
dtd_612,potholed_potholed_0132.jpg,ood_test,test
dtd_613,veined_veined_0150.jpg,ood_test,test
dtd_614,blotchy_blotchy_0096.jpg,ood_test,test
dtd_615,cobwebbed_cobwebbed_0054.jpg,ood_test,test
dtd_616,woven_woven_0061.jpg,ood_test,test
dtd_617,dotted_dotted_0183.jpg,ood_test,test
dtd_618,banded_banded_0075.jpg,ood_test,test
dtd_619,scaly_scaly_0113.jpg,ood_test,test
dtd_620,interlaced_interlaced_0186.jpg,ood_test,test
dtd_621,interlaced_interlaced_0192.jpg,ood_test,test
dtd_622,spiralled_spiralled_0047.jpg,ood_test,test
dtd_623,dotted_dotted_0197.jpg,ood_test,test
dtd_624,banded_banded_0061.jpg,ood_test,test
dtd_625,scaly_scaly_0107.jpg,ood_test,test
dtd_626,blotchy_blotchy_0082.jpg,ood_test,test
dtd_627,veined_veined_0144.jpg,ood_test,test
dtd_628,cobwebbed_cobwebbed_0040.jpg,ood_test,test
dtd_629,woven_woven_0075.jpg,ood_test,test
dtd_630,blotchy_blotchy_0069.jpg,ood_test,test
dtd_631,perforated_perforated_0128.jpg,ood_test,test
dtd_632,flecked_flecked_0051.jpg,ood_test,test
dtd_633,swirly_swirly_0150.jpg,ood_test,test
dtd_634,braided_braided_0121.jpg,ood_test,test
dtd_635,interlaced_interlaced_0179.jpg,ood_test,test
dtd_636,braided_braided_0135.jpg,ood_test,test
dtd_637,flecked_flecked_0045.jpg,ood_test,test
dtd_638,marbled_marbled_0149.jpg,ood_test,test
dtd_639,swirly_swirly_0144.jpg,ood_test,test
dtd_640,dotted_dotted_0168.jpg,ood_test,test
dtd_641,perforated_perforated_0114.jpg,ood_test,test
dtd_642,dotted_dotted_0140.jpg,ood_test,test
dtd_643,blotchy_blotchy_0055.jpg,ood_test,test
dtd_644,cobwebbed_cobwebbed_0097.jpg,ood_test,test
dtd_645,chequered_chequered_0043.jpg,ood_test,test
dtd_646,interlaced_interlaced_0145.jpg,ood_test,test
dtd_647,spiralled_spiralled_0090.jpg,ood_test,test
dtd_648,marbled_marbled_0161.jpg,ood_test,test
dtd_649,flecked_flecked_0079.jpg,ood_test,test
dtd_650,spiralled_spiralled_0084.jpg,ood_test,test
dtd_651,smeared_smeared_0077.jpg,ood_test,test
dtd_652,marbled_marbled_0175.jpg,ood_test,test
dtd_653,swirly_swirly_0178.jpg,ood_test,test
dtd_654,braided_braided_0109.jpg,ood_test,test
dtd_655,interlaced_interlaced_0151.jpg,ood_test,test
dtd_656,veined_veined_0187.jpg,ood_test,test
dtd_657,blotchy_blotchy_0041.jpg,ood_test,test
dtd_658,cobwebbed_cobwebbed_0083.jpg,ood_test,test
dtd_659,lined_lined_0003.jpg,ood_test,test
dtd_660,dotted_dotted_0154.jpg,ood_test,test
dtd_661,woven_woven_0129.jpg,ood_test,test
dtd_662,freckled_freckled_0120.jpg,ood_test,test
dtd_663,bubbly_bubbly_0168.jpg,ood_test,test
dtd_664,freckled_freckled_0134.jpg,ood_test,test
dtd_665,cobwebbed_cobwebbed_0108.jpg,ood_test,test
dtd_666,banded_banded_0129.jpg,ood_test,test
dtd_667,potholed_potholed_0046.jpg,ood_test,test
dtd_668,cobwebbed_cobwebbed_0120.jpg,ood_test,test
dtd_669,woven_woven_0115.jpg,ood_test,test
dtd_670,banded_banded_0101.jpg,ood_test,test
dtd_671,spiralled_spiralled_0127.jpg,ood_test,test
dtd_672,bubbly_bubbly_0140.jpg,ood_test,test
dtd_673,bubbly_bubbly_0154.jpg,ood_test,test
dtd_674,freckled_freckled_0108.jpg,ood_test,test
dtd_675,spiralled_spiralled_0133.jpg,ood_test,test
dtd_676,banded_banded_0115.jpg,ood_test,test
dtd_677,cobwebbed_cobwebbed_0134.jpg,ood_test,test
dtd_678,woven_woven_0101.jpg,ood_test,test
dtd_679,lacelike_lacelike_0026.jpg,ood_test,test
dtd_680,potholed_potholed_0091.jpg,ood_test,test
dtd_681,flecked_flecked_0125.jpg,ood_test,test
dtd_682,crystalline_crystalline_0207.jpg,ood_test,test
dtd_683,crystalline_crystalline_0213.jpg,ood_test,test
dtd_684,flecked_flecked_0131.jpg,ood_test,test
dtd_685,lacelike_lacelike_0032.jpg,ood_test,test
dtd_686,blotchy_blotchy_0109.jpg,ood_test,test
dtd_687,lined_lined_0163.jpg,ood_test,test
dtd_688,blotchy_blotchy_0121.jpg,ood_test,test
dtd_689,braided_braided_0069.jpg,ood_test,test
dtd_690,grooved_grooved_0142.jpg,ood_test,test
dtd_691,smeared_smeared_0117.jpg,ood_test,test
dtd_692,flecked_flecked_0119.jpg,ood_test,test
dtd_693,smeared_smeared_0103.jpg,ood_test,test
dtd_694,grooved_grooved_0156.jpg,ood_test,test
dtd_695,chequered_chequered_0123.jpg,ood_test,test
dtd_696,lined_lined_0177.jpg,ood_test,test
dtd_697,blotchy_blotchy_0135.jpg,ood_test,test
dtd_698,paisley_paisley_0089.jpg,ood_test,test
dtd_699,perforated_perforated_0074.jpg,ood_test,test
dtd_700,frilly_frilly_0074.jpg,ood_test,test
dtd_701,meshed_meshed_0158.jpg,ood_test,test
dtd_702,cracked_cracked_0113.jpg,ood_test,test
dtd_703,studded_studded_0169.jpg,ood_test,test
dtd_704,pleated_pleated_0152.jpg,ood_test,test
dtd_705,pleated_pleated_0146.jpg,ood_test,test
dtd_706,matted_matted_0046.jpg,ood_test,test
dtd_707,cracked_cracked_0107.jpg,ood_test,test
dtd_708,pitted_pitted_0148.jpg,ood_test,test
dtd_709,frilly_frilly_0060.jpg,ood_test,test
dtd_710,studded_studded_0155.jpg,ood_test,test
dtd_711,bumpy_bumpy_0156.jpg,ood_test,test
dtd_712,frilly_frilly_0048.jpg,ood_test,test
dtd_713,pitted_pitted_0160.jpg,ood_test,test
dtd_714,meshed_meshed_0164.jpg,ood_test,test
dtd_715,porous_porous_0136.jpg,ood_test,test
dtd_716,crosshatched_crosshatched_0156.jpg,ood_test,test
dtd_717,crosshatched_crosshatched_0142.jpg,ood_test,test
dtd_718,porous_porous_0122.jpg,ood_test,test
dtd_719,bumpy_bumpy_0142.jpg,ood_test,test
dtd_720,meshed_meshed_0170.jpg,ood_test,test
dtd_721,studded_studded_0141.jpg,ood_test,test
dtd_722,stratified_stratified_0100.jpg,ood_test,test
dtd_723,matted_matted_0091.jpg,ood_test,test
dtd_724,gauzy_gauzy_0122.jpg,ood_test,test
dtd_725,wrinkled_wrinkled_0012.jpg,ood_test,test
dtd_726,matted_matted_0085.jpg,ood_test,test
dtd_727,gauzy_gauzy_0136.jpg,ood_test,test
dtd_728,stratified_stratified_0114.jpg,ood_test,test
dtd_729,waffled_waffled_0057.jpg,ood_test,test
dtd_730,polka-dotted_polka-dotted_0093.jpg,ood_test,test
dtd_731,bumpy_bumpy_0195.jpg,ood_test,test
dtd_732,studded_studded_0196.jpg,ood_test,test
dtd_733,sprinkled_sprinkled_0033.jpg,ood_test,test
dtd_734,stained_stained_0126.jpg,ood_test,test
dtd_735,stratified_stratified_0128.jpg,ood_test,test
dtd_736,stained_stained_0132.jpg,ood_test,test
dtd_737,studded_studded_0182.jpg,ood_test,test
dtd_738,bumpy_bumpy_0181.jpg,ood_test,test
dtd_739,polka-dotted_polka-dotted_0097.jpg,ood_test,test
dtd_740,waffled_waffled_0053.jpg,ood_test,test
dtd_741,stratified_stratified_0110.jpg,ood_test,test
dtd_742,matted_matted_0081.jpg,ood_test,test
dtd_743,gauzy_gauzy_0132.jpg,ood_test,test
dtd_744,gauzy_gauzy_0126.jpg,ood_test,test
dtd_745,stratified_stratified_0104.jpg,ood_test,test
dtd_746,bumpy_bumpy_0185.jpg,ood_test,test
dtd_747,studded_studded_0186.jpg,ood_test,test
dtd_748,sprinkled_sprinkled_0023.jpg,ood_test,test
dtd_749,stained_stained_0136.jpg,ood_test,test
dtd_750,sprinkled_sprinkled_0037.jpg,ood_test,test
dtd_751,stained_stained_0122.jpg,ood_test,test
dtd_752,stratified_stratified_0138.jpg,ood_test,test
dtd_753,studded_studded_0192.jpg,ood_test,test
dtd_754,bumpy_bumpy_0191.jpg,ood_test,test
dtd_755,waffled_waffled_0090.jpg,ood_test,test
dtd_756,meshed_meshed_0148.jpg,ood_test,test
dtd_757,frilly_frilly_0064.jpg,ood_test,test
dtd_758,cracked_cracked_0103.jpg,ood_test,test
dtd_759,studded_studded_0179.jpg,ood_test,test
dtd_760,matted_matted_0042.jpg,ood_test,test
dtd_761,knitted_knitted_0023.jpg,ood_test,test
dtd_762,pleated_pleated_0142.jpg,ood_test,test
dtd_763,pleated_pleated_0156.jpg,ood_test,test
dtd_764,cracked_cracked_0117.jpg,ood_test,test
dtd_765,frilly_frilly_0070.jpg,ood_test,test
dtd_766,pitted_pitted_0158.jpg,ood_test,test
dtd_767,studded_studded_0145.jpg,ood_test,test
dtd_768,polka-dotted_polka-dotted_0068.jpg,ood_test,test
dtd_769,meshed_meshed_0174.jpg,ood_test,test
dtd_770,bumpy_bumpy_0146.jpg,ood_test,test
dtd_771,frilly_frilly_0058.jpg,ood_test,test
dtd_772,porous_porous_0126.jpg,ood_test,test
dtd_773,crosshatched_crosshatched_0146.jpg,ood_test,test
dtd_774,crosshatched_crosshatched_0152.jpg,ood_test,test
dtd_775,porous_porous_0132.jpg,ood_test,test
dtd_776,meshed_meshed_0160.jpg,ood_test,test
dtd_777,bumpy_bumpy_0152.jpg,ood_test,test
dtd_778,studded_studded_0151.jpg,ood_test,test
dtd_779,lacelike_lacelike_0036.jpg,ood_test,test
dtd_780,crystalline_crystalline_0217.jpg,ood_test,test
dtd_781,flecked_flecked_0135.jpg,ood_test,test
dtd_782,flecked_flecked_0121.jpg,ood_test,test
dtd_783,crystalline_crystalline_0203.jpg,ood_test,test
dtd_784,lacelike_lacelike_0022.jpg,ood_test,test
dtd_785,blotchy_blotchy_0119.jpg,ood_test,test
dtd_786,blotchy_blotchy_0131.jpg,ood_test,test
dtd_787,lined_lined_0173.jpg,ood_test,test
dtd_788,chequered_chequered_0127.jpg,ood_test,test
dtd_789,grooved_grooved_0152.jpg,ood_test,test
dtd_790,flecked_flecked_0109.jpg,ood_test,test
dtd_791,smeared_smeared_0107.jpg,ood_test,test
dtd_792,smeared_smeared_0113.jpg,ood_test,test
dtd_793,grooved_grooved_0146.jpg,ood_test,test
dtd_794,chequered_chequered_0133.jpg,ood_test,test
dtd_795,blotchy_blotchy_0125.jpg,ood_test,test
dtd_796,lined_lined_0167.jpg,ood_test,test
dtd_797,paisley_paisley_0099.jpg,ood_test,test
dtd_798,paisley_paisley_0072.jpg,ood_test,test
dtd_799,potholed_potholed_0042.jpg,ood_test,test
dtd_800,freckled_freckled_0130.jpg,ood_test,test
dtd_801,freckled_freckled_0124.jpg,ood_test,test
dtd_802,cobwebbed_cobwebbed_0118.jpg,ood_test,test
dtd_803,banded_banded_0139.jpg,ood_test,test
dtd_804,potholed_potholed_0056.jpg,ood_test,test
dtd_805,woven_woven_0105.jpg,ood_test,test
dtd_806,cobwebbed_cobwebbed_0130.jpg,ood_test,test
dtd_807,banded_banded_0111.jpg,ood_test,test
dtd_808,spiralled_spiralled_0137.jpg,ood_test,test
dtd_809,bubbly_bubbly_0150.jpg,ood_test,test
dtd_810,bubbly_bubbly_0144.jpg,ood_test,test
dtd_811,freckled_freckled_0118.jpg,ood_test,test
dtd_812,spiralled_spiralled_0123.jpg,ood_test,test
dtd_813,banded_banded_0105.jpg,ood_test,test
dtd_814,woven_woven_0111.jpg,ood_test,test
dtd_815,cobwebbed_cobwebbed_0124.jpg,ood_test,test
dtd_816,blotchy_blotchy_0079.jpg,ood_test,test
dtd_817,perforated_perforated_0138.jpg,ood_test,test
dtd_818,swirly_swirly_0140.jpg,ood_test,test
dtd_819,flecked_flecked_0041.jpg,ood_test,test
dtd_820,freckled_freckled_0087.jpg,ood_test,test
dtd_821,interlaced_interlaced_0169.jpg,ood_test,test
dtd_822,braided_braided_0131.jpg,ood_test,test
dtd_823,braided_braided_0125.jpg,ood_test,test
dtd_824,marbled_marbled_0159.jpg,ood_test,test
dtd_825,swirly_swirly_0154.jpg,ood_test,test
dtd_826,flecked_flecked_0055.jpg,ood_test,test
dtd_827,dotted_dotted_0178.jpg,ood_test,test
dtd_828,dotted_dotted_0150.jpg,ood_test,test
dtd_829,perforated_perforated_0104.jpg,ood_test,test
dtd_830,blotchy_blotchy_0045.jpg,ood_test,test
dtd_831,veined_veined_0183.jpg,ood_test,test
dtd_832,cobwebbed_cobwebbed_0087.jpg,ood_test,test
dtd_833,interlaced_interlaced_0155.jpg,ood_test,test
dtd_834,chequered_chequered_0053.jpg,ood_test,test
dtd_835,marbled_marbled_0171.jpg,ood_test,test
dtd_836,smeared_smeared_0073.jpg,ood_test,test
dtd_837,spiralled_spiralled_0080.jpg,ood_test,test
dtd_838,marbled_marbled_0165.jpg,ood_test,test
dtd_839,swirly_swirly_0168.jpg,ood_test,test
dtd_840,smeared_smeared_0067.jpg,ood_test,test
dtd_841,flecked_flecked_0069.jpg,ood_test,test
dtd_842,spiralled_spiralled_0094.jpg,ood_test,test
dtd_843,interlaced_interlaced_0141.jpg,ood_test,test
dtd_844,braided_braided_0119.jpg,ood_test,test
dtd_845,blotchy_blotchy_0051.jpg,ood_test,test
dtd_846,cobwebbed_cobwebbed_0093.jpg,ood_test,test
dtd_847,perforated_perforated_0110.jpg,ood_test,test
dtd_848,banded_banded_0059.jpg,ood_test,test
dtd_849,potholed_potholed_0136.jpg,ood_test,test
dtd_850,paisley_paisley_0106.jpg,ood_test,test
dtd_851,cobwebbed_cobwebbed_0078.jpg,ood_test,test
dtd_852,flecked_flecked_0082.jpg,ood_test,test
dtd_853,grid_grid_0023.jpg,ood_test,test
dtd_854,flecked_flecked_0096.jpg,ood_test,test
dtd_855,freckled_freckled_0050.jpg,ood_test,test
dtd_856,veined_veined_0168.jpg,ood_test,test
dtd_857,woven_woven_0059.jpg,ood_test,test
dtd_858,potholed_potholed_0122.jpg,ood_test,test
dtd_859,paisley_paisley_0112.jpg,ood_test,test
dtd_860,veined_veined_0140.jpg,ood_test,test
dtd_861,blotchy_blotchy_0086.jpg,ood_test,test
dtd_862,woven_woven_0071.jpg,ood_test,test
dtd_863,cobwebbed_cobwebbed_0044.jpg,ood_test,test
dtd_864,dotted_dotted_0193.jpg,ood_test,test
dtd_865,spiralled_spiralled_0043.jpg,ood_test,test
dtd_866,interlaced_interlaced_0196.jpg,ood_test,test
dtd_867,chequered_chequered_0084.jpg,ood_test,test
dtd_868,interlaced_interlaced_0182.jpg,ood_test,test
dtd_869,spiralled_spiralled_0057.jpg,ood_test,test
dtd_870,scaly_scaly_0117.jpg,ood_test,test
dtd_871,dotted_dotted_0187.jpg,ood_test,test
dtd_872,blotchy_blotchy_0092.jpg,ood_test,test
dtd_873,veined_veined_0154.jpg,ood_test,test
dtd_874,woven_woven_0065.jpg,ood_test,test
dtd_875,cobwebbed_cobwebbed_0050.jpg,ood_test,test
dtd_876,crystalline_crystalline_0161.jpg,ood_test,test
dtd_877,waffled_waffled_0127.jpg,ood_test,test
dtd_878,fibrous_fibrous_0197.jpg,ood_test,test
dtd_879,stratified_stratified_0064.jpg,ood_test,test
dtd_880,honeycombed_honeycombed_0155.jpg,ood_test,test
dtd_881,knitted_knitted_0194.jpg,ood_test,test
dtd_882,knitted_knitted_0180.jpg,ood_test,test
dtd_883,honeycombed_honeycombed_0141.jpg,ood_test,test
dtd_884,stratified_stratified_0070.jpg,ood_test,test
dtd_885,fibrous_fibrous_0183.jpg,ood_test,test
dtd_886,crystalline_crystalline_0175.jpg,ood_test,test
dtd_887,waffled_waffled_0133.jpg,ood_test,test
dtd_888,cracked_cracked_0088.jpg,ood_test,test
dtd_889,honeycombed_honeycombed_0169.jpg,ood_test,test
dtd_890,stained_stained_0042.jpg,ood_test,test
dtd_891,porous_porous_0091.jpg,ood_test,test
dtd_892,stained_stained_0056.jpg,ood_test,test
dtd_893,sprinkled_sprinkled_0143.jpg,ood_test,test
dtd_894,crystalline_crystalline_0149.jpg,ood_test,test
dtd_895,frilly_frilly_0110.jpg,ood_test,test
dtd_896,pitted_pitted_0038.jpg,ood_test,test
dtd_897,polka-dotted_polka-dotted_0120.jpg,ood_test,test
dtd_898,cracked_cracked_0077.jpg,ood_test,test
dtd_899,knitted_knitted_0157.jpg,ood_test,test
dtd_900,striped_striped_0033.jpg,ood_test,test
dtd_901,matted_matted_0136.jpg,ood_test,test
dtd_902,fibrous_fibrous_0154.jpg,ood_test,test
dtd_903,zigzagged_zigzagged_0019.jpg,ood_test,test
dtd_904,fibrous_fibrous_0140.jpg,ood_test,test
dtd_905,knitted_knitted_0143.jpg,ood_test,test
dtd_906,gauzy_gauzy_0091.jpg,ood_test,test
dtd_907,matted_matted_0122.jpg,ood_test,test
dtd_908,striped_striped_0027.jpg,ood_test,test
dtd_909,cracked_cracked_0063.jpg,ood_test,test
dtd_910,frilly_frilly_0104.jpg,ood_test,test
dtd_911,polka-dotted_polka-dotted_0134.jpg,ood_test,test
dtd_912,pitted_pitted_0004.jpg,ood_test,test
dtd_913,stained_stained_0081.jpg,ood_test,test
dtd_914,porous_porous_0052.jpg,ood_test,test
dtd_915,zigzagged_zigzagged_0031.jpg,ood_test,test
dtd_916,fibrous_fibrous_0168.jpg,ood_test,test
dtd_917,stained_stained_0095.jpg,ood_test,test
dtd_918,porous_porous_0046.jpg,ood_test,test
dtd_919,zigzagged_zigzagged_0025.jpg,ood_test,test
dtd_920,pitted_pitted_0010.jpg,ood_test,test
dtd_921,polka-dotted_polka-dotted_0108.jpg,ood_test,test
dtd_922,zigzagged_zigzagged_0024.jpg,ood_test,test
dtd_923,stained_stained_0094.jpg,ood_test,test
dtd_924,studded_studded_0024.jpg,ood_test,test
dtd_925,polka-dotted_polka-dotted_0109.jpg,ood_test,test
dtd_926,meshed_meshed_0015.jpg,ood_test,test
dtd_927,pitted_pitted_0011.jpg,ood_test,test
dtd_928,pitted_pitted_0005.jpg,ood_test,test
dtd_929,crosshatched_crosshatched_0033.jpg,ood_test,test
dtd_930,fibrous_fibrous_0169.jpg,ood_test,test
dtd_931,zigzagged_zigzagged_0030.jpg,ood_test,test
dtd_932,porous_porous_0053.jpg,ood_test,test
dtd_933,stained_stained_0080.jpg,ood_test,test
dtd_934,matted_matted_0123.jpg,ood_test,test
dtd_935,striped_striped_0026.jpg,ood_test,test
dtd_936,gauzy_gauzy_0090.jpg,ood_test,test
dtd_937,knitted_knitted_0142.jpg,ood_test,test
dtd_938,fibrous_fibrous_0141.jpg,ood_test,test
dtd_939,zigzagged_zigzagged_0018.jpg,ood_test,test
dtd_940,polka-dotted_polka-dotted_0135.jpg,ood_test,test
dtd_941,frilly_frilly_0105.jpg,ood_test,test
dtd_942,cracked_cracked_0062.jpg,ood_test,test
dtd_943,cracked_cracked_0076.jpg,ood_test,test
dtd_944,polka-dotted_polka-dotted_0121.jpg,ood_test,test
dtd_945,frilly_frilly_0111.jpg,ood_test,test
dtd_946,fibrous_fibrous_0155.jpg,ood_test,test
dtd_947,striped_striped_0032.jpg,ood_test,test
dtd_948,matted_matted_0137.jpg,ood_test,test
dtd_949,gauzy_gauzy_0084.jpg,ood_test,test
dtd_950,knitted_knitted_0156.jpg,ood_test,test
dtd_951,sprinkled_sprinkled_0142.jpg,ood_test,test
dtd_952,porous_porous_0084.jpg,ood_test,test
dtd_953,stained_stained_0057.jpg,ood_test,test
dtd_954,crystalline_crystalline_0148.jpg,ood_test,test
dtd_955,cracked_cracked_0089.jpg,ood_test,test
dtd_956,porous_porous_0090.jpg,ood_test,test
dtd_957,stained_stained_0043.jpg,ood_test,test
dtd_958,honeycombed_honeycombed_0168.jpg,ood_test,test
dtd_959,stratified_stratified_0059.jpg,ood_test,test
dtd_960,stratified_stratified_0071.jpg,ood_test,test
dtd_961,honeycombed_honeycombed_0140.jpg,ood_test,test
dtd_962,fibrous_fibrous_0182.jpg,ood_test,test
dtd_963,knitted_knitted_0181.jpg,ood_test,test
dtd_964,waffled_waffled_0132.jpg,ood_test,test
dtd_965,crystalline_crystalline_0174.jpg,ood_test,test
dtd_966,waffled_waffled_0126.jpg,ood_test,test
dtd_967,crystalline_crystalline_0160.jpg,ood_test,test
dtd_968,knitted_knitted_0195.jpg,ood_test,test
dtd_969,fibrous_fibrous_0196.jpg,ood_test,test
dtd_970,honeycombed_honeycombed_0154.jpg,ood_test,test
dtd_971,stratified_stratified_0065.jpg,ood_test,test
dtd_972,spiralled_spiralled_0056.jpg,ood_test,test
dtd_973,interlaced_interlaced_0183.jpg,ood_test,test
dtd_974,cobwebbed_cobwebbed_0051.jpg,ood_test,test
dtd_975,woven_woven_0064.jpg,ood_test,test
dtd_976,veined_veined_0155.jpg,ood_test,test
dtd_977,blotchy_blotchy_0093.jpg,ood_test,test
dtd_978,dotted_dotted_0186.jpg,ood_test,test
dtd_979,scaly_scaly_0116.jpg,ood_test,test
dtd_980,dotted_dotted_0192.jpg,ood_test,test
dtd_981,banded_banded_0064.jpg,ood_test,test
dtd_982,cobwebbed_cobwebbed_0045.jpg,ood_test,test
dtd_983,woven_woven_0070.jpg,ood_test,test
dtd_984,blotchy_blotchy_0087.jpg,ood_test,test
dtd_985,veined_veined_0141.jpg,ood_test,test
dtd_986,interlaced_interlaced_0197.jpg,ood_test,test
dtd_987,freckled_freckled_0079.jpg,ood_test,test
dtd_988,spiralled_spiralled_0042.jpg,ood_test,test
dtd_989,grid_grid_0036.jpg,ood_test,test
dtd_990,smeared_smeared_0099.jpg,ood_test,test
dtd_991,paisley_paisley_0113.jpg,ood_test,test
dtd_992,potholed_potholed_0123.jpg,ood_test,test
dtd_993,woven_woven_0058.jpg,ood_test,test
dtd_994,veined_veined_0169.jpg,ood_test,test
dtd_995,cobwebbed_cobwebbed_0079.jpg,ood_test,test
dtd_996,paisley_paisley_0107.jpg,ood_test,test
dtd_997,banded_banded_0058.jpg,ood_test,test
dtd_998,potholed_potholed_0137.jpg,ood_test,test
dtd_999,grid_grid_0022.jpg,ood_test,test
dtd_1000,flecked_flecked_0083.jpg,ood_test,test
dtd_1001,braided_braided_0118.jpg,ood_test,test
dtd_1002,chequered_chequered_0046.jpg,ood_test,test
dtd_1003,interlaced_interlaced_0140.jpg,ood_test,test
dtd_1004,flecked_flecked_0068.jpg,ood_test,test
dtd_1005,smeared_smeared_0066.jpg,ood_test,test
dtd_1006,swirly_swirly_0169.jpg,ood_test,test
dtd_1007,marbled_marbled_0164.jpg,ood_test,test
dtd_1008,perforated_perforated_0111.jpg,ood_test,test
dtd_1009,dotted_dotted_0145.jpg,ood_test,test
dtd_1010,cobwebbed_cobwebbed_0092.jpg,ood_test,test
dtd_1011,cobwebbed_cobwebbed_0086.jpg,ood_test,test
dtd_1012,veined_veined_0182.jpg,ood_test,test
dtd_1013,blotchy_blotchy_0044.jpg,ood_test,test
dtd_1014,lined_lined_0006.jpg,ood_test,test
dtd_1015,perforated_perforated_0105.jpg,ood_test,test
dtd_1016,dotted_dotted_0151.jpg,ood_test,test
dtd_1017,spiralled_spiralled_0081.jpg,ood_test,test
dtd_1018,smeared_smeared_0072.jpg,ood_test,test
dtd_1019,marbled_marbled_0170.jpg,ood_test,test
dtd_1020,chequered_chequered_0052.jpg,ood_test,test
dtd_1021,interlaced_interlaced_0154.jpg,ood_test,test
dtd_1022,flecked_flecked_0054.jpg,ood_test,test
dtd_1023,swirly_swirly_0155.jpg,ood_test,test
dtd_1024,marbled_marbled_0158.jpg,ood_test,test
dtd_1025,braided_braided_0124.jpg,ood_test,test
dtd_1026,freckled_freckled_0092.jpg,ood_test,test
dtd_1027,dotted_dotted_0179.jpg,ood_test,test
dtd_1028,perforated_perforated_0139.jpg,ood_test,test
dtd_1029,braided_braided_0130.jpg,ood_test,test
dtd_1030,interlaced_interlaced_0168.jpg,ood_test,test
dtd_1031,freckled_freckled_0086.jpg,ood_test,test
dtd_1032,swirly_swirly_0141.jpg,ood_test,test
dtd_1033,spiralled_spiralled_0122.jpg,ood_test,test
dtd_1034,freckled_freckled_0119.jpg,ood_test,test
dtd_1035,bubbly_bubbly_0145.jpg,ood_test,test
dtd_1036,cobwebbed_cobwebbed_0125.jpg,ood_test,test
dtd_1037,woven_woven_0110.jpg,ood_test,test
dtd_1038,banded_banded_0104.jpg,ood_test,test
dtd_1039,banded_banded_0110.jpg,ood_test,test
dtd_1040,cobwebbed_cobwebbed_0131.jpg,ood_test,test
dtd_1041,woven_woven_0104.jpg,ood_test,test
dtd_1042,bubbly_bubbly_0151.jpg,ood_test,test
dtd_1043,spiralled_spiralled_0136.jpg,ood_test,test
dtd_1044,freckled_freckled_0125.jpg,ood_test,test
dtd_1045,banded_banded_0138.jpg,ood_test,test
dtd_1046,potholed_potholed_0057.jpg,ood_test,test
dtd_1047,paisley_paisley_0067.jpg,ood_test,test
dtd_1048,cobwebbed_cobwebbed_0119.jpg,ood_test,test
dtd_1049,potholed_potholed_0043.jpg,ood_test,test
dtd_1050,paisley_paisley_0073.jpg,ood_test,test
dtd_1051,freckled_freckled_0131.jpg,ood_test,test
dtd_1052,chequered_chequered_0132.jpg,ood_test,test
dtd_1053,grooved_grooved_0147.jpg,ood_test,test
dtd_1054,smeared_smeared_0112.jpg,ood_test,test
dtd_1055,paisley_paisley_0098.jpg,ood_test,test
dtd_1056,lined_lined_0166.jpg,ood_test,test
dtd_1057,blotchy_blotchy_0124.jpg,ood_test,test
dtd_1058,lined_lined_0172.jpg,ood_test,test
dtd_1059,blotchy_blotchy_0130.jpg,ood_test,test
dtd_1060,smeared_smeared_0106.jpg,ood_test,test
dtd_1061,flecked_flecked_0108.jpg,ood_test,test
dtd_1062,grooved_grooved_0153.jpg,ood_test,test
dtd_1063,braided_braided_0078.jpg,ood_test,test
dtd_1064,flecked_flecked_0120.jpg,ood_test,test
dtd_1065,crystalline_crystalline_0202.jpg,ood_test,test
dtd_1066,braided_braided_0050.jpg,ood_test,test
dtd_1067,blotchy_blotchy_0118.jpg,ood_test,test
dtd_1068,potholed_potholed_0094.jpg,ood_test,test
dtd_1069,lacelike_lacelike_0023.jpg,ood_test,test
dtd_1070,potholed_potholed_0080.jpg,ood_test,test
dtd_1071,lacelike_lacelike_0037.jpg,ood_test,test
dtd_1072,crystalline_crystalline_0216.jpg,ood_test,test
dtd_1073,flecked_flecked_0134.jpg,ood_test,test
dtd_1074,porous_porous_0133.jpg,ood_test,test
dtd_1075,crosshatched_crosshatched_0153.jpg,ood_test,test
dtd_1076,studded_studded_0150.jpg,ood_test,test
dtd_1077,bumpy_bumpy_0153.jpg,ood_test,test
dtd_1078,meshed_meshed_0161.jpg,ood_test,test
dtd_1079,bumpy_bumpy_0147.jpg,ood_test,test
dtd_1080,frilly_frilly_0059.jpg,ood_test,test
dtd_1081,polka-dotted_polka-dotted_0069.jpg,ood_test,test
dtd_1082,studded_studded_0144.jpg,ood_test,test
dtd_1083,crosshatched_crosshatched_0147.jpg,ood_test,test
dtd_1084,porous_porous_0127.jpg,ood_test,test
dtd_1085,matted_matted_0057.jpg,ood_test,test
dtd_1086,pleated_pleated_0157.jpg,ood_test,test
dtd_1087,fibrous_fibrous_0035.jpg,ood_test,test
dtd_1088,pitted_pitted_0159.jpg,ood_test,test
dtd_1089,frilly_frilly_0071.jpg,ood_test,test
dtd_1090,waffled_waffled_0085.jpg,ood_test,test
dtd_1091,cracked_cracked_0116.jpg,ood_test,test
dtd_1092,studded_studded_0178.jpg,ood_test,test
dtd_1093,cracked_cracked_0102.jpg,ood_test,test
dtd_1094,frilly_frilly_0065.jpg,ood_test,test
dtd_1095,meshed_meshed_0149.jpg,ood_test,test
dtd_1096,pleated_pleated_0143.jpg,ood_test,test
dtd_1097,stratified_stratified_0139.jpg,ood_test,test
dtd_1098,stained_stained_0123.jpg,ood_test,test
dtd_1099,sprinkled_sprinkled_0036.jpg,ood_test,test
dtd_1100,bumpy_bumpy_0190.jpg,ood_test,test
dtd_1101,studded_studded_0193.jpg,ood_test,test
dtd_1102,studded_studded_0187.jpg,ood_test,test
dtd_1103,bumpy_bumpy_0184.jpg,ood_test,test
dtd_1104,stained_stained_0137.jpg,ood_test,test
dtd_1105,stratified_stratified_0105.jpg,ood_test,test
dtd_1106,gauzy_gauzy_0127.jpg,ood_test,test
dtd_1107,polka-dotted_polka-dotted_0082.jpg,ood_test,test
dtd_1108,polka-dotted_polka-dotted_0096.jpg,ood_test,test
dtd_1109,wrinkled_wrinkled_0017.jpg,ood_test,test
dtd_1110,gauzy_gauzy_0133.jpg,ood_test,test
dtd_1111,matted_matted_0080.jpg,ood_test,test
dtd_1112,stratified_stratified_0111.jpg,ood_test,test
dtd_1113,gauzy_gauzy_0125.jpg,ood_test,test
dtd_1114,stratified_stratified_0107.jpg,ood_test,test
dtd_1115,stained_stained_0109.jpg,ood_test,test
dtd_1116,stratified_stratified_0113.jpg,ood_test,test
dtd_1117,gauzy_gauzy_0131.jpg,ood_test,test
dtd_1118,wrinkled_wrinkled_0015.jpg,ood_test,test
dtd_1119,polka-dotted_polka-dotted_0094.jpg,ood_test,test
dtd_1120,meshed_meshed_0188.jpg,ood_test,test
dtd_1121,studded_studded_0191.jpg,ood_test,test
dtd_1122,bumpy_bumpy_0192.jpg,ood_test,test
dtd_1123,sprinkled_sprinkled_0034.jpg,ood_test,test
dtd_1124,stained_stained_0121.jpg,ood_test,test
dtd_1125,gauzy_gauzy_0119.jpg,ood_test,test
dtd_1126,wrinkled_wrinkled_0029.jpg,ood_test,test
dtd_1127,sprinkled_sprinkled_0020.jpg,ood_test,test
dtd_1128,stained_stained_0135.jpg,ood_test,test
dtd_1129,bumpy_bumpy_0186.jpg,ood_test,test
dtd_1130,studded_studded_0185.jpg,ood_test,test
dtd_1131,cracked_cracked_0114.jpg,ood_test,test
dtd_1132,frilly_frilly_0073.jpg,ood_test,test
dtd_1133,pleated_pleated_0155.jpg,ood_test,test
dtd_1134,matted_matted_0055.jpg,ood_test,test
dtd_1135,porous_porous_0119.jpg,ood_test,test
dtd_1136,pleated_pleated_0141.jpg,ood_test,test
dtd_1137,frilly_frilly_0067.jpg,ood_test,test
dtd_1138,bumpy_bumpy_0179.jpg,ood_test,test
dtd_1139,cracked_cracked_0100.jpg,ood_test,test
dtd_1140,meshed_meshed_0163.jpg,ood_test,test
dtd_1141,bumpy_bumpy_0151.jpg,ood_test,test
dtd_1142,cracked_cracked_0128.jpg,ood_test,test
dtd_1143,studded_studded_0152.jpg,ood_test,test
dtd_1144,crosshatched_crosshatched_0151.jpg,ood_test,test
dtd_1145,matted_matted_0069.jpg,ood_test,test
dtd_1146,pleated_pleated_0169.jpg,ood_test,test
dtd_1147,porous_porous_0131.jpg,ood_test,test
dtd_1148,porous_porous_0125.jpg,ood_test,test
dtd_1149,crosshatched_crosshatched_0145.jpg,ood_test,test
dtd_1150,studded_studded_0146.jpg,ood_test,test
dtd_1151,meshed_meshed_0177.jpg,ood_test,test
dtd_1152,bumpy_bumpy_0145.jpg,ood_test,test
dtd_1153,lacelike_lacelike_0021.jpg,ood_test,test
dtd_1154,potholed_potholed_0096.jpg,ood_test,test
dtd_1155,lined_lined_0158.jpg,ood_test,test
dtd_1156,crystalline_crystalline_0200.jpg,ood_test,test
dtd_1157,flecked_flecked_0122.jpg,ood_test,test
dtd_1158,flecked_flecked_0136.jpg,ood_test,test
dtd_1159,crystalline_crystalline_0214.jpg,ood_test,test
dtd_1160,smeared_smeared_0138.jpg,ood_test,test
dtd_1161,chequered_chequered_0118.jpg,ood_test,test
dtd_1162,lacelike_lacelike_0035.jpg,ood_test,test
dtd_1163,blotchy_blotchy_0126.jpg,ood_test,test
dtd_1164,lined_lined_0164.jpg,ood_test,test
dtd_1165,smeared_smeared_0110.jpg,ood_test,test
dtd_1166,grooved_grooved_0145.jpg,ood_test,test
dtd_1167,chequered_chequered_0130.jpg,ood_test,test
dtd_1168,chequered_chequered_0124.jpg,ood_test,test
dtd_1169,grooved_grooved_0151.jpg,ood_test,test
dtd_1170,smeared_smeared_0104.jpg,ood_test,test
dtd_1171,lacelike_lacelike_0009.jpg,ood_test,test
dtd_1172,blotchy_blotchy_0132.jpg,ood_test,test
dtd_1173,lined_lined_0170.jpg,ood_test,test
dtd_1174,paisley_paisley_0065.jpg,ood_test,test
dtd_1175,potholed_potholed_0055.jpg,ood_test,test
dtd_1176,freckled_freckled_0127.jpg,ood_test,test
dtd_1177,freckled_freckled_0133.jpg,ood_test,test
dtd_1178,spiralled_spiralled_0108.jpg,ood_test,test
dtd_1179,paisley_paisley_0071.jpg,ood_test,test
dtd_1180,paisley_paisley_0059.jpg,ood_test,test
dtd_1181,potholed_potholed_0069.jpg,ood_test,test
dtd_1182,fibrous_fibrous_0209.jpg,ood_test,test
dtd_1183,banded_banded_0106.jpg,ood_test,test
dtd_1184,cobwebbed_cobwebbed_0127.jpg,ood_test,test
dtd_1185,woven_woven_0112.jpg,ood_test,test
dtd_1186,bubbly_bubbly_0147.jpg,ood_test,test
dtd_1187,spiralled_spiralled_0120.jpg,ood_test,test
dtd_1188,spiralled_spiralled_0134.jpg,ood_test,test
dtd_1189,bubbly_bubbly_0153.jpg,ood_test,test
dtd_1190,cobwebbed_cobwebbed_0133.jpg,ood_test,test
dtd_1191,woven_woven_0106.jpg,ood_test,test
dtd_1192,banded_banded_0112.jpg,ood_test,test
dtd_1193,woven_woven_0099.jpg,ood_test,test
dtd_1194,freckled_freckled_0090.jpg,ood_test,test
dtd_1195,braided_braided_0126.jpg,ood_test,test
dtd_1196,swirly_swirly_0157.jpg,ood_test,test
dtd_1197,smeared_smeared_0058.jpg,ood_test,test
dtd_1198,flecked_flecked_0056.jpg,ood_test,test
dtd_1199,swirly_swirly_0143.jpg,ood_test,test
dtd_1200,flecked_flecked_0042.jpg,ood_test,test
dtd_1201,freckled_freckled_0084.jpg,ood_test,test
dtd_1202,braided_braided_0132.jpg,ood_test,test
dtd_1203,lined_lined_0038.jpg,ood_test,test
dtd_1204,banded_banded_0099.jpg,ood_test,test
dtd_1205,blotchy_blotchy_0052.jpg,ood_test,test
dtd_1206,cobwebbed_cobwebbed_0090.jpg,ood_test,test
dtd_1207,perforated_perforated_0113.jpg,ood_test,test
dtd_1208,smeared_smeared_0064.jpg,ood_test,test
dtd_1209,marbled_marbled_0166.jpg,ood_test,test
dtd_1210,spiralled_spiralled_0097.jpg,ood_test,test
dtd_1211,interlaced_interlaced_0142.jpg,ood_test,test
dtd_1212,chequered_chequered_0044.jpg,ood_test,test
dtd_1213,interlaced_interlaced_0156.jpg,ood_test,test
dtd_1214,chequered_chequered_0050.jpg,ood_test,test
dtd_1215,smeared_smeared_0070.jpg,ood_test,test
dtd_1216,marbled_marbled_0172.jpg,ood_test,test
dtd_1217,spiralled_spiralled_0083.jpg,ood_test,test
dtd_1218,dotted_dotted_0153.jpg,ood_test,test
dtd_1219,perforated_perforated_0107.jpg,ood_test,test
dtd_1220,lined_lined_0004.jpg,ood_test,test
dtd_1221,blotchy_blotchy_0046.jpg,ood_test,test
dtd_1222,veined_veined_0180.jpg,ood_test,test
dtd_1223,cobwebbed_cobwebbed_0084.jpg,ood_test,test
dtd_1224,potholed_potholed_0121.jpg,ood_test,test
dtd_1225,scaly_scaly_0128.jpg,ood_test,test
dtd_1226,paisley_paisley_0111.jpg,ood_test,test
dtd_1227,flecked_flecked_0095.jpg,ood_test,test
dtd_1228,spiralled_spiralled_0068.jpg,ood_test,test
dtd_1229,grid_grid_0034.jpg,ood_test,test
dtd_1230,freckled_freckled_0053.jpg,ood_test,test
dtd_1231,freckled_freckled_0047.jpg,ood_test,test
dtd_1232,flecked_flecked_0081.jpg,ood_test,test
dtd_1233,grid_grid_0020.jpg,ood_test,test
dtd_1234,potholed_potholed_0135.jpg,ood_test,test
dtd_1235,paisley_paisley_0105.jpg,ood_test,test
dtd_1236,banded_banded_0072.jpg,ood_test,test
dtd_1237,scaly_scaly_0114.jpg,ood_test,test
dtd_1238,dotted_dotted_0184.jpg,ood_test,test
dtd_1239,blotchy_blotchy_0091.jpg,ood_test,test
dtd_1240,veined_veined_0157.jpg,ood_test,test
dtd_1241,cobwebbed_cobwebbed_0053.jpg,ood_test,test
dtd_1242,woven_woven_0066.jpg,ood_test,test
dtd_1243,chequered_chequered_0087.jpg,ood_test,test
dtd_1244,interlaced_interlaced_0181.jpg,ood_test,test
dtd_1245,spiralled_spiralled_0054.jpg,ood_test,test
dtd_1246,grid_grid_0008.jpg,ood_test,test
dtd_1247,spiralled_spiralled_0040.jpg,ood_test,test
dtd_1248,chequered_chequered_0093.jpg,ood_test,test
dtd_1249,interlaced_interlaced_0195.jpg,ood_test,test
dtd_1250,veined_veined_0143.jpg,ood_test,test
dtd_1251,blotchy_blotchy_0085.jpg,ood_test,test
dtd_1252,cobwebbed_cobwebbed_0047.jpg,ood_test,test
dtd_1253,woven_woven_0072.jpg,ood_test,test
dtd_1254,potholed_potholed_0109.jpg,ood_test,test
dtd_1255,banded_banded_0066.jpg,ood_test,test
dtd_1256,dotted_dotted_0190.jpg,ood_test,test
dtd_1257,waffled_waffled_0130.jpg,ood_test,test
dtd_1258,crystalline_crystalline_0176.jpg,ood_test,test
dtd_1259,knitted_knitted_0183.jpg,ood_test,test
dtd_1260,fibrous_fibrous_0180.jpg,ood_test,test
dtd_1261,honeycombed_honeycombed_0142.jpg,ood_test,test
dtd_1262,stratified_stratified_0073.jpg,ood_test,test
dtd_1263,stained_stained_0069.jpg,ood_test,test
dtd_1264,stratified_stratified_0067.jpg,ood_test,test
dtd_1265,honeycombed_honeycombed_0156.jpg,ood_test,test
dtd_1266,fibrous_fibrous_0194.jpg,ood_test,test
dtd_1267,knitted_knitted_0197.jpg,ood_test,test
dtd_1268,waffled_waffled_0124.jpg,ood_test,test
dtd_1269,crystalline_crystalline_0162.jpg,ood_test,test
dtd_1270,stained_stained_0055.jpg,ood_test,test
dtd_1271,sprinkled_sprinkled_0140.jpg,ood_test,test
dtd_1272,stained_stained_0041.jpg,ood_test,test
dtd_1273,porous_porous_0092.jpg,ood_test,test
dtd_1274,cracked_cracked_0060.jpg,ood_test,test
dtd_1275,frilly_frilly_0107.jpg,ood_test,test
dtd_1276,polka-dotted_polka-dotted_0137.jpg,ood_test,test
dtd_1277,porous_porous_0079.jpg,ood_test,test
dtd_1278,fibrous_fibrous_0143.jpg,ood_test,test
dtd_1279,knitted_knitted_0140.jpg,ood_test,test
dtd_1280,striped_striped_0024.jpg,ood_test,test
dtd_1281,matted_matted_0121.jpg,ood_test,test
dtd_1282,knitted_knitted_0154.jpg,ood_test,test
dtd_1283,matted_matted_0135.jpg,ood_test,test
dtd_1284,striped_striped_0030.jpg,ood_test,test
dtd_1285,fibrous_fibrous_0157.jpg,ood_test,test
dtd_1286,frilly_frilly_0113.jpg,ood_test,test
dtd_1287,polka-dotted_polka-dotted_0123.jpg,ood_test,test
dtd_1288,cracked_cracked_0074.jpg,ood_test,test
dtd_1289,crystalline_crystalline_0189.jpg,ood_test,test
dtd_1290,crosshatched_crosshatched_0025.jpg,ood_test,test
dtd_1291,stained_stained_0096.jpg,ood_test,test
dtd_1292,porous_porous_0045.jpg,ood_test,test
dtd_1293,zigzagged_zigzagged_0026.jpg,ood_test,test
dtd_1294,stained_stained_0082.jpg,ood_test,test
dtd_1295,porous_porous_0051.jpg,ood_test,test
dtd_1296,zigzagged_zigzagged_0032.jpg,ood_test,test
dtd_1297,stratified_stratified_0098.jpg,ood_test,test
dtd_1298,knitted_knitted_0168.jpg,ood_test,test
dtd_1299,matted_matted_0109.jpg,ood_test,test
dtd_1300,cracked_cracked_0048.jpg,ood_test,test
dtd_1301,pitted_pitted_0007.jpg,ood_test,test
dtd_1302,matted_matted_0108.jpg,ood_test,test
dtd_1303,knitted_knitted_0169.jpg,ood_test,test
dtd_1304,stratified_stratified_0099.jpg,ood_test,test
dtd_1305,porous_porous_0050.jpg,ood_test,test
dtd_1306,stained_stained_0083.jpg,ood_test,test
dtd_1307,pitted_pitted_0006.jpg,ood_test,test
dtd_1308,cracked_cracked_0049.jpg,ood_test,test
dtd_1309,studded_studded_0027.jpg,ood_test,test
dtd_1310,crystalline_crystalline_0188.jpg,ood_test,test
dtd_1311,pitted_pitted_0012.jpg,ood_test,test
dtd_1312,bumpy_bumpy_0024.jpg,ood_test,test
dtd_1313,porous_porous_0044.jpg,ood_test,test
dtd_1314,stained_stained_0097.jpg,ood_test,test
dtd_1315,striped_striped_0019.jpg,ood_test,test
dtd_1316,fibrous_fibrous_0156.jpg,ood_test,test
dtd_1317,matted_matted_0134.jpg,ood_test,test
dtd_1318,striped_striped_0031.jpg,ood_test,test
dtd_1319,knitted_knitted_0155.jpg,ood_test,test
dtd_1320,gauzy_gauzy_0087.jpg,ood_test,test
dtd_1321,cracked_cracked_0075.jpg,ood_test,test
dtd_1322,polka-dotted_polka-dotted_0122.jpg,ood_test,test
dtd_1323,frilly_frilly_0112.jpg,ood_test,test
dtd_1324,polka-dotted_polka-dotted_0136.jpg,ood_test,test
dtd_1325,frilly_frilly_0106.jpg,ood_test,test
dtd_1326,cracked_cracked_0061.jpg,ood_test,test
dtd_1327,striped_striped_0025.jpg,ood_test,test
dtd_1328,matted_matted_0120.jpg,ood_test,test
dtd_1329,knitted_knitted_0141.jpg,ood_test,test
dtd_1330,fibrous_fibrous_0142.jpg,ood_test,test
dtd_1331,porous_porous_0093.jpg,ood_test,test
dtd_1332,stained_stained_0040.jpg,ood_test,test
dtd_1333,waffled_waffled_0119.jpg,ood_test,test
dtd_1334,sprinkled_sprinkled_0141.jpg,ood_test,test
dtd_1335,porous_porous_0087.jpg,ood_test,test
dtd_1336,stained_stained_0054.jpg,ood_test,test
dtd_1337,knitted_knitted_0196.jpg,ood_test,test
dtd_1338,honeycombed_honeycombed_0157.jpg,ood_test,test
dtd_1339,stratified_stratified_0066.jpg,ood_test,test
dtd_1340,fibrous_fibrous_0195.jpg,ood_test,test
dtd_1341,crystalline_crystalline_0163.jpg,ood_test,test
dtd_1342,waffled_waffled_0125.jpg,ood_test,test
dtd_1343,crystalline_crystalline_0177.jpg,ood_test,test
dtd_1344,waffled_waffled_0131.jpg,ood_test,test
dtd_1345,stained_stained_0068.jpg,ood_test,test
dtd_1346,fibrous_fibrous_0181.jpg,ood_test,test
dtd_1347,stratified_stratified_0072.jpg,ood_test,test
dtd_1348,honeycombed_honeycombed_0143.jpg,ood_test,test
dtd_1349,interlaced_interlaced_0194.jpg,ood_test,test
dtd_1350,chequered_chequered_0092.jpg,ood_test,test
dtd_1351,spiralled_spiralled_0041.jpg,ood_test,test
dtd_1352,dotted_dotted_0191.jpg,ood_test,test
dtd_1353,potholed_potholed_0108.jpg,ood_test,test
dtd_1354,banded_banded_0067.jpg,ood_test,test
dtd_1355,woven_woven_0073.jpg,ood_test,test
dtd_1356,cobwebbed_cobwebbed_0046.jpg,ood_test,test
dtd_1357,blotchy_blotchy_0084.jpg,ood_test,test
dtd_1358,veined_veined_0142.jpg,ood_test,test
dtd_1359,woven_woven_0067.jpg,ood_test,test
dtd_1360,cobwebbed_cobwebbed_0052.jpg,ood_test,test
dtd_1361,veined_veined_0156.jpg,ood_test,test
dtd_1362,blotchy_blotchy_0090.jpg,ood_test,test
dtd_1363,dotted_dotted_0185.jpg,ood_test,test
dtd_1364,scaly_scaly_0115.jpg,ood_test,test
dtd_1365,banded_banded_0073.jpg,ood_test,test
dtd_1366,grid_grid_0009.jpg,ood_test,test
dtd_1367,spiralled_spiralled_0055.jpg,ood_test,test
dtd_1368,interlaced_interlaced_0180.jpg,ood_test,test
dtd_1369,grid_grid_0021.jpg,ood_test,test
dtd_1370,flecked_flecked_0080.jpg,ood_test,test
dtd_1371,freckled_freckled_0046.jpg,ood_test,test
dtd_1372,paisley_paisley_0104.jpg,ood_test,test
dtd_1373,potholed_potholed_0134.jpg,ood_test,test
dtd_1374,paisley_paisley_0110.jpg,ood_test,test
dtd_1375,scaly_scaly_0129.jpg,ood_test,test
dtd_1376,potholed_potholed_0120.jpg,ood_test,test
dtd_1377,freckled_freckled_0052.jpg,ood_test,test
dtd_1378,grid_grid_0035.jpg,ood_test,test
dtd_1379,spiralled_spiralled_0069.jpg,ood_test,test
dtd_1380,flecked_flecked_0094.jpg,ood_test,test
dtd_1381,spiralled_spiralled_0082.jpg,ood_test,test
dtd_1382,marbled_marbled_0173.jpg,ood_test,test
dtd_1383,chequered_chequered_0051.jpg,ood_test,test
dtd_1384,interlaced_interlaced_0157.jpg,ood_test,test
dtd_1385,cobwebbed_cobwebbed_0085.jpg,ood_test,test
dtd_1386,veined_veined_0181.jpg,ood_test,test
dtd_1387,blotchy_blotchy_0047.jpg,ood_test,test
dtd_1388,perforated_perforated_0106.jpg,ood_test,test
dtd_1389,dotted_dotted_0152.jpg,ood_test,test
dtd_1390,perforated_perforated_0112.jpg,ood_test,test
dtd_1391,dotted_dotted_0146.jpg,ood_test,test
dtd_1392,cobwebbed_cobwebbed_0091.jpg,ood_test,test
dtd_1393,blotchy_blotchy_0053.jpg,ood_test,test
dtd_1394,chequered_chequered_0045.jpg,ood_test,test
dtd_1395,interlaced_interlaced_0143.jpg,ood_test,test
dtd_1396,spiralled_spiralled_0096.jpg,ood_test,test
dtd_1397,marbled_marbled_0167.jpg,ood_test,test
dtd_1398,smeared_smeared_0065.jpg,ood_test,test
dtd_1399,braided_braided_0133.jpg,ood_test,test
dtd_1400,freckled_freckled_0085.jpg,ood_test,test
dtd_1401,swirly_swirly_0142.jpg,ood_test,test
dtd_1402,banded_banded_0098.jpg,ood_test,test
dtd_1403,lined_lined_0039.jpg,ood_test,test
dtd_1404,woven_woven_0098.jpg,ood_test,test
dtd_1405,flecked_flecked_0057.jpg,ood_test,test
dtd_1406,swirly_swirly_0156.jpg,ood_test,test
dtd_1407,braided_braided_0127.jpg,ood_test,test
dtd_1408,chequered_chequered_0079.jpg,ood_test,test
dtd_1409,freckled_freckled_0091.jpg,ood_test,test
dtd_1410,bubbly_bubbly_0152.jpg,ood_test,test
dtd_1411,spiralled_spiralled_0135.jpg,ood_test,test
dtd_1412,banded_banded_0113.jpg,ood_test,test
dtd_1413,woven_woven_0107.jpg,ood_test,test
dtd_1414,cobwebbed_cobwebbed_0132.jpg,ood_test,test
dtd_1415,woven_woven_0113.jpg,ood_test,test
dtd_1416,cobwebbed_cobwebbed_0126.jpg,ood_test,test
dtd_1417,potholed_potholed_0068.jpg,ood_test,test
dtd_1418,banded_banded_0107.jpg,ood_test,test
dtd_1419,fibrous_fibrous_0208.jpg,ood_test,test
dtd_1420,paisley_paisley_0058.jpg,ood_test,test
dtd_1421,spiralled_spiralled_0121.jpg,ood_test,test
dtd_1422,bubbly_bubbly_0146.jpg,ood_test,test
dtd_1423,spiralled_spiralled_0109.jpg,ood_test,test
dtd_1424,freckled_freckled_0132.jpg,ood_test,test
dtd_1425,potholed_potholed_0040.jpg,ood_test,test
dtd_1426,paisley_paisley_0070.jpg,ood_test,test
dtd_1427,potholed_potholed_0054.jpg,ood_test,test
dtd_1428,perforated_perforated_0099.jpg,ood_test,test
dtd_1429,paisley_paisley_0064.jpg,ood_test,test
dtd_1430,freckled_freckled_0126.jpg,ood_test,test
dtd_1431,grooved_grooved_0150.jpg,ood_test,test
dtd_1432,lined_lined_0171.jpg,ood_test,test
dtd_1433,blotchy_blotchy_0133.jpg,ood_test,test
dtd_1434,lacelike_lacelike_0008.jpg,ood_test,test
dtd_1435,perforated_perforated_0066.jpg,ood_test,test
dtd_1436,lined_lined_0165.jpg,ood_test,test
dtd_1437,blotchy_blotchy_0127.jpg,ood_test,test
dtd_1438,chequered_chequered_0131.jpg,ood_test,test
dtd_1439,grooved_grooved_0144.jpg,ood_test,test
dtd_1440,smeared_smeared_0111.jpg,ood_test,test
dtd_1441,chequered_chequered_0119.jpg,ood_test,test
dtd_1442,smeared_smeared_0139.jpg,ood_test,test
dtd_1443,flecked_flecked_0137.jpg,ood_test,test
dtd_1444,crystalline_crystalline_0215.jpg,ood_test,test
dtd_1445,potholed_potholed_0083.jpg,ood_test,test
dtd_1446,lacelike_lacelike_0034.jpg,ood_test,test
dtd_1447,lined_lined_0159.jpg,ood_test,test
dtd_1448,potholed_potholed_0097.jpg,ood_test,test
dtd_1449,lacelike_lacelike_0020.jpg,ood_test,test
dtd_1450,crystalline_crystalline_0201.jpg,ood_test,test
dtd_1451,flecked_flecked_0123.jpg,ood_test,test
dtd_1452,crosshatched_crosshatched_0144.jpg,ood_test,test
dtd_1453,porous_porous_0124.jpg,ood_test,test
dtd_1454,bumpy_bumpy_0144.jpg,ood_test,test
dtd_1455,meshed_meshed_0176.jpg,ood_test,test
dtd_1456,studded_studded_0153.jpg,ood_test,test
dtd_1457,cracked_cracked_0129.jpg,ood_test,test
dtd_1458,bumpy_bumpy_0150.jpg,ood_test,test
dtd_1459,meshed_meshed_0162.jpg,ood_test,test
dtd_1460,porous_porous_0130.jpg,ood_test,test
dtd_1461,pleated_pleated_0168.jpg,ood_test,test
dtd_1462,crosshatched_crosshatched_0150.jpg,ood_test,test
dtd_1463,pleated_pleated_0140.jpg,ood_test,test
dtd_1464,porous_porous_0118.jpg,ood_test,test
dtd_1465,matted_matted_0040.jpg,ood_test,test
dtd_1466,cracked_cracked_0101.jpg,ood_test,test
dtd_1467,frilly_frilly_0066.jpg,ood_test,test
dtd_1468,bumpy_bumpy_0178.jpg,ood_test,test
dtd_1469,frilly_frilly_0072.jpg,ood_test,test
dtd_1470,cracked_cracked_0115.jpg,ood_test,test
dtd_1471,matted_matted_0054.jpg,ood_test,test
dtd_1472,pleated_pleated_0154.jpg,ood_test,test
dtd_1473,stained_stained_0134.jpg,ood_test,test
dtd_1474,sprinkled_sprinkled_0021.jpg,ood_test,test
dtd_1475,wrinkled_wrinkled_0028.jpg,ood_test,test
dtd_1476,studded_studded_0184.jpg,ood_test,test
dtd_1477,bumpy_bumpy_0187.jpg,ood_test,test
dtd_1478,frilly_frilly_0099.jpg,ood_test,test
dtd_1479,bumpy_bumpy_0193.jpg,ood_test,test
dtd_1480,studded_studded_0190.jpg,ood_test,test
dtd_1481,gauzy_gauzy_0118.jpg,ood_test,test
dtd_1482,stained_stained_0120.jpg,ood_test,test
dtd_1483,sprinkled_sprinkled_0035.jpg,ood_test,test
dtd_1484,wrinkled_wrinkled_0014.jpg,ood_test,test
dtd_1485,gauzy_gauzy_0130.jpg,ood_test,test
dtd_1486,matted_matted_0083.jpg,ood_test,test
dtd_1487,stratified_stratified_0112.jpg,ood_test,test
dtd_1488,stained_stained_0108.jpg,ood_test,test
dtd_1489,meshed_meshed_0189.jpg,ood_test,test
dtd_1490,polka-dotted_polka-dotted_0095.jpg,ood_test,test
dtd_1491,waffled_waffled_0051.jpg,ood_test,test
dtd_1492,stratified_stratified_0106.jpg,ood_test,test
dtd_1493,gauzy_gauzy_0124.jpg,ood_test,test
dtd_1494,matted_matted_0097.jpg,ood_test,test
dtd_1495,sprinkled_sprinkled_0052.jpg,ood_test,test
dtd_1496,sprinkled_sprinkled_0046.jpg,ood_test,test
dtd_1497,stratified_stratified_0149.jpg,ood_test,test
dtd_1498,honeycombed_honeycombed_0078.jpg,ood_test,test
dtd_1499,honeycombed_honeycombed_0050.jpg,ood_test,test
dtd_1500,stratified_stratified_0161.jpg,ood_test,test
dtd_1501,knitted_knitted_0091.jpg,ood_test,test
dtd_1502,gauzy_gauzy_0143.jpg,ood_test,test
dtd_1503,wrinkled_wrinkled_0067.jpg,ood_test,test
dtd_1504,knitted_knitted_0085.jpg,ood_test,test
dtd_1505,gauzy_gauzy_0157.jpg,ood_test,test
dtd_1506,wrinkled_wrinkled_0073.jpg,ood_test,test
dtd_1507,honeycombed_honeycombed_0044.jpg,ood_test,test
dtd_1508,studded_studded_0134.jpg,ood_test,test
dtd_1509,meshed_meshed_0105.jpg,ood_test,test
dtd_1510,pitted_pitted_0101.jpg,ood_test,test
dtd_1511,bumpy_bumpy_0137.jpg,ood_test,test
dtd_1512,frilly_frilly_0029.jpg,ood_test,test
dtd_1513,scaly_scaly_0204.jpg,ood_test,test
dtd_1514,sprinkled_sprinkled_0091.jpg,ood_test,test
dtd_1515,porous_porous_0157.jpg,ood_test,test
dtd_1516,crosshatched_crosshatched_0137.jpg,ood_test,test
dtd_1517,wrinkled_wrinkled_0098.jpg,ood_test,test
dtd_1518,crosshatched_crosshatched_0123.jpg,ood_test,test
dtd_1519,zigzagged_zigzagged_0120.jpg,ood_test,test
dtd_1520,scaly_scaly_0210.jpg,ood_test,test
dtd_1521,porous_porous_0143.jpg,ood_test,test
dtd_1522,sprinkled_sprinkled_0085.jpg,ood_test,test
dtd_1523,meshed_meshed_0111.jpg,ood_test,test
dtd_1524,pitted_pitted_0115.jpg,ood_test,test
dtd_1525,bumpy_bumpy_0123.jpg,ood_test,test
dtd_1526,meshed_meshed_0139.jpg,ood_test,test
dtd_1527,frilly_frilly_0015.jpg,ood_test,test
dtd_1528,studded_studded_0108.jpg,ood_test,test
dtd_1529,gauzy_gauzy_0180.jpg,ood_test,test
dtd_1530,zigzagged_zigzagged_0108.jpg,ood_test,test
dtd_1531,honeycombed_honeycombed_0093.jpg,ood_test,test
dtd_1532,pleated_pleated_0133.jpg,ood_test,test
dtd_1533,honeycombed_honeycombed_0087.jpg,ood_test,test
dtd_1534,pleated_pleated_0127.jpg,ood_test,test
dtd_1535,gauzy_gauzy_0194.jpg,ood_test,test
dtd_1536,striped_striped_0122.jpg,ood_test,test
dtd_1537,cracked_cracked_0166.jpg,ood_test,test
dtd_1538,frilly_frilly_0001.jpg,ood_test,test
dtd_1539,pitted_pitted_0129.jpg,ood_test,test
dtd_1540,perforated_perforated_0001.jpg,ood_test,test
dtd_1541,veined_veined_0086.jpg,ood_test,test
dtd_1542,blotchy_blotchy_0140.jpg,ood_test,test
dtd_1543,lined_lined_0102.jpg,ood_test,test
dtd_1544,grooved_grooved_0123.jpg,ood_test,test
dtd_1545,braided_braided_0008.jpg,ood_test,test
dtd_1546,marbled_marbled_0074.jpg,ood_test,test
dtd_1547,swirly_swirly_0079.jpg,ood_test,test
dtd_1548,grooved_grooved_0137.jpg,ood_test,test
dtd_1549,chequered_chequered_0142.jpg,ood_test,test
dtd_1550,interlaced_interlaced_0044.jpg,ood_test,test
dtd_1551,veined_veined_0092.jpg,ood_test,test
dtd_1552,lined_lined_0116.jpg,ood_test,test
dtd_1553,perforated_perforated_0015.jpg,ood_test,test
dtd_1554,dotted_dotted_0041.jpg,ood_test,test
dtd_1555,lacelike_lacelike_0047.jpg,ood_test,test
dtd_1556,flecked_flecked_0144.jpg,ood_test,test
dtd_1557,flecked_flecked_0150.jpg,ood_test,test
dtd_1558,lacelike_lacelike_0053.jpg,ood_test,test
dtd_1559,cobwebbed_cobwebbed_0141.jpg,ood_test,test
dtd_1560,bubbly_bubbly_0121.jpg,ood_test,test
dtd_1561,interlaced_interlaced_0093.jpg,ood_test,test
dtd_1562,chequered_chequered_0195.jpg,ood_test,test
dtd_1563,freckled_freckled_0169.jpg,ood_test,test
dtd_1564,interlaced_interlaced_0087.jpg,ood_test,test
dtd_1565,bubbly_bubbly_0135.jpg,ood_test,test
dtd_1566,chequered_chequered_0181.jpg,ood_test,test
dtd_1567,cobwebbed_cobwebbed_0155.jpg,ood_test,test
dtd_1568,paisley_paisley_0003.jpg,ood_test,test
dtd_1569,lacelike_lacelike_0084.jpg,ood_test,test
dtd_1570,veined_veined_0079.jpg,ood_test,test
dtd_1571,freckled_freckled_0141.jpg,ood_test,test
dtd_1572,grid_grid_0126.jpg,ood_test,test
dtd_1573,swirly_swirly_0086.jpg,ood_test,test
dtd_1574,polka-dotted_polka-dotted_0227.jpg,ood_test,test
dtd_1575,swirly_swirly_0092.jpg,ood_test,test
dtd_1576,grid_grid_0132.jpg,ood_test,test
dtd_1577,freckled_freckled_0155.jpg,ood_test,test
dtd_1578,bubbly_bubbly_0109.jpg,ood_test,test
dtd_1579,paisley_paisley_0017.jpg,ood_test,test
dtd_1580,dotted_dotted_0121.jpg,ood_test,test
dtd_1581,lined_lined_0076.jpg,ood_test,test
dtd_1582,blotchy_blotchy_0034.jpg,ood_test,test
dtd_1583,bubbly_bubbly_0096.jpg,ood_test,test
dtd_1584,interlaced_interlaced_0124.jpg,ood_test,test
dtd_1585,grooved_grooved_0057.jpg,ood_test,test
dtd_1586,marbled_marbled_0100.jpg,ood_test,test
dtd_1587,marbled_marbled_0114.jpg,ood_test,test
dtd_1588,swirly_swirly_0119.jpg,ood_test,test
dtd_1589,interlaced_interlaced_0130.jpg,ood_test,test
dtd_1590,bubbly_bubbly_0082.jpg,ood_test,test
dtd_1591,braided_braided_0168.jpg,ood_test,test
dtd_1592,lined_lined_0062.jpg,ood_test,test
dtd_1593,dotted_dotted_0135.jpg,ood_test,test
dtd_1594,perforated_perforated_0161.jpg,ood_test,test
dtd_1595,perforated_perforated_0149.jpg,ood_test,test
dtd_1596,swirly_swirly_0131.jpg,ood_test,test
dtd_1597,grid_grid_0091.jpg,ood_test,test
dtd_1598,interlaced_interlaced_0118.jpg,ood_test,test
dtd_1599,braided_braided_0140.jpg,ood_test,test
dtd_1600,braided_braided_0154.jpg,ood_test,test
dtd_1601,grid_grid_0085.jpg,ood_test,test
dtd_1602,marbled_marbled_0128.jpg,ood_test,test
dtd_1603,swirly_swirly_0125.jpg,ood_test,test
dtd_1604,dotted_dotted_0109.jpg,ood_test,test
dtd_1605,scaly_scaly_0199.jpg,ood_test,test
dtd_1606,veined_veined_0131.jpg,ood_test,test
dtd_1607,scaly_scaly_0172.jpg,ood_test,test
dtd_1608,spiralled_spiralled_0032.jpg,ood_test,test
dtd_1609,grooved_grooved_0094.jpg,ood_test,test
dtd_1610,bubbly_bubbly_0055.jpg,ood_test,test
dtd_1611,freckled_freckled_0009.jpg,ood_test,test
dtd_1612,grooved_grooved_0080.jpg,ood_test,test
dtd_1613,spiralled_spiralled_0026.jpg,ood_test,test
dtd_1614,scaly_scaly_0166.jpg,ood_test,test
dtd_1615,woven_woven_0014.jpg,ood_test,test
dtd_1616,veined_veined_0125.jpg,ood_test,test
dtd_1617,potholed_potholed_0147.jpg,ood_test,test
dtd_1618,braided_braided_0183.jpg,ood_test,test
dtd_1619,bubbly_bubbly_0069.jpg,ood_test,test
dtd_1620,grid_grid_0052.jpg,ood_test,test
dtd_1621,grid_grid_0046.jpg,ood_test,test
dtd_1622,braided_braided_0197.jpg,ood_test,test
dtd_1623,woven_woven_0028.jpg,ood_test,test
dtd_1624,veined_veined_0119.jpg,ood_test,test
dtd_1625,potholed_potholed_0153.jpg,ood_test,test
dtd_1626,bumpy_bumpy_0080.jpg,ood_test,test
dtd_1627,crosshatched_crosshatched_0080.jpg,ood_test,test
dtd_1628,honeycombed_honeycombed_0118.jpg,ood_test,test
dtd_1629,zigzagged_zigzagged_0083.jpg,ood_test,test
dtd_1630,sprinkled_sprinkled_0126.jpg,ood_test,test
dtd_1631,stained_stained_0033.jpg,ood_test,test
dtd_1632,zigzagged_zigzagged_0097.jpg,ood_test,test
dtd_1633,sprinkled_sprinkled_0132.jpg,ood_test,test
dtd_1634,stained_stained_0027.jpg,ood_test,test
dtd_1635,crosshatched_crosshatched_0094.jpg,ood_test,test
dtd_1636,crystalline_crystalline_0138.jpg,ood_test,test
dtd_1637,bumpy_bumpy_0094.jpg,ood_test,test
dtd_1638,crystalline_crystalline_0110.jpg,ood_test,test
dtd_1639,polka-dotted_polka-dotted_0192.jpg,ood_test,test
dtd_1640,waffled_waffled_0156.jpg,ood_test,test
dtd_1641,honeycombed_honeycombed_0124.jpg,ood_test,test
dtd_1642,pleated_pleated_0084.jpg,ood_test,test
dtd_1643,wrinkled_wrinkled_0113.jpg,ood_test,test
dtd_1644,striped_striped_0081.jpg,ood_test,test
dtd_1645,wrinkled_wrinkled_0107.jpg,ood_test,test
dtd_1646,striped_striped_0095.jpg,ood_test,test
dtd_1647,honeycombed_honeycombed_0130.jpg,ood_test,test
dtd_1648,pleated_pleated_0090.jpg,ood_test,test
dtd_1649,polka-dotted_polka-dotted_0186.jpg,ood_test,test
dtd_1650,crystalline_crystalline_0104.jpg,ood_test,test
dtd_1651,waffled_waffled_0142.jpg,ood_test,test
dtd_1652,chequered_chequered_0208.jpg,ood_test,test
dtd_1653,pitted_pitted_0075.jpg,ood_test,test
dtd_1654,meshed_meshed_0071.jpg,ood_test,test
dtd_1655,fibrous_fibrous_0119.jpg,ood_test,test
dtd_1656,zigzagged_zigzagged_0040.jpg,ood_test,test
dtd_1657,crosshatched_crosshatched_0057.jpg,ood_test,test
dtd_1658,zigzagged_zigzagged_0054.jpg,ood_test,test
dtd_1659,pitted_pitted_0061.jpg,ood_test,test
dtd_1660,polka-dotted_polka-dotted_0179.jpg,ood_test,test
dtd_1661,meshed_meshed_0065.jpg,ood_test,test
dtd_1662,studded_studded_0054.jpg,ood_test,test
dtd_1663,pitted_pitted_0049.jpg,ood_test,test
dtd_1664,polka-dotted_polka-dotted_0151.jpg,ood_test,test
dtd_1665,striped_striped_0042.jpg,ood_test,test
dtd_1666,matted_matted_0147.jpg,ood_test,test
dtd_1667,knitted_knitted_0126.jpg,ood_test,test
dtd_1668,pleated_pleated_0047.jpg,ood_test,test
dtd_1669,fibrous_fibrous_0125.jpg,ood_test,test
dtd_1670,pleated_pleated_0053.jpg,ood_test,test
dtd_1671,fibrous_fibrous_0131.jpg,ood_test,test
dtd_1672,zigzagged_zigzagged_0068.jpg,ood_test,test
dtd_1673,matted_matted_0153.jpg,ood_test,test
dtd_1674,striped_striped_0056.jpg,ood_test,test
dtd_1675,knitted_knitted_0132.jpg,ood_test,test
dtd_1676,polka-dotted_polka-dotted_0145.jpg,ood_test,test
dtd_1677,waffled_waffled_0181.jpg,ood_test,test
dtd_1678,knitted_knitted_0133.jpg,ood_test,test
dtd_1679,matted_matted_0152.jpg,ood_test,test
dtd_1680,striped_striped_0057.jpg,ood_test,test
dtd_1681,zigzagged_zigzagged_0069.jpg,ood_test,test
dtd_1682,fibrous_fibrous_0130.jpg,ood_test,test
dtd_1683,pleated_pleated_0052.jpg,ood_test,test
dtd_1684,meshed_meshed_0058.jpg,ood_test,test
dtd_1685,waffled_waffled_0180.jpg,ood_test,test
dtd_1686,polka-dotted_polka-dotted_0144.jpg,ood_test,test
dtd_1687,studded_studded_0069.jpg,ood_test,test
dtd_1688,pitted_pitted_0048.jpg,ood_test,test
dtd_1689,fibrous_fibrous_0124.jpg,ood_test,test
dtd_1690,pleated_pleated_0046.jpg,ood_test,test
dtd_1691,knitted_knitted_0127.jpg,ood_test,test
dtd_1692,striped_striped_0043.jpg,ood_test,test
dtd_1693,matted_matted_0146.jpg,ood_test,test
dtd_1694,zigzagged_zigzagged_0055.jpg,ood_test,test
dtd_1695,crosshatched_crosshatched_0056.jpg,ood_test,test
dtd_1696,polka-dotted_polka-dotted_0178.jpg,ood_test,test
dtd_1697,pitted_pitted_0060.jpg,ood_test,test
dtd_1698,pitted_pitted_0074.jpg,ood_test,test
dtd_1699,crosshatched_crosshatched_0042.jpg,ood_test,test
dtd_1700,zigzagged_zigzagged_0041.jpg,ood_test,test
dtd_1701,fibrous_fibrous_0118.jpg,ood_test,test
dtd_1702,honeycombed_honeycombed_0131.jpg,ood_test,test
dtd_1703,striped_striped_0094.jpg,ood_test,test
dtd_1704,wrinkled_wrinkled_0106.jpg,ood_test,test
dtd_1705,chequered_chequered_0209.jpg,ood_test,test
dtd_1706,waffled_waffled_0143.jpg,ood_test,test
dtd_1707,polka-dotted_polka-dotted_0187.jpg,ood_test,test
dtd_1708,crystalline_crystalline_0105.jpg,ood_test,test
dtd_1709,waffled_waffled_0157.jpg,ood_test,test
dtd_1710,crystalline_crystalline_0111.jpg,ood_test,test
dtd_1711,polka-dotted_polka-dotted_0193.jpg,ood_test,test
dtd_1712,striped_striped_0080.jpg,ood_test,test
dtd_1713,wrinkled_wrinkled_0112.jpg,ood_test,test
dtd_1714,pleated_pleated_0085.jpg,ood_test,test
dtd_1715,honeycombed_honeycombed_0125.jpg,ood_test,test
dtd_1716,crosshatched_crosshatched_0095.jpg,ood_test,test
dtd_1717,stained_stained_0026.jpg,ood_test,test
dtd_1718,sprinkled_sprinkled_0133.jpg,ood_test,test
dtd_1719,zigzagged_zigzagged_0096.jpg,ood_test,test
dtd_1720,crystalline_crystalline_0139.jpg,ood_test,test
dtd_1721,bumpy_bumpy_0081.jpg,ood_test,test
dtd_1722,stained_stained_0032.jpg,ood_test,test
dtd_1723,sprinkled_sprinkled_0127.jpg,ood_test,test
dtd_1724,zigzagged_zigzagged_0082.jpg,ood_test,test
dtd_1725,honeycombed_honeycombed_0119.jpg,ood_test,test
dtd_1726,crosshatched_crosshatched_0081.jpg,ood_test,test
dtd_1727,braided_braided_0196.jpg,ood_test,test
dtd_1728,grid_grid_0047.jpg,ood_test,test
dtd_1729,potholed_potholed_0152.jpg,ood_test,test
dtd_1730,veined_veined_0118.jpg,ood_test,test
dtd_1731,woven_woven_0029.jpg,ood_test,test
dtd_1732,potholed_potholed_0146.jpg,ood_test,test
dtd_1733,grid_grid_0053.jpg,ood_test,test
dtd_1734,braided_braided_0182.jpg,ood_test,test
dtd_1735,spiralled_spiralled_0027.jpg,ood_test,test
dtd_1736,grooved_grooved_0081.jpg,ood_test,test
dtd_1737,veined_veined_0124.jpg,ood_test,test
dtd_1738,woven_woven_0015.jpg,ood_test,test
dtd_1739,scaly_scaly_0167.jpg,ood_test,test
dtd_1740,scaly_scaly_0173.jpg,ood_test,test
dtd_1741,veined_veined_0130.jpg,ood_test,test
dtd_1742,woven_woven_0001.jpg,ood_test,test
dtd_1743,bubbly_bubbly_0054.jpg,ood_test,test
dtd_1744,grooved_grooved_0095.jpg,ood_test,test
dtd_1745,spiralled_spiralled_0033.jpg,ood_test,test
dtd_1746,swirly_swirly_0124.jpg,ood_test,test
dtd_1747,marbled_marbled_0129.jpg,ood_test,test
dtd_1748,grid_grid_0084.jpg,ood_test,test
dtd_1749,braided_braided_0155.jpg,ood_test,test
dtd_1750,scaly_scaly_0198.jpg,ood_test,test
dtd_1751,dotted_dotted_0108.jpg,ood_test,test
dtd_1752,perforated_perforated_0148.jpg,ood_test,test
dtd_1753,blotchy_blotchy_0009.jpg,ood_test,test
dtd_1754,braided_braided_0141.jpg,ood_test,test
dtd_1755,interlaced_interlaced_0119.jpg,ood_test,test
dtd_1756,grid_grid_0090.jpg,ood_test,test
dtd_1757,swirly_swirly_0130.jpg,ood_test,test
dtd_1758,braided_braided_0169.jpg,ood_test,test
dtd_1759,interlaced_interlaced_0131.jpg,ood_test,test
dtd_1760,bubbly_bubbly_0083.jpg,ood_test,test
dtd_1761,smeared_smeared_0017.jpg,ood_test,test
dtd_1762,swirly_swirly_0118.jpg,ood_test,test
dtd_1763,marbled_marbled_0115.jpg,ood_test,test
dtd_1764,perforated_perforated_0160.jpg,ood_test,test
dtd_1765,dotted_dotted_0134.jpg,ood_test,test
dtd_1766,blotchy_blotchy_0021.jpg,ood_test,test
dtd_1767,lined_lined_0077.jpg,ood_test,test
dtd_1768,dotted_dotted_0120.jpg,ood_test,test
dtd_1769,marbled_marbled_0101.jpg,ood_test,test
dtd_1770,grooved_grooved_0056.jpg,ood_test,test
dtd_1771,bubbly_bubbly_0097.jpg,ood_test,test
dtd_1772,interlaced_interlaced_0125.jpg,ood_test,test
dtd_1773,bubbly_bubbly_0108.jpg,ood_test,test
dtd_1774,freckled_freckled_0154.jpg,ood_test,test
dtd_1775,polka-dotted_polka-dotted_0232.jpg,ood_test,test
dtd_1776,grid_grid_0133.jpg,ood_test,test
dtd_1777,swirly_swirly_0093.jpg,ood_test,test
dtd_1778,lacelike_lacelike_0091.jpg,ood_test,test
dtd_1779,paisley_paisley_0016.jpg,ood_test,test
dtd_1780,veined_veined_0078.jpg,ood_test,test
dtd_1781,lacelike_lacelike_0085.jpg,ood_test,test
dtd_1782,paisley_paisley_0002.jpg,ood_test,test
dtd_1783,polka-dotted_polka-dotted_0226.jpg,ood_test,test
dtd_1784,swirly_swirly_0087.jpg,ood_test,test
dtd_1785,grid_grid_0127.jpg,ood_test,test
dtd_1786,freckled_freckled_0140.jpg,ood_test,test
dtd_1787,chequered_chequered_0180.jpg,ood_test,test
dtd_1788,bubbly_bubbly_0134.jpg,ood_test,test
dtd_1789,freckled_freckled_0168.jpg,ood_test,test
dtd_1790,cobwebbed_cobwebbed_0154.jpg,ood_test,test
dtd_1791,dotted_dotted_0097.jpg,ood_test,test
dtd_1792,cobwebbed_cobwebbed_0140.jpg,ood_test,test
dtd_1793,chequered_chequered_0194.jpg,ood_test,test
dtd_1794,bubbly_bubbly_0120.jpg,ood_test,test
dtd_1795,flecked_flecked_0151.jpg,ood_test,test
dtd_1796,lacelike_lacelike_0052.jpg,ood_test,test
dtd_1797,lacelike_lacelike_0046.jpg,ood_test,test
dtd_1798,flecked_flecked_0145.jpg,ood_test,test
dtd_1799,interlaced_interlaced_0045.jpg,ood_test,test
dtd_1800,grooved_grooved_0136.jpg,ood_test,test
dtd_1801,perforated_perforated_0014.jpg,ood_test,test
dtd_1802,lined_lined_0117.jpg,ood_test,test
dtd_1803,veined_veined_0093.jpg,ood_test,test
dtd_1804,lined_lined_0103.jpg,ood_test,test
dtd_1805,blotchy_blotchy_0141.jpg,ood_test,test
dtd_1806,veined_veined_0087.jpg,ood_test,test
dtd_1807,swirly_swirly_0078.jpg,ood_test,test
dtd_1808,marbled_marbled_0075.jpg,ood_test,test
dtd_1809,braided_braided_0009.jpg,ood_test,test
dtd_1810,grooved_grooved_0122.jpg,ood_test,test
dtd_1811,chequered_chequered_0157.jpg,ood_test,test
dtd_1812,striped_striped_0123.jpg,ood_test,test
dtd_1813,matted_matted_0026.jpg,ood_test,test
dtd_1814,gauzy_gauzy_0195.jpg,ood_test,test
dtd_1815,pleated_pleated_0126.jpg,ood_test,test
dtd_1816,pitted_pitted_0128.jpg,ood_test,test
dtd_1817,cracked_cracked_0167.jpg,ood_test,test
dtd_1818,studded_studded_0109.jpg,ood_test,test
dtd_1819,frilly_frilly_0014.jpg,ood_test,test
dtd_1820,meshed_meshed_0138.jpg,ood_test,test
dtd_1821,pleated_pleated_0132.jpg,ood_test,test
dtd_1822,honeycombed_honeycombed_0092.jpg,ood_test,test
dtd_1823,zigzagged_zigzagged_0109.jpg,ood_test,test
dtd_1824,matted_matted_0032.jpg,ood_test,test
dtd_1825,gauzy_gauzy_0181.jpg,ood_test,test
dtd_1826,sprinkled_sprinkled_0084.jpg,ood_test,test
dtd_1827,porous_porous_0142.jpg,ood_test,test
dtd_1828,zigzagged_zigzagged_0121.jpg,ood_test,test
dtd_1829,scaly_scaly_0211.jpg,ood_test,test
dtd_1830,crosshatched_crosshatched_0122.jpg,ood_test,test
dtd_1831,studded_studded_0121.jpg,ood_test,test
dtd_1832,bumpy_bumpy_0122.jpg,ood_test,test
dtd_1833,pitted_pitted_0114.jpg,ood_test,test
dtd_1834,meshed_meshed_0110.jpg,ood_test,test
dtd_1835,bumpy_bumpy_0136.jpg,ood_test,test
dtd_1836,frilly_frilly_0028.jpg,ood_test,test
dtd_1837,pitted_pitted_0100.jpg,ood_test,test
dtd_1838,meshed_meshed_0104.jpg,ood_test,test
dtd_1839,studded_studded_0135.jpg,ood_test,test
dtd_1840,crosshatched_crosshatched_0136.jpg,ood_test,test
dtd_1841,porous_porous_0156.jpg,ood_test,test
dtd_1842,sprinkled_sprinkled_0090.jpg,ood_test,test
dtd_1843,scaly_scaly_0205.jpg,ood_test,test
dtd_1844,honeycombed_honeycombed_0045.jpg,ood_test,test
dtd_1845,stratified_stratified_0174.jpg,ood_test,test
dtd_1846,wrinkled_wrinkled_0072.jpg,ood_test,test
dtd_1847,gauzy_gauzy_0156.jpg,ood_test,test
dtd_1848,wrinkled_wrinkled_0066.jpg,ood_test,test
dtd_1849,gauzy_gauzy_0142.jpg,ood_test,test
dtd_1850,stratified_stratified_0160.jpg,ood_test,test
dtd_1851,honeycombed_honeycombed_0051.jpg,ood_test,test
dtd_1852,honeycombed_honeycombed_0079.jpg,ood_test,test
dtd_1853,stratified_stratified_0148.jpg,ood_test,test
dtd_1854,sprinkled_sprinkled_0047.jpg,ood_test,test
dtd_1855,sprinkled_sprinkled_0053.jpg,ood_test,test
dtd_1856,sprinkled_sprinkled_0045.jpg,ood_test,test
dtd_1857,gauzy_gauzy_0168.jpg,ood_test,test
dtd_1858,wrinkled_wrinkled_0058.jpg,ood_test,test
dtd_1859,sprinkled_sprinkled_0051.jpg,ood_test,test
dtd_1860,gauzy_gauzy_0154.jpg,ood_test,test
dtd_1861,wrinkled_wrinkled_0070.jpg,ood_test,test
dtd_1862,sprinkled_sprinkled_0079.jpg,ood_test,test
dtd_1863,honeycombed_honeycombed_0047.jpg,ood_test,test
dtd_1864,honeycombed_honeycombed_0053.jpg,ood_test,test
dtd_1865,stratified_stratified_0162.jpg,ood_test,test
dtd_1866,gauzy_gauzy_0140.jpg,ood_test,test
dtd_1867,knitted_knitted_0092.jpg,ood_test,test
dtd_1868,wrinkled_wrinkled_0064.jpg,ood_test,test
dtd_1869,meshed_meshed_0112.jpg,ood_test,test
dtd_1870,bumpy_bumpy_0120.jpg,ood_test,test
dtd_1871,pitted_pitted_0116.jpg,ood_test,test
dtd_1872,studded_studded_0123.jpg,ood_test,test
dtd_1873,cracked_cracked_0159.jpg,ood_test,test
dtd_1874,crosshatched_crosshatched_0120.jpg,ood_test,test
dtd_1875,knitted_knitted_0079.jpg,ood_test,test
dtd_1876,scaly_scaly_0213.jpg,ood_test,test
dtd_1877,zigzagged_zigzagged_0123.jpg,ood_test,test
dtd_1878,pleated_pleated_0118.jpg,ood_test,test
dtd_1879,porous_porous_0140.jpg,ood_test,test
dtd_1880,sprinkled_sprinkled_0086.jpg,ood_test,test
dtd_1881,scaly_scaly_0207.jpg,ood_test,test
dtd_1882,porous_porous_0154.jpg,ood_test,test
dtd_1883,crosshatched_crosshatched_0134.jpg,ood_test,test
dtd_1884,striped_striped_0109.jpg,ood_test,test
dtd_1885,studded_studded_0137.jpg,ood_test,test
dtd_1886,meshed_meshed_0106.jpg,ood_test,test
dtd_1887,bumpy_bumpy_0134.jpg,ood_test,test
dtd_1888,pitted_pitted_0102.jpg,ood_test,test
dtd_1889,cracked_cracked_0165.jpg,ood_test,test
dtd_1890,polka-dotted_polka-dotted_0032.jpg,ood_test,test
dtd_1891,frilly_frilly_0002.jpg,ood_test,test
dtd_1892,honeycombed_honeycombed_0084.jpg,ood_test,test
dtd_1893,pleated_pleated_0124.jpg,ood_test,test
dtd_1894,gauzy_gauzy_0197.jpg,ood_test,test
dtd_1895,matted_matted_0024.jpg,ood_test,test
dtd_1896,striped_striped_0121.jpg,ood_test,test
dtd_1897,crosshatched_crosshatched_0108.jpg,ood_test,test
dtd_1898,gauzy_gauzy_0183.jpg,ood_test,test
dtd_1899,matted_matted_0030.jpg,ood_test,test
dtd_1900,porous_porous_0168.jpg,ood_test,test
dtd_1901,pleated_pleated_0130.jpg,ood_test,test
dtd_1902,frilly_frilly_0016.jpg,ood_test,test
dtd_1903,bumpy_bumpy_0108.jpg,ood_test,test
dtd_1904,veined_veined_0091.jpg,ood_test,test
dtd_1905,lined_lined_0115.jpg,ood_test,test
dtd_1906,perforated_perforated_0016.jpg,ood_test,test
dtd_1907,grooved_grooved_0134.jpg,ood_test,test
dtd_1908,interlaced_interlaced_0047.jpg,ood_test,test
dtd_1909,chequered_chequered_0155.jpg,ood_test,test
dtd_1910,grooved_grooved_0120.jpg,ood_test,test
dtd_1911,lacelike_lacelike_0078.jpg,ood_test,test
dtd_1912,dotted_dotted_0056.jpg,ood_test,test
dtd_1913,veined_veined_0085.jpg,ood_test,test
dtd_1914,lined_lined_0101.jpg,ood_test,test
dtd_1915,lacelike_lacelike_0050.jpg,ood_test,test
dtd_1916,lined_lined_0129.jpg,ood_test,test
dtd_1917,grooved_grooved_0108.jpg,ood_test,test
dtd_1918,flecked_flecked_0153.jpg,ood_test,test
dtd_1919,flecked_flecked_0147.jpg,ood_test,test
dtd_1920,smeared_smeared_0149.jpg,ood_test,test
dtd_1921,chequered_chequered_0169.jpg,ood_test,test
dtd_1922,lacelike_lacelike_0044.jpg,ood_test,test
dtd_1923,paisley_paisley_0028.jpg,ood_test,test
dtd_1924,cobwebbed_cobwebbed_0156.jpg,ood_test,test
dtd_1925,bubbly_bubbly_0136.jpg,ood_test,test
dtd_1926,chequered_chequered_0182.jpg,ood_test,test
dtd_1927,grid_grid_0119.jpg,ood_test,test
dtd_1928,polka-dotted_polka-dotted_0218.jpg,ood_test,test
dtd_1929,bubbly_bubbly_0122.jpg,ood_test,test
dtd_1930,chequered_chequered_0196.jpg,ood_test,test
dtd_1931,cobwebbed_cobwebbed_0142.jpg,ood_test,test
dtd_1932,paisley_paisley_0014.jpg,ood_test,test
dtd_1933,lacelike_lacelike_0093.jpg,ood_test,test
dtd_1934,swirly_swirly_0091.jpg,ood_test,test
dtd_1935,grid_grid_0131.jpg,ood_test,test
dtd_1936,polka-dotted_polka-dotted_0230.jpg,ood_test,test
dtd_1937,freckled_freckled_0156.jpg,ood_test,test
dtd_1938,freckled_freckled_0142.jpg,ood_test,test
dtd_1939,marbled_marbled_0088.jpg,ood_test,test
dtd_1940,grid_grid_0125.jpg,ood_test,test
dtd_1941,swirly_swirly_0085.jpg,ood_test,test
dtd_1942,polka-dotted_polka-dotted_0224.jpg,ood_test,test
dtd_1943,lacelike_lacelike_0087.jpg,ood_test,test
dtd_1944,lined_lined_0061.jpg,ood_test,test
dtd_1945,dotted_dotted_0136.jpg,ood_test,test
dtd_1946,lacelike_lacelike_0118.jpg,ood_test,test
dtd_1947,perforated_perforated_0162.jpg,ood_test,test
dtd_1948,marbled_marbled_0117.jpg,ood_test,test
dtd_1949,interlaced_interlaced_0133.jpg,ood_test,test
dtd_1950,interlaced_interlaced_0127.jpg,ood_test,test
dtd_1951,bubbly_bubbly_0095.jpg,ood_test,test
dtd_1952,grooved_grooved_0054.jpg,ood_test,test
dtd_1953,marbled_marbled_0103.jpg,ood_test,test
dtd_1954,dotted_dotted_0122.jpg,ood_test,test
dtd_1955,lined_lined_0075.jpg,ood_test,test
dtd_1956,blotchy_blotchy_0037.jpg,ood_test,test
dtd_1957,braided_braided_0157.jpg,ood_test,test
dtd_1958,grid_grid_0086.jpg,ood_test,test
dtd_1959,swirly_swirly_0126.jpg,ood_test,test
dtd_1960,smeared_smeared_0029.jpg,ood_test,test
dtd_1961,swirly_swirly_0132.jpg,ood_test,test
dtd_1962,grid_grid_0092.jpg,ood_test,test
dtd_1963,braided_braided_0143.jpg,ood_test,test
dtd_1964,grooved_grooved_0068.jpg,ood_test,test
dtd_1965,scaly_scaly_0165.jpg,ood_test,test
dtd_1966,woven_woven_0017.jpg,ood_test,test
dtd_1967,veined_veined_0126.jpg,ood_test,test
dtd_1968,grooved_grooved_0083.jpg,ood_test,test
dtd_1969,bubbly_bubbly_0042.jpg,ood_test,test
dtd_1970,spiralled_spiralled_0025.jpg,ood_test,test
dtd_1971,grid_grid_0079.jpg,ood_test,test
dtd_1972,spiralled_spiralled_0031.jpg,ood_test,test
dtd_1973,grooved_grooved_0097.jpg,ood_test,test
dtd_1974,bubbly_bubbly_0056.jpg,ood_test,test
dtd_1975,woven_woven_0003.jpg,ood_test,test
dtd_1976,veined_veined_0132.jpg,ood_test,test
dtd_1977,scaly_scaly_0171.jpg,ood_test,test
dtd_1978,scaly_scaly_0159.jpg,ood_test,test
dtd_1979,potholed_potholed_0150.jpg,ood_test,test
dtd_1980,spiralled_spiralled_0019.jpg,ood_test,test
dtd_1981,grid_grid_0045.jpg,ood_test,test
dtd_1982,braided_braided_0194.jpg,ood_test,test
dtd_1983,braided_braided_0180.jpg,ood_test,test
dtd_1984,grid_grid_0051.jpg,ood_test,test
dtd_1985,potholed_potholed_0144.jpg,ood_test,test
dtd_1986,zigzagged_zigzagged_0094.jpg,ood_test,test
dtd_1987,sprinkled_sprinkled_0131.jpg,ood_test,test
dtd_1988,stained_stained_0024.jpg,ood_test,test
dtd_1989,wrinkled_wrinkled_0138.jpg,ood_test,test
dtd_1990,crosshatched_crosshatched_0097.jpg,ood_test,test
dtd_1991,crosshatched_crosshatched_0083.jpg,ood_test,test
dtd_1992,gauzy_gauzy_0008.jpg,ood_test,test
dtd_1993,zigzagged_zigzagged_0080.jpg,ood_test,test
dtd_1994,sprinkled_sprinkled_0125.jpg,ood_test,test
dtd_1995,stained_stained_0030.jpg,ood_test,test
dtd_1996,waffled_waffled_0169.jpg,ood_test,test
dtd_1997,waffled_waffled_0141.jpg,ood_test,test
dtd_1998,crystalline_crystalline_0107.jpg,ood_test,test
dtd_1999,polka-dotted_polka-dotted_0185.jpg,ood_test,test
dtd_2000,meshed_meshed_0099.jpg,ood_test,test
dtd_2001,wrinkled_wrinkled_0104.jpg,ood_test,test
dtd_2002,striped_striped_0096.jpg,ood_test,test
dtd_2003,honeycombed_honeycombed_0133.jpg,ood_test,test
dtd_2004,honeycombed_honeycombed_0127.jpg,ood_test,test
dtd_2005,sprinkled_sprinkled_0119.jpg,ood_test,test
dtd_2006,pleated_pleated_0087.jpg,ood_test,test
dtd_2007,wrinkled_wrinkled_0110.jpg,ood_test,test
dtd_2008,striped_striped_0082.jpg,ood_test,test
dtd_2009,waffled_waffled_0155.jpg,ood_test,test
dtd_2010,polka-dotted_polka-dotted_0191.jpg,ood_test,test
dtd_2011,crystalline_crystalline_0113.jpg,ood_test,test
dtd_2012,pitted_pitted_0089.jpg,ood_test,test
dtd_2013,pitted_pitted_0062.jpg,ood_test,test
dtd_2014,striped_striped_0069.jpg,ood_test,test
dtd_2015,crosshatched_crosshatched_0054.jpg,ood_test,test
dtd_2016,zigzagged_zigzagged_0057.jpg,ood_test,test
dtd_2017,zigzagged_zigzagged_0043.jpg,ood_test,test
dtd_2018,knitted_knitted_0119.jpg,ood_test,test
dtd_2019,pitted_pitted_0076.jpg,ood_test,test
dtd_2020,meshed_meshed_0072.jpg,ood_test,test
dtd_2021,waffled_waffled_0182.jpg,ood_test,test
dtd_2022,polka-dotted_polka-dotted_0146.jpg,ood_test,test
dtd_2023,pleated_pleated_0050.jpg,ood_test,test
dtd_2024,fibrous_fibrous_0132.jpg,ood_test,test
dtd_2025,striped_striped_0055.jpg,ood_test,test
dtd_2026,matted_matted_0150.jpg,ood_test,test
dtd_2027,knitted_knitted_0131.jpg,ood_test,test
dtd_2028,matted_matted_0144.jpg,ood_test,test
dtd_2029,striped_striped_0041.jpg,ood_test,test
dtd_2030,knitted_knitted_0125.jpg,ood_test,test
dtd_2031,pleated_pleated_0044.jpg,ood_test,test
dtd_2032,fibrous_fibrous_0126.jpg,ood_test,test
dtd_2033,waffled_waffled_0196.jpg,ood_test,test
dtd_2034,polka-dotted_polka-dotted_0152.jpg,ood_test,test
dtd_2035,fibrous_fibrous_0127.jpg,ood_test,test
dtd_2036,pleated_pleated_0045.jpg,ood_test,test
dtd_2037,knitted_knitted_0124.jpg,ood_test,test
dtd_2038,matted_matted_0145.jpg,ood_test,test
dtd_2039,striped_striped_0040.jpg,ood_test,test
dtd_2040,cracked_cracked_0004.jpg,ood_test,test
dtd_2041,polka-dotted_polka-dotted_0153.jpg,ood_test,test
dtd_2042,waffled_waffled_0197.jpg,ood_test,test
dtd_2043,polka-dotted_polka-dotted_0147.jpg,ood_test,test
dtd_2044,waffled_waffled_0183.jpg,ood_test,test
dtd_2045,crosshatched_crosshatched_0069.jpg,ood_test,test
dtd_2046,knitted_knitted_0130.jpg,ood_test,test
dtd_2047,striped_striped_0054.jpg,ood_test,test
dtd_2048,matted_matted_0151.jpg,ood_test,test
dtd_2049,fibrous_fibrous_0133.jpg,ood_test,test
dtd_2050,pleated_pleated_0051.jpg,ood_test,test
dtd_2051,knitted_knitted_0118.jpg,ood_test,test
dtd_2052,zigzagged_zigzagged_0042.jpg,ood_test,test
dtd_2053,pleated_pleated_0079.jpg,ood_test,test
dtd_2054,pitted_pitted_0077.jpg,ood_test,test
dtd_2055,zigzagged_zigzagged_0056.jpg,ood_test,test
dtd_2056,crosshatched_crosshatched_0055.jpg,ood_test,test
dtd_2057,striped_striped_0068.jpg,ood_test,test
dtd_2058,striped_striped_0083.jpg,ood_test,test
dtd_2059,wrinkled_wrinkled_0111.jpg,ood_test,test
dtd_2060,pleated_pleated_0086.jpg,ood_test,test
dtd_2061,sprinkled_sprinkled_0118.jpg,ood_test,test
dtd_2062,honeycombed_honeycombed_0126.jpg,ood_test,test
dtd_2063,polka-dotted_polka-dotted_0190.jpg,ood_test,test
dtd_2064,crystalline_crystalline_0112.jpg,ood_test,test
dtd_2065,waffled_waffled_0154.jpg,ood_test,test
dtd_2066,meshed_meshed_0098.jpg,ood_test,test
dtd_2067,crystalline_crystalline_0106.jpg,ood_test,test
dtd_2068,polka-dotted_polka-dotted_0184.jpg,ood_test,test
dtd_2069,pleated_pleated_0092.jpg,ood_test,test
dtd_2070,honeycombed_honeycombed_0132.jpg,ood_test,test
dtd_2071,striped_striped_0097.jpg,ood_test,test
dtd_2072,wrinkled_wrinkled_0105.jpg,ood_test,test
dtd_2073,stained_stained_0031.jpg,ood_test,test
dtd_2074,sprinkled_sprinkled_0124.jpg,ood_test,test
dtd_2075,zigzagged_zigzagged_0081.jpg,ood_test,test
dtd_2076,crosshatched_crosshatched_0082.jpg,ood_test,test
dtd_2077,waffled_waffled_0168.jpg,ood_test,test
dtd_2078,crosshatched_crosshatched_0096.jpg,ood_test,test
dtd_2079,wrinkled_wrinkled_0139.jpg,ood_test,test
dtd_2080,stained_stained_0025.jpg,ood_test,test
dtd_2081,sprinkled_sprinkled_0130.jpg,ood_test,test
dtd_2082,zigzagged_zigzagged_0095.jpg,ood_test,test
dtd_2083,grid_grid_0050.jpg,ood_test,test
dtd_2084,braided_braided_0181.jpg,ood_test,test
dtd_2085,potholed_potholed_0145.jpg,ood_test,test
dtd_2086,potholed_potholed_0151.jpg,ood_test,test
dtd_2087,scaly_scaly_0158.jpg,ood_test,test
dtd_2088,braided_braided_0195.jpg,ood_test,test
dtd_2089,grid_grid_0044.jpg,ood_test,test
dtd_2090,spiralled_spiralled_0018.jpg,ood_test,test
dtd_2091,grooved_grooved_0096.jpg,ood_test,test
dtd_2092,spiralled_spiralled_0030.jpg,ood_test,test
dtd_2093,banded_banded_0016.jpg,ood_test,test
dtd_2094,scaly_scaly_0170.jpg,ood_test,test
dtd_2095,veined_veined_0133.jpg,ood_test,test
dtd_2096,woven_woven_0002.jpg,ood_test,test
dtd_2097,veined_veined_0127.jpg,ood_test,test
dtd_2098,woven_woven_0016.jpg,ood_test,test
dtd_2099,banded_banded_0002.jpg,ood_test,test
dtd_2100,scaly_scaly_0164.jpg,ood_test,test
dtd_2101,grid_grid_0078.jpg,ood_test,test
dtd_2102,bubbly_bubbly_0043.jpg,ood_test,test
dtd_2103,grooved_grooved_0082.jpg,ood_test,test
dtd_2104,braided_braided_0142.jpg,ood_test,test
dtd_2105,grid_grid_0093.jpg,ood_test,test
dtd_2106,swirly_swirly_0133.jpg,ood_test,test
dtd_2107,smeared_smeared_0028.jpg,ood_test,test
dtd_2108,swirly_swirly_0127.jpg,ood_test,test
dtd_2109,grid_grid_0087.jpg,ood_test,test
dtd_2110,braided_braided_0156.jpg,ood_test,test
dtd_2111,marbled_marbled_0102.jpg,ood_test,test
dtd_2112,grooved_grooved_0055.jpg,ood_test,test
dtd_2113,interlaced_interlaced_0126.jpg,ood_test,test
dtd_2114,blotchy_blotchy_0036.jpg,ood_test,test
dtd_2115,lined_lined_0074.jpg,ood_test,test
dtd_2116,dotted_dotted_0123.jpg,ood_test,test
dtd_2117,perforated_perforated_0163.jpg,ood_test,test
dtd_2118,lacelike_lacelike_0119.jpg,ood_test,test
dtd_2119,dotted_dotted_0137.jpg,ood_test,test
dtd_2120,blotchy_blotchy_0022.jpg,ood_test,test
dtd_2121,bubbly_bubbly_0080.jpg,ood_test,test
dtd_2122,interlaced_interlaced_0132.jpg,ood_test,test
dtd_2123,marbled_marbled_0116.jpg,ood_test,test
dtd_2124,swirly_swirly_0084.jpg,ood_test,test
dtd_2125,grid_grid_0124.jpg,ood_test,test
dtd_2126,marbled_marbled_0089.jpg,ood_test,test
dtd_2127,freckled_freckled_0143.jpg,ood_test,test
dtd_2128,lacelike_lacelike_0086.jpg,ood_test,test
dtd_2129,paisley_paisley_0001.jpg,ood_test,test
dtd_2130,lacelike_lacelike_0092.jpg,ood_test,test
dtd_2131,paisley_paisley_0015.jpg,ood_test,test
dtd_2132,freckled_freckled_0157.jpg,ood_test,test
dtd_2133,polka-dotted_polka-dotted_0231.jpg,ood_test,test
dtd_2134,grid_grid_0130.jpg,ood_test,test
dtd_2135,chequered_chequered_0197.jpg,ood_test,test
dtd_2136,bubbly_bubbly_0123.jpg,ood_test,test
dtd_2137,grid_grid_0118.jpg,ood_test,test
dtd_2138,dotted_dotted_0094.jpg,ood_test,test
dtd_2139,cobwebbed_cobwebbed_0143.jpg,ood_test,test
dtd_2140,cobwebbed_cobwebbed_0157.jpg,ood_test,test
dtd_2141,paisley_paisley_0029.jpg,ood_test,test
dtd_2142,chequered_chequered_0183.jpg,ood_test,test
dtd_2143,bubbly_bubbly_0137.jpg,ood_test,test
dtd_2144,smeared_smeared_0148.jpg,ood_test,test
dtd_2145,flecked_flecked_0146.jpg,ood_test,test
dtd_2146,lacelike_lacelike_0045.jpg,ood_test,test
dtd_2147,lined_lined_0128.jpg,ood_test,test
dtd_2148,lacelike_lacelike_0051.jpg,ood_test,test
dtd_2149,flecked_flecked_0152.jpg,ood_test,test
dtd_2150,grooved_grooved_0109.jpg,ood_test,test
dtd_2151,marbled_marbled_0076.jpg,ood_test,test
dtd_2152,interlaced_interlaced_0052.jpg,ood_test,test
dtd_2153,grooved_grooved_0121.jpg,ood_test,test
dtd_2154,lacelike_lacelike_0079.jpg,ood_test,test
dtd_2155,perforated_perforated_0003.jpg,ood_test,test
dtd_2156,lined_lined_0114.jpg,ood_test,test
dtd_2157,veined_veined_0090.jpg,ood_test,test
dtd_2158,chequered_chequered_0140.jpg,ood_test,test
dtd_2159,grooved_grooved_0135.jpg,ood_test,test
dtd_2160,pleated_pleated_0131.jpg,ood_test,test
dtd_2161,porous_porous_0169.jpg,ood_test,test
dtd_2162,matted_matted_0031.jpg,ood_test,test
dtd_2163,gauzy_gauzy_0182.jpg,ood_test,test
dtd_2164,crosshatched_crosshatched_0109.jpg,ood_test,test
dtd_2165,frilly_frilly_0017.jpg,ood_test,test
dtd_2166,bumpy_bumpy_0109.jpg,ood_test,test
dtd_2167,frilly_frilly_0003.jpg,ood_test,test
dtd_2168,cracked_cracked_0164.jpg,ood_test,test
dtd_2169,matted_matted_0025.jpg,ood_test,test
dtd_2170,striped_striped_0120.jpg,ood_test,test
dtd_2171,gauzy_gauzy_0196.jpg,ood_test,test
dtd_2172,pleated_pleated_0125.jpg,ood_test,test
dtd_2173,honeycombed_honeycombed_0085.jpg,ood_test,test
dtd_2174,striped_striped_0108.jpg,ood_test,test
dtd_2175,crosshatched_crosshatched_0135.jpg,ood_test,test
dtd_2176,porous_porous_0155.jpg,ood_test,test
dtd_2177,sprinkled_sprinkled_0093.jpg,ood_test,test
dtd_2178,scaly_scaly_0206.jpg,ood_test,test
dtd_2179,pitted_pitted_0103.jpg,ood_test,test
dtd_2180,bumpy_bumpy_0135.jpg,ood_test,test
dtd_2181,meshed_meshed_0107.jpg,ood_test,test
dtd_2182,studded_studded_0136.jpg,ood_test,test
dtd_2183,cracked_cracked_0158.jpg,ood_test,test
dtd_2184,studded_studded_0122.jpg,ood_test,test
dtd_2185,pitted_pitted_0117.jpg,ood_test,test
dtd_2186,bumpy_bumpy_0121.jpg,ood_test,test
dtd_2187,meshed_meshed_0113.jpg,ood_test,test
dtd_2188,porous_porous_0141.jpg,ood_test,test
dtd_2189,pleated_pleated_0119.jpg,ood_test,test
dtd_2190,scaly_scaly_0212.jpg,ood_test,test
dtd_2191,zigzagged_zigzagged_0122.jpg,ood_test,test
dtd_2192,crosshatched_crosshatched_0121.jpg,ood_test,test
dtd_2193,wrinkled_wrinkled_0065.jpg,ood_test,test
dtd_2194,knitted_knitted_0093.jpg,ood_test,test
dtd_2195,gauzy_gauzy_0141.jpg,ood_test,test
dtd_2196,stratified_stratified_0163.jpg,ood_test,test
dtd_2197,honeycombed_honeycombed_0052.jpg,ood_test,test
dtd_2198,honeycombed_honeycombed_0046.jpg,ood_test,test
dtd_2199,sprinkled_sprinkled_0078.jpg,ood_test,test
dtd_2200,wrinkled_wrinkled_0071.jpg,ood_test,test
dtd_2201,knitted_knitted_0087.jpg,ood_test,test
dtd_2202,gauzy_gauzy_0155.jpg,ood_test,test
dtd_2203,wrinkled_wrinkled_0059.jpg,ood_test,test
dtd_2204,gauzy_gauzy_0169.jpg,ood_test,test
dtd_2205,sprinkled_sprinkled_0044.jpg,ood_test,test
dtd_2206,gauzy_gauzy_0151.jpg,ood_test,test
dtd_2207,knitted_knitted_0083.jpg,ood_test,test
dtd_2208,stratified_stratified_0173.jpg,ood_test,test
dtd_2209,honeycombed_honeycombed_0042.jpg,ood_test,test
dtd_2210,sprinkled_sprinkled_0068.jpg,ood_test,test
dtd_2211,stratified_stratified_0167.jpg,ood_test,test
dtd_2212,gauzy_gauzy_0145.jpg,ood_test,test
dtd_2213,knitted_knitted_0097.jpg,ood_test,test
dtd_2214,sprinkled_sprinkled_0040.jpg,ood_test,test
dtd_2215,wrinkled_wrinkled_0049.jpg,ood_test,test
dtd_2216,gauzy_gauzy_0179.jpg,ood_test,test
dtd_2217,sprinkled_sprinkled_0054.jpg,ood_test,test
dtd_2218,honeycombed_honeycombed_0081.jpg,ood_test,test
dtd_2219,pleated_pleated_0121.jpg,ood_test,test
dtd_2220,crosshatched_crosshatched_0119.jpg,ood_test,test
dtd_2221,striped_striped_0124.jpg,ood_test,test
dtd_2222,gauzy_gauzy_0192.jpg,ood_test,test
dtd_2223,cracked_cracked_0160.jpg,ood_test,test
dtd_2224,frilly_frilly_0007.jpg,ood_test,test
dtd_2225,bumpy_bumpy_0119.jpg,ood_test,test
dtd_2226,frilly_frilly_0013.jpg,ood_test,test
dtd_2227,gauzy_gauzy_0186.jpg,ood_test,test
dtd_2228,honeycombed_honeycombed_0095.jpg,ood_test,test
dtd_2229,pleated_pleated_0135.jpg,ood_test,test
dtd_2230,crosshatched_crosshatched_0125.jpg,ood_test,test
dtd_2231,striped_striped_0118.jpg,ood_test,test
dtd_2232,zigzagged_zigzagged_0126.jpg,ood_test,test
dtd_2233,scaly_scaly_0216.jpg,ood_test,test
dtd_2234,porous_porous_0145.jpg,ood_test,test
dtd_2235,meshed_meshed_0117.jpg,ood_test,test
dtd_2236,bumpy_bumpy_0125.jpg,ood_test,test
dtd_2237,pitted_pitted_0113.jpg,ood_test,test
dtd_2238,studded_studded_0126.jpg,ood_test,test
dtd_2239,cracked_cracked_0148.jpg,ood_test,test
dtd_2240,studded_studded_0132.jpg,ood_test,test
dtd_2241,meshed_meshed_0103.jpg,ood_test,test
dtd_2242,bumpy_bumpy_0131.jpg,ood_test,test
dtd_2243,pitted_pitted_0107.jpg,ood_test,test
dtd_2244,scaly_scaly_0202.jpg,ood_test,test
dtd_2245,zigzagged_zigzagged_0132.jpg,ood_test,test
dtd_2246,pleated_pleated_0109.jpg,ood_test,test
dtd_2247,sprinkled_sprinkled_0097.jpg,ood_test,test
dtd_2248,porous_porous_0151.jpg,ood_test,test
dtd_2249,crosshatched_crosshatched_0131.jpg,ood_test,test
dtd_2250,chequered_chequered_0178.jpg,ood_test,test
dtd_2251,flecked_flecked_0156.jpg,ood_test,test
dtd_2252,swirly_swirly_0057.jpg,ood_test,test
dtd_2253,lacelike_lacelike_0055.jpg,ood_test,test
dtd_2254,lined_lined_0138.jpg,ood_test,test
dtd_2255,lacelike_lacelike_0041.jpg,ood_test,test
dtd_2256,flecked_flecked_0142.jpg,ood_test,test
dtd_2257,grooved_grooved_0119.jpg,ood_test,test
dtd_2258,grooved_grooved_0131.jpg,ood_test,test
dtd_2259,veined_veined_0094.jpg,ood_test,test
dtd_2260,lined_lined_0110.jpg,ood_test,test
dtd_2261,lacelike_lacelike_0069.jpg,ood_test,test
dtd_2262,perforated_perforated_0013.jpg,ood_test,test
dtd_2263,dotted_dotted_0047.jpg,ood_test,test
dtd_2264,dotted_dotted_0053.jpg,ood_test,test
dtd_2265,lined_lined_0104.jpg,ood_test,test
dtd_2266,chequered_chequered_0150.jpg,ood_test,test
dtd_2267,grooved_grooved_0125.jpg,ood_test,test
dtd_2268,marbled_marbled_0072.jpg,ood_test,test
dtd_2269,swirly_swirly_0094.jpg,ood_test,test
dtd_2270,grid_grid_0134.jpg,ood_test,test
dtd_2271,marbled_marbled_0099.jpg,ood_test,test
dtd_2272,freckled_freckled_0153.jpg,ood_test,test
dtd_2273,paisley_paisley_0011.jpg,ood_test,test
dtd_2274,lacelike_lacelike_0096.jpg,ood_test,test
dtd_2275,paisley_paisley_0005.jpg,ood_test,test
dtd_2276,lacelike_lacelike_0082.jpg,ood_test,test
dtd_2277,freckled_freckled_0147.jpg,ood_test,test
dtd_2278,grid_grid_0120.jpg,ood_test,test
dtd_2279,swirly_swirly_0080.jpg,ood_test,test
dtd_2280,polka-dotted_polka-dotted_0221.jpg,ood_test,test
dtd_2281,interlaced_interlaced_0081.jpg,ood_test,test
dtd_2282,bubbly_bubbly_0133.jpg,ood_test,test
dtd_2283,chequered_chequered_0187.jpg,ood_test,test
dtd_2284,grid_grid_0108.jpg,ood_test,test
dtd_2285,polka-dotted_polka-dotted_0209.jpg,ood_test,test
dtd_2286,cobwebbed_cobwebbed_0153.jpg,ood_test,test
dtd_2287,cobwebbed_cobwebbed_0147.jpg,ood_test,test
dtd_2288,dotted_dotted_0090.jpg,ood_test,test
dtd_2289,paisley_paisley_0039.jpg,ood_test,test
dtd_2290,spiralled_spiralled_0140.jpg,ood_test,test
dtd_2291,bubbly_bubbly_0127.jpg,ood_test,test
dtd_2292,chequered_chequered_0193.jpg,ood_test,test
dtd_2293,grooved_grooved_0079.jpg,ood_test,test
dtd_2294,braided_braided_0152.jpg,ood_test,test
dtd_2295,grid_grid_0083.jpg,ood_test,test
dtd_2296,swirly_swirly_0123.jpg,ood_test,test
dtd_2297,lacelike_lacelike_0121.jpg,ood_test,test
dtd_2298,lined_lined_0058.jpg,ood_test,test
dtd_2299,swirly_swirly_0137.jpg,ood_test,test
dtd_2300,grid_grid_0097.jpg,ood_test,test
dtd_2301,smeared_smeared_0038.jpg,ood_test,test
dtd_2302,braided_braided_0146.jpg,ood_test,test
dtd_2303,marbled_marbled_0112.jpg,ood_test,test
dtd_2304,interlaced_interlaced_0136.jpg,ood_test,test
dtd_2305,bubbly_bubbly_0084.jpg,ood_test,test
dtd_2306,grooved_grooved_0045.jpg,ood_test,test
dtd_2307,blotchy_blotchy_0026.jpg,ood_test,test
dtd_2308,dotted_dotted_0133.jpg,ood_test,test
dtd_2309,perforated_perforated_0167.jpg,ood_test,test
dtd_2310,dotted_dotted_0127.jpg,ood_test,test
dtd_2311,lacelike_lacelike_0109.jpg,ood_test,test
dtd_2312,blotchy_blotchy_0032.jpg,ood_test,test
dtd_2313,bubbly_bubbly_0090.jpg,ood_test,test
dtd_2314,interlaced_interlaced_0122.jpg,ood_test,test
dtd_2315,grooved_grooved_0051.jpg,ood_test,test
dtd_2316,marbled_marbled_0106.jpg,ood_test,test
dtd_2317,grid_grid_0040.jpg,ood_test,test
dtd_2318,braided_braided_0191.jpg,ood_test,test
dtd_2319,potholed_potholed_0155.jpg,ood_test,test
dtd_2320,potholed_potholed_0141.jpg,ood_test,test
dtd_2321,scaly_scaly_0148.jpg,ood_test,test
dtd_2322,braided_braided_0185.jpg,ood_test,test
dtd_2323,grooved_grooved_0086.jpg,ood_test,test
dtd_2324,spiralled_spiralled_0020.jpg,ood_test,test
dtd_2325,potholed_potholed_0169.jpg,ood_test,test
dtd_2326,banded_banded_0006.jpg,ood_test,test
dtd_2327,scaly_scaly_0160.jpg,ood_test,test
dtd_2328,veined_veined_0123.jpg,ood_test,test
dtd_2329,woven_woven_0012.jpg,ood_test,test
dtd_2330,veined_veined_0137.jpg,ood_test,test
dtd_2331,banded_banded_0012.jpg,ood_test,test
dtd_2332,scaly_scaly_0174.jpg,ood_test,test
dtd_2333,spiralled_spiralled_0034.jpg,ood_test,test
dtd_2334,grid_grid_0068.jpg,ood_test,test
dtd_2335,grooved_grooved_0092.jpg,ood_test,test
dtd_2336,bubbly_bubbly_0053.jpg,ood_test,test
dtd_2337,wrinkled_wrinkled_0101.jpg,ood_test,test
dtd_2338,striped_striped_0093.jpg,ood_test,test
dtd_2339,honeycombed_honeycombed_0136.jpg,ood_test,test
dtd_2340,sprinkled_sprinkled_0108.jpg,ood_test,test
dtd_2341,pleated_pleated_0096.jpg,ood_test,test
dtd_2342,waffled_waffled_0144.jpg,ood_test,test
dtd_2343,polka-dotted_polka-dotted_0180.jpg,ood_test,test
dtd_2344,crystalline_crystalline_0102.jpg,ood_test,test
dtd_2345,waffled_waffled_0150.jpg,ood_test,test
dtd_2346,crystalline_crystalline_0116.jpg,ood_test,test
dtd_2347,honeycombed_honeycombed_0122.jpg,ood_test,test
dtd_2348,pleated_pleated_0082.jpg,ood_test,test
dtd_2349,wrinkled_wrinkled_0115.jpg,ood_test,test
dtd_2350,striped_striped_0087.jpg,ood_test,test
dtd_2351,zigzagged_zigzagged_0091.jpg,ood_test,test
dtd_2352,sprinkled_sprinkled_0134.jpg,ood_test,test
dtd_2353,crosshatched_crosshatched_0092.jpg,ood_test,test
dtd_2354,waffled_waffled_0178.jpg,ood_test,test
dtd_2355,bumpy_bumpy_0092.jpg,ood_test,test
dtd_2356,wrinkled_wrinkled_0129.jpg,ood_test,test
dtd_2357,zigzagged_zigzagged_0085.jpg,ood_test,test
dtd_2358,stained_stained_0035.jpg,ood_test,test
dtd_2359,sprinkled_sprinkled_0120.jpg,ood_test,test
dtd_2360,fibrous_fibrous_0137.jpg,ood_test,test
dtd_2361,knitted_knitted_0134.jpg,ood_test,test
dtd_2362,matted_matted_0155.jpg,ood_test,test
dtd_2363,striped_striped_0050.jpg,ood_test,test
dtd_2364,waffled_waffled_0187.jpg,ood_test,test
dtd_2365,polka-dotted_polka-dotted_0143.jpg,ood_test,test
dtd_2366,bumpy_bumpy_0079.jpg,ood_test,test
dtd_2367,waffled_waffled_0193.jpg,ood_test,test
dtd_2368,polka-dotted_polka-dotted_0157.jpg,ood_test,test
dtd_2369,knitted_knitted_0120.jpg,ood_test,test
dtd_2370,striped_striped_0044.jpg,ood_test,test
dtd_2371,matted_matted_0141.jpg,ood_test,test
dtd_2372,crosshatched_crosshatched_0079.jpg,ood_test,test
dtd_2373,fibrous_fibrous_0123.jpg,ood_test,test
dtd_2374,knitted_knitted_0108.jpg,ood_test,test
dtd_2375,crosshatched_crosshatched_0051.jpg,ood_test,test
dtd_2376,pleated_pleated_0069.jpg,ood_test,test
dtd_2377,zigzagged_zigzagged_0052.jpg,ood_test,test
dtd_2378,pitted_pitted_0073.jpg,ood_test,test
dtd_2379,zigzagged_zigzagged_0046.jpg,ood_test,test
dtd_2380,striped_striped_0078.jpg,ood_test,test
dtd_2381,crosshatched_crosshatched_0045.jpg,ood_test,test
dtd_2382,meshed_meshed_0076.jpg,ood_test,test
dtd_2383,pitted_pitted_0072.jpg,ood_test,test
dtd_2384,crosshatched_crosshatched_0044.jpg,ood_test,test
dtd_2385,striped_striped_0079.jpg,ood_test,test
dtd_2386,zigzagged_zigzagged_0047.jpg,ood_test,test
dtd_2387,zigzagged_zigzagged_0053.jpg,ood_test,test
dtd_2388,pleated_pleated_0068.jpg,ood_test,test
dtd_2389,crosshatched_crosshatched_0050.jpg,ood_test,test
dtd_2390,knitted_knitted_0109.jpg,ood_test,test
dtd_2391,polka-dotted_polka-dotted_0156.jpg,ood_test,test
dtd_2392,waffled_waffled_0192.jpg,ood_test,test
dtd_2393,fibrous_fibrous_0122.jpg,ood_test,test
dtd_2394,crosshatched_crosshatched_0078.jpg,ood_test,test
dtd_2395,striped_striped_0045.jpg,ood_test,test
dtd_2396,matted_matted_0140.jpg,ood_test,test
dtd_2397,knitted_knitted_0121.jpg,ood_test,test
dtd_2398,matted_matted_0154.jpg,ood_test,test
dtd_2399,striped_striped_0051.jpg,ood_test,test
dtd_2400,knitted_knitted_0135.jpg,ood_test,test
dtd_2401,fibrous_fibrous_0136.jpg,ood_test,test
dtd_2402,pleated_pleated_0054.jpg,ood_test,test
dtd_2403,polka-dotted_polka-dotted_0142.jpg,ood_test,test
dtd_2404,waffled_waffled_0186.jpg,ood_test,test
dtd_2405,sprinkled_sprinkled_0121.jpg,ood_test,test
dtd_2406,stained_stained_0034.jpg,ood_test,test
dtd_2407,zigzagged_zigzagged_0084.jpg,ood_test,test
dtd_2408,wrinkled_wrinkled_0128.jpg,ood_test,test
dtd_2409,crosshatched_crosshatched_0093.jpg,ood_test,test
dtd_2410,sprinkled_sprinkled_0135.jpg,ood_test,test
dtd_2411,zigzagged_zigzagged_0090.jpg,ood_test,test
dtd_2412,waffled_waffled_0179.jpg,ood_test,test
dtd_2413,crystalline_crystalline_0117.jpg,ood_test,test
dtd_2414,polka-dotted_polka-dotted_0195.jpg,ood_test,test
dtd_2415,waffled_waffled_0151.jpg,ood_test,test
dtd_2416,meshed_meshed_0089.jpg,ood_test,test
dtd_2417,striped_striped_0086.jpg,ood_test,test
dtd_2418,wrinkled_wrinkled_0114.jpg,ood_test,test
dtd_2419,pleated_pleated_0083.jpg,ood_test,test
dtd_2420,honeycombed_honeycombed_0123.jpg,ood_test,test
dtd_2421,pleated_pleated_0097.jpg,ood_test,test
dtd_2422,sprinkled_sprinkled_0109.jpg,ood_test,test
dtd_2423,honeycombed_honeycombed_0137.jpg,ood_test,test
dtd_2424,striped_striped_0092.jpg,ood_test,test
dtd_2425,wrinkled_wrinkled_0100.jpg,ood_test,test
dtd_2426,polka-dotted_polka-dotted_0181.jpg,ood_test,test
dtd_2427,crystalline_crystalline_0103.jpg,ood_test,test
dtd_2428,waffled_waffled_0145.jpg,ood_test,test
dtd_2429,scaly_scaly_0175.jpg,ood_test,test
dtd_2430,banded_banded_0013.jpg,ood_test,test
dtd_2431,woven_woven_0007.jpg,ood_test,test
dtd_2432,veined_veined_0136.jpg,ood_test,test
dtd_2433,bubbly_bubbly_0052.jpg,ood_test,test
dtd_2434,grooved_grooved_0093.jpg,ood_test,test
dtd_2435,grid_grid_0069.jpg,ood_test,test
dtd_2436,spiralled_spiralled_0035.jpg,ood_test,test
dtd_2437,bubbly_bubbly_0046.jpg,ood_test,test
dtd_2438,grooved_grooved_0087.jpg,ood_test,test
dtd_2439,woven_woven_0013.jpg,ood_test,test
dtd_2440,veined_veined_0122.jpg,ood_test,test
dtd_2441,scaly_scaly_0161.jpg,ood_test,test
dtd_2442,potholed_potholed_0168.jpg,ood_test,test
dtd_2443,scaly_scaly_0149.jpg,ood_test,test
dtd_2444,potholed_potholed_0140.jpg,ood_test,test
dtd_2445,grid_grid_0055.jpg,ood_test,test
dtd_2446,spiralled_spiralled_0009.jpg,ood_test,test
dtd_2447,braided_braided_0184.jpg,ood_test,test
dtd_2448,braided_braided_0190.jpg,ood_test,test
dtd_2449,grid_grid_0041.jpg,ood_test,test
dtd_2450,potholed_potholed_0154.jpg,ood_test,test
dtd_2451,blotchy_blotchy_0033.jpg,ood_test,test
dtd_2452,lined_lined_0071.jpg,ood_test,test
dtd_2453,lacelike_lacelike_0108.jpg,ood_test,test
dtd_2454,perforated_perforated_0172.jpg,ood_test,test
dtd_2455,dotted_dotted_0126.jpg,ood_test,test
dtd_2456,marbled_marbled_0107.jpg,ood_test,test
dtd_2457,grooved_grooved_0050.jpg,ood_test,test
dtd_2458,bubbly_bubbly_0091.jpg,ood_test,test
dtd_2459,interlaced_interlaced_0123.jpg,ood_test,test
dtd_2460,interlaced_interlaced_0137.jpg,ood_test,test
dtd_2461,marbled_marbled_0113.jpg,ood_test,test
dtd_2462,perforated_perforated_0166.jpg,ood_test,test
dtd_2463,dotted_dotted_0132.jpg,ood_test,test
dtd_2464,blotchy_blotchy_0027.jpg,ood_test,test
dtd_2465,lined_lined_0065.jpg,ood_test,test
dtd_2466,braided_braided_0147.jpg,ood_test,test
dtd_2467,smeared_smeared_0039.jpg,ood_test,test
dtd_2468,swirly_swirly_0136.jpg,ood_test,test
dtd_2469,swirly_swirly_0122.jpg,ood_test,test
dtd_2470,grid_grid_0082.jpg,ood_test,test
dtd_2471,braided_braided_0153.jpg,ood_test,test
dtd_2472,grooved_grooved_0078.jpg,ood_test,test
dtd_2473,lined_lined_0059.jpg,ood_test,test
dtd_2474,lacelike_lacelike_0120.jpg,ood_test,test
dtd_2475,dotted_dotted_0091.jpg,ood_test,test
dtd_2476,cobwebbed_cobwebbed_0146.jpg,ood_test,test
dtd_2477,chequered_chequered_0192.jpg,ood_test,test
dtd_2478,bubbly_bubbly_0126.jpg,ood_test,test
dtd_2479,polka-dotted_polka-dotted_0208.jpg,ood_test,test
dtd_2480,grid_grid_0109.jpg,ood_test,test
dtd_2481,chequered_chequered_0186.jpg,ood_test,test
dtd_2482,bubbly_bubbly_0132.jpg,ood_test,test
dtd_2483,cobwebbed_cobwebbed_0152.jpg,ood_test,test
dtd_2484,lacelike_lacelike_0083.jpg,ood_test,test
dtd_2485,paisley_paisley_0004.jpg,ood_test,test
dtd_2486,swirly_swirly_0081.jpg,ood_test,test
dtd_2487,grid_grid_0121.jpg,ood_test,test
dtd_2488,freckled_freckled_0146.jpg,ood_test,test
dtd_2489,freckled_freckled_0152.jpg,ood_test,test
dtd_2490,marbled_marbled_0098.jpg,ood_test,test
dtd_2491,grid_grid_0135.jpg,ood_test,test
dtd_2492,lacelike_lacelike_0097.jpg,ood_test,test
dtd_2493,paisley_paisley_0010.jpg,ood_test,test
dtd_2494,lined_lined_0105.jpg,ood_test,test
dtd_2495,veined_veined_0081.jpg,ood_test,test
dtd_2496,marbled_marbled_0073.jpg,ood_test,test
dtd_2497,interlaced_interlaced_0057.jpg,ood_test,test
dtd_2498,grooved_grooved_0124.jpg,ood_test,test
dtd_2499,chequered_chequered_0151.jpg,ood_test,test
dtd_2500,chequered_chequered_0145.jpg,ood_test,test
dtd_2501,grooved_grooved_0130.jpg,ood_test,test
dtd_2502,perforated_perforated_0012.jpg,ood_test,test
dtd_2503,lacelike_lacelike_0068.jpg,ood_test,test
dtd_2504,lined_lined_0111.jpg,ood_test,test
dtd_2505,veined_veined_0095.jpg,ood_test,test
dtd_2506,lacelike_lacelike_0040.jpg,ood_test,test
dtd_2507,grooved_grooved_0118.jpg,ood_test,test
dtd_2508,flecked_flecked_0143.jpg,ood_test,test
dtd_2509,swirly_swirly_0056.jpg,ood_test,test
dtd_2510,flecked_flecked_0157.jpg,ood_test,test
dtd_2511,chequered_chequered_0179.jpg,ood_test,test
dtd_2512,braided_braided_0027.jpg,ood_test,test
dtd_2513,lacelike_lacelike_0054.jpg,ood_test,test
dtd_2514,pitted_pitted_0106.jpg,ood_test,test
dtd_2515,bumpy_bumpy_0130.jpg,ood_test,test
dtd_2516,meshed_meshed_0102.jpg,ood_test,test
dtd_2517,studded_studded_0133.jpg,ood_test,test
dtd_2518,cracked_cracked_0149.jpg,ood_test,test
dtd_2519,crosshatched_crosshatched_0130.jpg,ood_test,test
dtd_2520,porous_porous_0150.jpg,ood_test,test
dtd_2521,sprinkled_sprinkled_0096.jpg,ood_test,test
dtd_2522,pleated_pleated_0108.jpg,ood_test,test
dtd_2523,scaly_scaly_0203.jpg,ood_test,test
dtd_2524,zigzagged_zigzagged_0133.jpg,ood_test,test
dtd_2525,sprinkled_sprinkled_0082.jpg,ood_test,test
dtd_2526,porous_porous_0144.jpg,ood_test,test
dtd_2527,zigzagged_zigzagged_0127.jpg,ood_test,test
dtd_2528,scaly_scaly_0217.jpg,ood_test,test
dtd_2529,striped_striped_0119.jpg,ood_test,test
dtd_2530,crosshatched_crosshatched_0124.jpg,ood_test,test
dtd_2531,studded_studded_0127.jpg,ood_test,test
dtd_2532,pitted_pitted_0112.jpg,ood_test,test
dtd_2533,bumpy_bumpy_0124.jpg,ood_test,test
dtd_2534,meshed_meshed_0116.jpg,ood_test,test
dtd_2535,frilly_frilly_0012.jpg,ood_test,test
dtd_2536,pleated_pleated_0134.jpg,ood_test,test
dtd_2537,gauzy_gauzy_0187.jpg,ood_test,test
dtd_2538,matted_matted_0034.jpg,ood_test,test
dtd_2539,gauzy_gauzy_0193.jpg,ood_test,test
dtd_2540,striped_striped_0125.jpg,ood_test,test
dtd_2541,crosshatched_crosshatched_0118.jpg,ood_test,test
dtd_2542,pleated_pleated_0120.jpg,ood_test,test
dtd_2543,honeycombed_honeycombed_0080.jpg,ood_test,test
dtd_2544,frilly_frilly_0006.jpg,ood_test,test
dtd_2545,bumpy_bumpy_0118.jpg,ood_test,test
dtd_2546,cracked_cracked_0161.jpg,ood_test,test
dtd_2547,stained_stained_0140.jpg,ood_test,test
dtd_2548,sprinkled_sprinkled_0055.jpg,ood_test,test
dtd_2549,gauzy_gauzy_0178.jpg,ood_test,test
dtd_2550,wrinkled_wrinkled_0048.jpg,ood_test,test
dtd_2551,sprinkled_sprinkled_0041.jpg,ood_test,test
dtd_2552,wrinkled_wrinkled_0060.jpg,ood_test,test
dtd_2553,knitted_knitted_0096.jpg,ood_test,test
dtd_2554,gauzy_gauzy_0144.jpg,ood_test,test
dtd_2555,stratified_stratified_0166.jpg,ood_test,test
dtd_2556,fibrous_fibrous_0095.jpg,ood_test,test
dtd_2557,sprinkled_sprinkled_0069.jpg,ood_test,test
dtd_2558,honeycombed_honeycombed_0043.jpg,ood_test,test
dtd_2559,stratified_stratified_0172.jpg,ood_test,test
dtd_2560,wrinkled_wrinkled_0074.jpg,ood_test,test
dtd_2561,gauzy_gauzy_0150.jpg,ood_test,test
dtd_2562,stratified_stratified_0164.jpg,ood_test,test
dtd_2563,gauzy_gauzy_0146.jpg,ood_test,test
dtd_2564,wrinkled_wrinkled_0062.jpg,ood_test,test
dtd_2565,gauzy_gauzy_0152.jpg,ood_test,test
dtd_2566,wrinkled_wrinkled_0076.jpg,ood_test,test
dtd_2567,stratified_stratified_0170.jpg,ood_test,test
dtd_2568,fibrous_fibrous_0083.jpg,ood_test,test
dtd_2569,sprinkled_sprinkled_0057.jpg,ood_test,test
dtd_2570,honeycombed_honeycombed_0069.jpg,ood_test,test
dtd_2571,stratified_stratified_0158.jpg,ood_test,test
dtd_2572,sprinkled_sprinkled_0043.jpg,ood_test,test
dtd_2573,gauzy_gauzy_0185.jpg,ood_test,test
dtd_2574,honeycombed_honeycombed_0096.jpg,ood_test,test
dtd_2575,pleated_pleated_0136.jpg,ood_test,test
dtd_2576,frilly_frilly_0010.jpg,ood_test,test
dtd_2577,pitted_pitted_0138.jpg,ood_test,test
dtd_2578,cracked_cracked_0163.jpg,ood_test,test
dtd_2579,studded_studded_0119.jpg,ood_test,test
dtd_2580,meshed_meshed_0128.jpg,ood_test,test
dtd_2581,frilly_frilly_0004.jpg,ood_test,test
dtd_2582,zigzagged_zigzagged_0119.jpg,ood_test,test
dtd_2583,pleated_pleated_0122.jpg,ood_test,test
dtd_2584,gauzy_gauzy_0191.jpg,ood_test,test
dtd_2585,zigzagged_zigzagged_0131.jpg,ood_test,test
dtd_2586,scaly_scaly_0201.jpg,ood_test,test
dtd_2587,sprinkled_sprinkled_0094.jpg,ood_test,test
dtd_2588,porous_porous_0152.jpg,ood_test,test
dtd_2589,crosshatched_crosshatched_0132.jpg,ood_test,test
dtd_2590,meshed_meshed_0100.jpg,ood_test,test
dtd_2591,pitted_pitted_0104.jpg,ood_test,test
dtd_2592,bumpy_bumpy_0132.jpg,ood_test,test
dtd_2593,meshed_meshed_0114.jpg,ood_test,test
dtd_2594,pitted_pitted_0110.jpg,ood_test,test
dtd_2595,bumpy_bumpy_0126.jpg,ood_test,test
dtd_2596,frilly_frilly_0038.jpg,ood_test,test
dtd_2597,crosshatched_crosshatched_0126.jpg,ood_test,test
dtd_2598,scaly_scaly_0215.jpg,ood_test,test
dtd_2599,zigzagged_zigzagged_0125.jpg,ood_test,test
dtd_2600,porous_porous_0146.jpg,ood_test,test
dtd_2601,flecked_flecked_0141.jpg,ood_test,test
dtd_2602,interlaced_interlaced_0069.jpg,ood_test,test
dtd_2603,lacelike_lacelike_0042.jpg,ood_test,test
dtd_2604,perforated_perforated_0038.jpg,ood_test,test
dtd_2605,lacelike_lacelike_0056.jpg,ood_test,test
dtd_2606,dotted_dotted_0078.jpg,ood_test,test
dtd_2607,flecked_flecked_0155.jpg,ood_test,test
dtd_2608,chequered_chequered_0153.jpg,ood_test,test
dtd_2609,grooved_grooved_0126.jpg,ood_test,test
dtd_2610,perforated_perforated_0004.jpg,ood_test,test
dtd_2611,lined_lined_0107.jpg,ood_test,test
dtd_2612,veined_veined_0097.jpg,ood_test,test
dtd_2613,lined_lined_0113.jpg,ood_test,test
dtd_2614,flecked_flecked_0169.jpg,ood_test,test
dtd_2615,swirly_swirly_0068.jpg,ood_test,test
dtd_2616,braided_braided_0019.jpg,ood_test,test
dtd_2617,grooved_grooved_0132.jpg,ood_test,test
dtd_2618,bubbly_bubbly_0118.jpg,ood_test,test
dtd_2619,freckled_freckled_0144.jpg,ood_test,test
dtd_2620,grid_grid_0123.jpg,ood_test,test
dtd_2621,swirly_swirly_0083.jpg,ood_test,test
dtd_2622,polka-dotted_polka-dotted_0222.jpg,ood_test,test
dtd_2623,paisley_paisley_0006.jpg,ood_test,test
dtd_2624,lacelike_lacelike_0081.jpg,ood_test,test
dtd_2625,veined_veined_0068.jpg,ood_test,test
dtd_2626,paisley_paisley_0012.jpg,ood_test,test
dtd_2627,lacelike_lacelike_0095.jpg,ood_test,test
dtd_2628,swirly_swirly_0097.jpg,ood_test,test
dtd_2629,freckled_freckled_0150.jpg,ood_test,test
dtd_2630,interlaced_interlaced_0096.jpg,ood_test,test
dtd_2631,bubbly_bubbly_0124.jpg,ood_test,test
dtd_2632,freckled_freckled_0178.jpg,ood_test,test
dtd_2633,chequered_chequered_0190.jpg,ood_test,test
dtd_2634,cobwebbed_cobwebbed_0144.jpg,ood_test,test
dtd_2635,dotted_dotted_0093.jpg,ood_test,test
dtd_2636,cobwebbed_cobwebbed_0150.jpg,ood_test,test
dtd_2637,bubbly_bubbly_0130.jpg,ood_test,test
dtd_2638,interlaced_interlaced_0082.jpg,ood_test,test
dtd_2639,chequered_chequered_0184.jpg,ood_test,test
dtd_2640,swirly_swirly_0134.jpg,ood_test,test
dtd_2641,marbled_marbled_0139.jpg,ood_test,test
dtd_2642,grid_grid_0094.jpg,ood_test,test
dtd_2643,braided_braided_0145.jpg,ood_test,test
dtd_2644,dotted_dotted_0118.jpg,ood_test,test
dtd_2645,scaly_scaly_0188.jpg,ood_test,test
dtd_2646,perforated_perforated_0158.jpg,ood_test,test
dtd_2647,blotchy_blotchy_0019.jpg,ood_test,test
dtd_2648,interlaced_interlaced_0109.jpg,ood_test,test
dtd_2649,braided_braided_0151.jpg,ood_test,test
dtd_2650,grid_grid_0080.jpg,ood_test,test
dtd_2651,swirly_swirly_0120.jpg,ood_test,test
dtd_2652,interlaced_interlaced_0121.jpg,ood_test,test
dtd_2653,bubbly_bubbly_0093.jpg,ood_test,test
dtd_2654,grooved_grooved_0052.jpg,ood_test,test
dtd_2655,braided_braided_0179.jpg,ood_test,test
dtd_2656,swirly_swirly_0108.jpg,ood_test,test
dtd_2657,marbled_marbled_0105.jpg,ood_test,test
dtd_2658,dotted_dotted_0124.jpg,ood_test,test
dtd_2659,perforated_perforated_0170.jpg,ood_test,test
dtd_2660,lined_lined_0073.jpg,ood_test,test
dtd_2661,blotchy_blotchy_0031.jpg,ood_test,test
dtd_2662,lined_lined_0067.jpg,ood_test,test
dtd_2663,blotchy_blotchy_0025.jpg,ood_test,test
dtd_2664,dotted_dotted_0130.jpg,ood_test,test
dtd_2665,perforated_perforated_0164.jpg,ood_test,test
dtd_2666,marbled_marbled_0111.jpg,ood_test,test
dtd_2667,bubbly_bubbly_0087.jpg,ood_test,test
dtd_2668,interlaced_interlaced_0135.jpg,ood_test,test
dtd_2669,grooved_grooved_0046.jpg,ood_test,test
dtd_2670,braided_braided_0186.jpg,ood_test,test
dtd_2671,grid_grid_0057.jpg,ood_test,test
dtd_2672,potholed_potholed_0142.jpg,ood_test,test
dtd_2673,veined_veined_0108.jpg,ood_test,test
dtd_2674,woven_woven_0039.jpg,ood_test,test
dtd_2675,banded_banded_0039.jpg,ood_test,test
dtd_2676,potholed_potholed_0156.jpg,ood_test,test
dtd_2677,braided_braided_0192.jpg,ood_test,test
dtd_2678,bubbly_bubbly_0078.jpg,ood_test,test
dtd_2679,spiralled_spiralled_0037.jpg,ood_test,test
dtd_2680,grooved_grooved_0091.jpg,ood_test,test
dtd_2681,bubbly_bubbly_0050.jpg,ood_test,test
dtd_2682,veined_veined_0134.jpg,ood_test,test
dtd_2683,woven_woven_0005.jpg,ood_test,test
dtd_2684,cobwebbed_cobwebbed_0030.jpg,ood_test,test
dtd_2685,banded_banded_0011.jpg,ood_test,test
dtd_2686,scaly_scaly_0177.jpg,ood_test,test
dtd_2687,banded_banded_0005.jpg,ood_test,test
dtd_2688,scaly_scaly_0163.jpg,ood_test,test
dtd_2689,veined_veined_0120.jpg,ood_test,test
dtd_2690,woven_woven_0011.jpg,ood_test,test
dtd_2691,grooved_grooved_0085.jpg,ood_test,test
dtd_2692,bubbly_bubbly_0044.jpg,ood_test,test
dtd_2693,honeycombed_honeycombed_0121.jpg,ood_test,test
dtd_2694,wrinkled_wrinkled_0116.jpg,ood_test,test
dtd_2695,striped_striped_0084.jpg,ood_test,test
dtd_2696,polka-dotted_polka-dotted_0197.jpg,ood_test,test
dtd_2697,crystalline_crystalline_0115.jpg,ood_test,test
dtd_2698,waffled_waffled_0153.jpg,ood_test,test
dtd_2699,polka-dotted_polka-dotted_0183.jpg,ood_test,test
dtd_2700,waffled_waffled_0147.jpg,ood_test,test
dtd_2701,wrinkled_wrinkled_0102.jpg,ood_test,test
dtd_2702,striped_striped_0090.jpg,ood_test,test
dtd_2703,honeycombed_honeycombed_0135.jpg,ood_test,test
dtd_2704,pleated_pleated_0095.jpg,ood_test,test
dtd_2705,crosshatched_crosshatched_0085.jpg,ood_test,test
dtd_2706,zigzagged_zigzagged_0086.jpg,ood_test,test
dtd_2707,stained_stained_0036.jpg,ood_test,test
dtd_2708,sprinkled_sprinkled_0123.jpg,ood_test,test
dtd_2709,crystalline_crystalline_0129.jpg,ood_test,test
dtd_2710,zigzagged_zigzagged_0092.jpg,ood_test,test
dtd_2711,honeycombed_honeycombed_0109.jpg,ood_test,test
dtd_2712,stained_stained_0022.jpg,ood_test,test
dtd_2713,sprinkled_sprinkled_0137.jpg,ood_test,test
dtd_2714,crosshatched_crosshatched_0091.jpg,ood_test,test
dtd_2715,knitted_knitted_0123.jpg,ood_test,test
dtd_2716,matted_matted_0142.jpg,ood_test,test
dtd_2717,striped_striped_0047.jpg,ood_test,test
dtd_2718,zigzagged_zigzagged_0079.jpg,ood_test,test
dtd_2719,fibrous_fibrous_0120.jpg,ood_test,test
dtd_2720,meshed_meshed_0048.jpg,ood_test,test
dtd_2721,polka-dotted_polka-dotted_0154.jpg,ood_test,test
dtd_2722,waffled_waffled_0190.jpg,ood_test,test
dtd_2723,pitted_pitted_0058.jpg,ood_test,test
dtd_2724,polka-dotted_polka-dotted_0140.jpg,ood_test,test
dtd_2725,waffled_waffled_0184.jpg,ood_test,test
dtd_2726,pleated_pleated_0056.jpg,ood_test,test
dtd_2727,fibrous_fibrous_0134.jpg,ood_test,test
dtd_2728,knitted_knitted_0137.jpg,ood_test,test
dtd_2729,striped_striped_0053.jpg,ood_test,test
dtd_2730,matted_matted_0156.jpg,ood_test,test
dtd_2731,zigzagged_zigzagged_0045.jpg,ood_test,test
dtd_2732,crosshatched_crosshatched_0046.jpg,ood_test,test
dtd_2733,pitted_pitted_0070.jpg,ood_test,test
dtd_2734,meshed_meshed_0074.jpg,ood_test,test
dtd_2735,polka-dotted_polka-dotted_0168.jpg,ood_test,test
dtd_2736,pitted_pitted_0064.jpg,ood_test,test
dtd_2737,crosshatched_crosshatched_0052.jpg,ood_test,test
dtd_2738,zigzagged_zigzagged_0051.jpg,ood_test,test
dtd_2739,fibrous_fibrous_0108.jpg,ood_test,test
dtd_2740,pitted_pitted_0065.jpg,ood_test,test
dtd_2741,fibrous_fibrous_0109.jpg,ood_test,test
dtd_2742,zigzagged_zigzagged_0050.jpg,ood_test,test
dtd_2743,crosshatched_crosshatched_0053.jpg,ood_test,test
dtd_2744,crosshatched_crosshatched_0047.jpg,ood_test,test
dtd_2745,zigzagged_zigzagged_0044.jpg,ood_test,test
dtd_2746,polka-dotted_polka-dotted_0169.jpg,ood_test,test
dtd_2747,pitted_pitted_0071.jpg,ood_test,test
dtd_2748,waffled_waffled_0185.jpg,ood_test,test
dtd_2749,polka-dotted_polka-dotted_0141.jpg,ood_test,test
dtd_2750,pitted_pitted_0059.jpg,ood_test,test
dtd_2751,striped_striped_0052.jpg,ood_test,test
dtd_2752,matted_matted_0157.jpg,ood_test,test
dtd_2753,knitted_knitted_0136.jpg,ood_test,test
dtd_2754,fibrous_fibrous_0135.jpg,ood_test,test
dtd_2755,fibrous_fibrous_0121.jpg,ood_test,test
dtd_2756,zigzagged_zigzagged_0078.jpg,ood_test,test
dtd_2757,matted_matted_0143.jpg,ood_test,test
dtd_2758,striped_striped_0046.jpg,ood_test,test
dtd_2759,knitted_knitted_0122.jpg,ood_test,test
dtd_2760,waffled_waffled_0191.jpg,ood_test,test
dtd_2761,sprinkled_sprinkled_0136.jpg,ood_test,test
dtd_2762,stained_stained_0023.jpg,ood_test,test
dtd_2763,honeycombed_honeycombed_0108.jpg,ood_test,test
dtd_2764,zigzagged_zigzagged_0093.jpg,ood_test,test
dtd_2765,sprinkled_sprinkled_0122.jpg,ood_test,test
dtd_2766,stained_stained_0037.jpg,ood_test,test
dtd_2767,zigzagged_zigzagged_0087.jpg,ood_test,test
dtd_2768,crystalline_crystalline_0128.jpg,ood_test,test
dtd_2769,waffled_waffled_0146.jpg,ood_test,test
dtd_2770,polka-dotted_polka-dotted_0182.jpg,ood_test,test
dtd_2771,pleated_pleated_0094.jpg,ood_test,test
dtd_2772,honeycombed_honeycombed_0134.jpg,ood_test,test
dtd_2773,striped_striped_0091.jpg,ood_test,test
dtd_2774,wrinkled_wrinkled_0103.jpg,ood_test,test
dtd_2775,striped_striped_0085.jpg,ood_test,test
dtd_2776,wrinkled_wrinkled_0117.jpg,ood_test,test
dtd_2777,pleated_pleated_0080.jpg,ood_test,test
dtd_2778,honeycombed_honeycombed_0120.jpg,ood_test,test
dtd_2779,waffled_waffled_0152.jpg,ood_test,test
dtd_2780,polka-dotted_polka-dotted_0196.jpg,ood_test,test
dtd_2781,crystalline_crystalline_0114.jpg,ood_test,test
dtd_2782,woven_woven_0010.jpg,ood_test,test
dtd_2783,veined_veined_0121.jpg,ood_test,test
dtd_2784,scaly_scaly_0162.jpg,ood_test,test
dtd_2785,banded_banded_0004.jpg,ood_test,test
dtd_2786,bubbly_bubbly_0045.jpg,ood_test,test
dtd_2787,grooved_grooved_0084.jpg,ood_test,test
dtd_2788,bubbly_bubbly_0051.jpg,ood_test,test
dtd_2789,grooved_grooved_0090.jpg,ood_test,test
dtd_2790,spiralled_spiralled_0036.jpg,ood_test,test
dtd_2791,scaly_scaly_0176.jpg,ood_test,test
dtd_2792,banded_banded_0010.jpg,ood_test,test
dtd_2793,woven_woven_0004.jpg,ood_test,test
dtd_2794,veined_veined_0135.jpg,ood_test,test
dtd_2795,potholed_potholed_0157.jpg,ood_test,test
dtd_2796,lined_lined_0099.jpg,ood_test,test
dtd_2797,bubbly_bubbly_0079.jpg,ood_test,test
dtd_2798,braided_braided_0193.jpg,ood_test,test
dtd_2799,grid_grid_0042.jpg,ood_test,test
dtd_2800,grid_grid_0056.jpg,ood_test,test
dtd_2801,braided_braided_0187.jpg,ood_test,test
dtd_2802,woven_woven_0038.jpg,ood_test,test
dtd_2803,veined_veined_0109.jpg,ood_test,test
dtd_2804,potholed_potholed_0143.jpg,ood_test,test
dtd_2805,perforated_perforated_0165.jpg,ood_test,test
dtd_2806,dotted_dotted_0131.jpg,ood_test,test
dtd_2807,grooved_grooved_0047.jpg,ood_test,test
dtd_2808,bubbly_bubbly_0086.jpg,ood_test,test
dtd_2809,interlaced_interlaced_0134.jpg,ood_test,test
dtd_2810,marbled_marbled_0110.jpg,ood_test,test
dtd_2811,marbled_marbled_0104.jpg,ood_test,test
dtd_2812,swirly_swirly_0109.jpg,ood_test,test
dtd_2813,braided_braided_0178.jpg,ood_test,test
dtd_2814,grooved_grooved_0053.jpg,ood_test,test
dtd_2815,interlaced_interlaced_0120.jpg,ood_test,test
dtd_2816,bubbly_bubbly_0092.jpg,ood_test,test
dtd_2817,perforated_perforated_0171.jpg,ood_test,test
dtd_2818,dotted_dotted_0125.jpg,ood_test,test
dtd_2819,blotchy_blotchy_0018.jpg,ood_test,test
dtd_2820,perforated_perforated_0159.jpg,ood_test,test
dtd_2821,swirly_swirly_0121.jpg,ood_test,test
dtd_2822,grid_grid_0081.jpg,ood_test,test
dtd_2823,braided_braided_0150.jpg,ood_test,test
dtd_2824,interlaced_interlaced_0108.jpg,ood_test,test
dtd_2825,braided_braided_0144.jpg,ood_test,test
dtd_2826,grid_grid_0095.jpg,ood_test,test
dtd_2827,marbled_marbled_0138.jpg,ood_test,test
dtd_2828,swirly_swirly_0135.jpg,ood_test,test
dtd_2829,scaly_scaly_0189.jpg,ood_test,test
dtd_2830,dotted_dotted_0119.jpg,ood_test,test
dtd_2831,cobwebbed_cobwebbed_0151.jpg,ood_test,test
dtd_2832,chequered_chequered_0185.jpg,ood_test,test
dtd_2833,bubbly_bubbly_0131.jpg,ood_test,test
dtd_2834,chequered_chequered_0191.jpg,ood_test,test
dtd_2835,bubbly_bubbly_0125.jpg,ood_test,test
dtd_2836,cobwebbed_cobwebbed_0145.jpg,ood_test,test
dtd_2837,lacelike_lacelike_0094.jpg,ood_test,test
dtd_2838,veined_veined_0069.jpg,ood_test,test
dtd_2839,freckled_freckled_0151.jpg,ood_test,test
dtd_2840,swirly_swirly_0096.jpg,ood_test,test
dtd_2841,polka-dotted_polka-dotted_0223.jpg,ood_test,test
dtd_2842,swirly_swirly_0082.jpg,ood_test,test
dtd_2843,grid_grid_0122.jpg,ood_test,test
dtd_2844,freckled_freckled_0145.jpg,ood_test,test
dtd_2845,bubbly_bubbly_0119.jpg,ood_test,test
dtd_2846,lacelike_lacelike_0080.jpg,ood_test,test
dtd_2847,paisley_paisley_0007.jpg,ood_test,test
dtd_2848,lined_lined_0112.jpg,ood_test,test
dtd_2849,grooved_grooved_0133.jpg,ood_test,test
dtd_2850,swirly_swirly_0069.jpg,ood_test,test
dtd_2851,flecked_flecked_0168.jpg,ood_test,test
dtd_2852,grooved_grooved_0127.jpg,ood_test,test
dtd_2853,chequered_chequered_0152.jpg,ood_test,test
dtd_2854,veined_veined_0082.jpg,ood_test,test
dtd_2855,lacelike_lacelike_0057.jpg,ood_test,test
dtd_2856,flecked_flecked_0154.jpg,ood_test,test
dtd_2857,flecked_flecked_0140.jpg,ood_test,test
dtd_2858,perforated_perforated_0039.jpg,ood_test,test
dtd_2859,lacelike_lacelike_0043.jpg,ood_test,test
dtd_2860,bumpy_bumpy_0127.jpg,ood_test,test
dtd_2861,frilly_frilly_0039.jpg,ood_test,test
dtd_2862,pitted_pitted_0111.jpg,ood_test,test
dtd_2863,meshed_meshed_0115.jpg,ood_test,test
dtd_2864,sprinkled_sprinkled_0081.jpg,ood_test,test
dtd_2865,porous_porous_0147.jpg,ood_test,test
dtd_2866,scaly_scaly_0214.jpg,ood_test,test
dtd_2867,zigzagged_zigzagged_0124.jpg,ood_test,test
dtd_2868,wrinkled_wrinkled_0088.jpg,ood_test,test
dtd_2869,crosshatched_crosshatched_0127.jpg,ood_test,test
dtd_2870,crosshatched_crosshatched_0133.jpg,ood_test,test
dtd_2871,porous_porous_0153.jpg,ood_test,test
dtd_2872,sprinkled_sprinkled_0095.jpg,ood_test,test
dtd_2873,zigzagged_zigzagged_0130.jpg,ood_test,test
dtd_2874,scaly_scaly_0200.jpg,ood_test,test
dtd_2875,bumpy_bumpy_0133.jpg,ood_test,test
dtd_2876,pitted_pitted_0105.jpg,ood_test,test
dtd_2877,meshed_meshed_0101.jpg,ood_test,test
dtd_2878,frilly_frilly_0005.jpg,ood_test,test
dtd_2879,meshed_meshed_0129.jpg,ood_test,test
dtd_2880,studded_studded_0118.jpg,ood_test,test
dtd_2881,cracked_cracked_0162.jpg,ood_test,test
dtd_2882,gauzy_gauzy_0190.jpg,ood_test,test
dtd_2883,pleated_pleated_0123.jpg,ood_test,test
dtd_2884,zigzagged_zigzagged_0118.jpg,ood_test,test
dtd_2885,honeycombed_honeycombed_0083.jpg,ood_test,test
dtd_2886,pleated_pleated_0137.jpg,ood_test,test
dtd_2887,honeycombed_honeycombed_0097.jpg,ood_test,test
dtd_2888,gauzy_gauzy_0184.jpg,ood_test,test
dtd_2889,matted_matted_0037.jpg,ood_test,test
dtd_2890,pitted_pitted_0139.jpg,ood_test,test
dtd_2891,frilly_frilly_0011.jpg,ood_test,test
dtd_2892,sprinkled_sprinkled_0042.jpg,ood_test,test
dtd_2893,stratified_stratified_0159.jpg,ood_test,test
dtd_2894,sprinkled_sprinkled_0056.jpg,ood_test,test
dtd_2895,honeycombed_honeycombed_0040.jpg,ood_test,test
dtd_2896,stratified_stratified_0171.jpg,ood_test,test
dtd_2897,wrinkled_wrinkled_0077.jpg,ood_test,test
dtd_2898,gauzy_gauzy_0153.jpg,ood_test,test
dtd_2899,wrinkled_wrinkled_0063.jpg,ood_test,test
dtd_2900,gauzy_gauzy_0147.jpg,ood_test,test
dtd_2901,fibrous_fibrous_0096.jpg,ood_test,test
dtd_2902,stratified_stratified_0165.jpg,ood_test,test
dtd_2903,honeycombed_honeycombed_0054.jpg,ood_test,test
dtd_2904,sprinkled_sprinkled_0073.jpg,ood_test,test
dtd_2905,knitted_knitted_0098.jpg,ood_test,test
dtd_2906,sprinkled_sprinkled_0067.jpg,ood_test,test
dtd_2907,honeycombed_honeycombed_0059.jpg,ood_test,test
dtd_2908,stratified_stratified_0168.jpg,ood_test,test
dtd_2909,gauzy_gauzy_0162.jpg,ood_test,test
dtd_2910,wrinkled_wrinkled_0046.jpg,ood_test,test
dtd_2911,stratified_stratified_0140.jpg,ood_test,test
dtd_2912,honeycombed_honeycombed_0065.jpg,ood_test,test
dtd_2913,stratified_stratified_0154.jpg,ood_test,test
dtd_2914,gauzy_gauzy_0176.jpg,ood_test,test
dtd_2915,wrinkled_wrinkled_0052.jpg,ood_test,test
dtd_2916,meshed_meshed_0124.jpg,ood_test,test
dtd_2917,pitted_pitted_0120.jpg,ood_test,test
dtd_2918,frilly_frilly_0008.jpg,ood_test,test
dtd_2919,bumpy_bumpy_0116.jpg,ood_test,test
dtd_2920,studded_studded_0115.jpg,ood_test,test
dtd_2921,crosshatched_crosshatched_0116.jpg,ood_test,test
dtd_2922,zigzagged_zigzagged_0115.jpg,ood_test,test
dtd_2923,scaly_scaly_0225.jpg,ood_test,test
dtd_2924,porous_porous_0176.jpg,ood_test,test
dtd_2925,zigzagged_zigzagged_0101.jpg,ood_test,test
dtd_2926,porous_porous_0162.jpg,ood_test,test
dtd_2927,crosshatched_crosshatched_0102.jpg,ood_test,test
dtd_2928,gauzy_gauzy_0189.jpg,ood_test,test
dtd_2929,studded_studded_0101.jpg,ood_test,test
dtd_2930,meshed_meshed_0130.jpg,ood_test,test
dtd_2931,pitted_pitted_0134.jpg,ood_test,test
dtd_2932,bumpy_bumpy_0102.jpg,ood_test,test
dtd_2933,studded_studded_0129.jpg,ood_test,test
dtd_2934,cracked_cracked_0153.jpg,ood_test,test
dtd_2935,meshed_meshed_0118.jpg,ood_test,test
dtd_2936,frilly_frilly_0034.jpg,ood_test,test
dtd_2937,zigzagged_zigzagged_0129.jpg,ood_test,test
dtd_2938,scaly_scaly_0219.jpg,ood_test,test
dtd_2939,pleated_pleated_0112.jpg,ood_test,test
dtd_2940,wrinkled_wrinkled_0085.jpg,ood_test,test
dtd_2941,knitted_knitted_0073.jpg,ood_test,test
dtd_2942,striped_striped_0117.jpg,ood_test,test
dtd_2943,striped_striped_0103.jpg,ood_test,test
dtd_2944,pleated_pleated_0106.jpg,ood_test,test
dtd_2945,sprinkled_sprinkled_0098.jpg,ood_test,test
dtd_2946,frilly_frilly_0020.jpg,ood_test,test
dtd_2947,pitted_pitted_0108.jpg,ood_test,test
dtd_2948,cracked_cracked_0147.jpg,ood_test,test
dtd_2949,lined_lined_0123.jpg,ood_test,test
dtd_2950,dotted_dotted_0074.jpg,ood_test,test
dtd_2951,flecked_flecked_0159.jpg,ood_test,test
dtd_2952,swirly_swirly_0058.jpg,ood_test,test
dtd_2953,chequered_chequered_0177.jpg,ood_test,test
dtd_2954,grooved_grooved_0102.jpg,ood_test,test
dtd_2955,grooved_grooved_0116.jpg,ood_test,test
dtd_2956,chequered_chequered_0163.jpg,ood_test,test
dtd_2957,smeared_smeared_0143.jpg,ood_test,test
dtd_2958,perforated_perforated_0034.jpg,ood_test,test
dtd_2959,dotted_dotted_0060.jpg,ood_test,test
dtd_2960,lined_lined_0137.jpg,ood_test,test
dtd_2961,lacelike_lacelike_0066.jpg,ood_test,test
dtd_2962,flecked_flecked_0165.jpg,ood_test,test
dtd_2963,swirly_swirly_0064.jpg,ood_test,test
dtd_2964,swirly_swirly_0070.jpg,ood_test,test
dtd_2965,lacelike_lacelike_0072.jpg,ood_test,test
dtd_2966,banded_banded_0141.jpg,ood_test,test
dtd_2967,lacelike_lacelike_0099.jpg,ood_test,test
dtd_2968,veined_veined_0064.jpg,ood_test,test
dtd_2969,cobwebbed_cobwebbed_0160.jpg,ood_test,test
dtd_2970,bubbly_bubbly_0100.jpg,ood_test,test
dtd_2971,marbled_marbled_0096.jpg,ood_test,test
dtd_2972,marbled_marbled_0082.jpg,ood_test,test
dtd_2973,freckled_freckled_0148.jpg,ood_test,test
dtd_2974,bubbly_bubbly_0114.jpg,ood_test,test
dtd_2975,paisley_paisley_0022.jpg,ood_test,test
dtd_2976,grid_grid_0107.jpg,ood_test,test
dtd_2977,polka-dotted_polka-dotted_0206.jpg,ood_test,test
dtd_2978,freckled_freckled_0160.jpg,ood_test,test
dtd_2979,chequered_chequered_0188.jpg,ood_test,test
dtd_2980,freckled_freckled_0174.jpg,ood_test,test
dtd_2981,bubbly_bubbly_0128.jpg,ood_test,test
dtd_2982,grid_grid_0113.jpg,ood_test,test
dtd_2983,polka-dotted_polka-dotted_0212.jpg,ood_test,test
dtd_2984,paisley_paisley_0036.jpg,ood_test,test
dtd_2985,cobwebbed_cobwebbed_0148.jpg,ood_test,test
dtd_2986,lined_lined_0057.jpg,ood_test,test
dtd_2987,blotchy_blotchy_0015.jpg,ood_test,test
dtd_2988,scaly_scaly_0190.jpg,ood_test,test
dtd_2989,perforated_perforated_0154.jpg,ood_test,test
dtd_2990,marbled_marbled_0121.jpg,ood_test,test
dtd_2991,smeared_smeared_0023.jpg,ood_test,test
dtd_2992,interlaced_interlaced_0105.jpg,ood_test,test
dtd_2993,braided_braided_0149.jpg,ood_test,test
dtd_2994,chequered_chequered_0017.jpg,ood_test,test
dtd_2995,grooved_grooved_0062.jpg,ood_test,test
dtd_2996,marbled_marbled_0135.jpg,ood_test,test
dtd_2997,grid_grid_0098.jpg,ood_test,test
dtd_2998,swirly_swirly_0138.jpg,ood_test,test
dtd_2999,dotted_dotted_0114.jpg,ood_test,test
dtd_3000,scaly_scaly_0184.jpg,ood_test,test
dtd_3001,perforated_perforated_0140.jpg,ood_test,test
dtd_3002,lined_lined_0043.jpg,ood_test,test
dtd_3003,lacelike_lacelike_0112.jpg,ood_test,test
dtd_3004,perforated_perforated_0168.jpg,ood_test,test
dtd_3005,blotchy_blotchy_0029.jpg,ood_test,test
dtd_3006,interlaced_interlaced_0139.jpg,ood_test,test
dtd_3007,braided_braided_0161.jpg,ood_test,test
dtd_3008,marbled_marbled_0109.jpg,ood_test,test
dtd_3009,swirly_swirly_0104.jpg,ood_test,test
dtd_3010,braided_braided_0175.jpg,ood_test,test
dtd_3011,gauzy_gauzy_0200.jpg,ood_test,test
dtd_3012,dotted_dotted_0128.jpg,ood_test,test
dtd_3013,lacelike_lacelike_0106.jpg,ood_test,test
dtd_3014,scaly_scaly_0153.jpg,ood_test,test
dtd_3015,woven_woven_0021.jpg,ood_test,test
dtd_3016,veined_veined_0110.jpg,ood_test,test
dtd_3017,lined_lined_0094.jpg,ood_test,test
dtd_3018,bubbly_bubbly_0074.jpg,ood_test,test
dtd_3019,spiralled_spiralled_0013.jpg,ood_test,test
dtd_3020,bubbly_bubbly_0060.jpg,ood_test,test
dtd_3021,veined_veined_0104.jpg,ood_test,test
dtd_3022,lined_lined_0080.jpg,ood_test,test
dtd_3023,scaly_scaly_0147.jpg,ood_test,test
dtd_3024,banded_banded_0021.jpg,ood_test,test
dtd_3025,potholed_potholed_0166.jpg,ood_test,test
dtd_3026,banded_banded_0009.jpg,ood_test,test
dtd_3027,grid_grid_0073.jpg,ood_test,test
dtd_3028,grooved_grooved_0089.jpg,ood_test,test
dtd_3029,bubbly_bubbly_0048.jpg,ood_test,test
dtd_3030,grid_grid_0067.jpg,ood_test,test
dtd_3031,woven_woven_0009.jpg,ood_test,test
dtd_3032,veined_veined_0138.jpg,ood_test,test
dtd_3033,chequered_chequered_0201.jpg,ood_test,test
dtd_3034,honeycombed_honeycombed_0139.jpg,ood_test,test
dtd_3035,sprinkled_sprinkled_0107.jpg,ood_test,test
dtd_3036,pleated_pleated_0099.jpg,ood_test,test
dtd_3037,striped_striped_0088.jpg,ood_test,test
dtd_3038,sprinkled_sprinkled_0113.jpg,ood_test,test
dtd_3039,crystalline_crystalline_0119.jpg,ood_test,test
dtd_3040,meshed_meshed_0087.jpg,ood_test,test
dtd_3041,pitted_pitted_0083.jpg,ood_test,test
dtd_3042,chequered_chequered_0215.jpg,ood_test,test
dtd_3043,crystalline_crystalline_0131.jpg,ood_test,test
dtd_3044,waffled_waffled_0177.jpg,ood_test,test
dtd_3045,wrinkled_wrinkled_0132.jpg,ood_test,test
dtd_3046,honeycombed_honeycombed_0105.jpg,ood_test,test
dtd_3047,honeycombed_honeycombed_0111.jpg,ood_test,test
dtd_3048,wrinkled_wrinkled_0126.jpg,ood_test,test
dtd_3049,crosshatched_crosshatched_0089.jpg,ood_test,test
dtd_3050,crystalline_crystalline_0125.jpg,ood_test,test
dtd_3051,waffled_waffled_0163.jpg,ood_test,test
dtd_3052,pitted_pitted_0054.jpg,ood_test,test
dtd_3053,bumpy_bumpy_0062.jpg,ood_test,test
dtd_3054,waffled_waffled_0188.jpg,ood_test,test
dtd_3055,fibrous_fibrous_0138.jpg,ood_test,test
dtd_3056,zigzagged_zigzagged_0061.jpg,ood_test,test
dtd_3057,zigzagged_zigzagged_0075.jpg,ood_test,test
dtd_3058,pitted_pitted_0040.jpg,ood_test,test
dtd_3059,polka-dotted_polka-dotted_0158.jpg,ood_test,test
dtd_3060,meshed_meshed_0044.jpg,ood_test,test
dtd_3061,polka-dotted_polka-dotted_0170.jpg,ood_test,test
dtd_3062,pleated_pleated_0066.jpg,ood_test,test
dtd_3063,fibrous_fibrous_0104.jpg,ood_test,test
dtd_3064,matted_matted_0166.jpg,ood_test,test
dtd_3065,striped_striped_0063.jpg,ood_test,test
dtd_3066,knitted_knitted_0107.jpg,ood_test,test
dtd_3067,striped_striped_0077.jpg,ood_test,test
dtd_3068,knitted_knitted_0113.jpg,ood_test,test
dtd_3069,pleated_pleated_0072.jpg,ood_test,test
dtd_3070,fibrous_fibrous_0110.jpg,ood_test,test
dtd_3071,zigzagged_zigzagged_0049.jpg,ood_test,test
dtd_3072,zigzagged_zigzagged_0048.jpg,ood_test,test
dtd_3073,fibrous_fibrous_0111.jpg,ood_test,test
dtd_3074,pleated_pleated_0073.jpg,ood_test,test
dtd_3075,knitted_knitted_0112.jpg,ood_test,test
dtd_3076,striped_striped_0076.jpg,ood_test,test
dtd_3077,pitted_pitted_0069.jpg,ood_test,test
dtd_3078,knitted_knitted_0106.jpg,ood_test,test
dtd_3079,striped_striped_0062.jpg,ood_test,test
dtd_3080,fibrous_fibrous_0105.jpg,ood_test,test
dtd_3081,pleated_pleated_0067.jpg,ood_test,test
dtd_3082,crosshatched_crosshatched_0077.jpg,ood_test,test
dtd_3083,zigzagged_zigzagged_0074.jpg,ood_test,test
dtd_3084,polka-dotted_polka-dotted_0159.jpg,ood_test,test
dtd_3085,bumpy_bumpy_0077.jpg,ood_test,test
dtd_3086,pitted_pitted_0041.jpg,ood_test,test
dtd_3087,meshed_meshed_0051.jpg,ood_test,test
dtd_3088,waffled_waffled_0189.jpg,ood_test,test
dtd_3089,zigzagged_zigzagged_0060.jpg,ood_test,test
dtd_3090,fibrous_fibrous_0139.jpg,ood_test,test
dtd_3091,crosshatched_crosshatched_0063.jpg,ood_test,test
dtd_3092,wrinkled_wrinkled_0127.jpg,ood_test,test
dtd_3093,honeycombed_honeycombed_0110.jpg,ood_test,test
dtd_3094,waffled_waffled_0162.jpg,ood_test,test
dtd_3095,crystalline_crystalline_0124.jpg,ood_test,test
dtd_3096,waffled_waffled_0176.jpg,ood_test,test
dtd_3097,crystalline_crystalline_0130.jpg,ood_test,test
dtd_3098,honeycombed_honeycombed_0104.jpg,ood_test,test
dtd_3099,wrinkled_wrinkled_0133.jpg,ood_test,test
dtd_3100,sprinkled_sprinkled_0112.jpg,ood_test,test
dtd_3101,striped_striped_0089.jpg,ood_test,test
dtd_3102,chequered_chequered_0214.jpg,ood_test,test
dtd_3103,pitted_pitted_0082.jpg,ood_test,test
dtd_3104,crystalline_crystalline_0118.jpg,ood_test,test
dtd_3105,chequered_chequered_0200.jpg,ood_test,test
dtd_3106,pleated_pleated_0098.jpg,ood_test,test
dtd_3107,sprinkled_sprinkled_0106.jpg,ood_test,test
dtd_3108,honeycombed_honeycombed_0138.jpg,ood_test,test
dtd_3109,grid_grid_0066.jpg,ood_test,test
dtd_3110,veined_veined_0139.jpg,ood_test,test
dtd_3111,woven_woven_0008.jpg,ood_test,test
dtd_3112,potholed_potholed_0167.jpg,ood_test,test
dtd_3113,banded_banded_0008.jpg,ood_test,test
dtd_3114,bubbly_bubbly_0049.jpg,ood_test,test
dtd_3115,grooved_grooved_0088.jpg,ood_test,test
dtd_3116,grid_grid_0072.jpg,ood_test,test
dtd_3117,bubbly_bubbly_0061.jpg,ood_test,test
dtd_3118,scaly_scaly_0146.jpg,ood_test,test
dtd_3119,lined_lined_0081.jpg,ood_test,test
dtd_3120,veined_veined_0105.jpg,ood_test,test
dtd_3121,woven_woven_0034.jpg,ood_test,test
dtd_3122,lined_lined_0095.jpg,ood_test,test
dtd_3123,veined_veined_0111.jpg,ood_test,test
dtd_3124,woven_woven_0020.jpg,ood_test,test
dtd_3125,banded_banded_0034.jpg,ood_test,test
dtd_3126,scaly_scaly_0152.jpg,ood_test,test
dtd_3127,spiralled_spiralled_0012.jpg,ood_test,test
dtd_3128,bubbly_bubbly_0075.jpg,ood_test,test
dtd_3129,braided_braided_0174.jpg,ood_test,test
dtd_3130,swirly_swirly_0105.jpg,ood_test,test
dtd_3131,marbled_marbled_0108.jpg,ood_test,test
dtd_3132,lacelike_lacelike_0107.jpg,ood_test,test
dtd_3133,dotted_dotted_0129.jpg,ood_test,test
dtd_3134,gauzy_gauzy_0201.jpg,ood_test,test
dtd_3135,blotchy_blotchy_0028.jpg,ood_test,test
dtd_3136,perforated_perforated_0169.jpg,ood_test,test
dtd_3137,lacelike_lacelike_0113.jpg,ood_test,test
dtd_3138,swirly_swirly_0111.jpg,ood_test,test
dtd_3139,braided_braided_0160.jpg,ood_test,test
dtd_3140,interlaced_interlaced_0138.jpg,ood_test,test
dtd_3141,smeared_smeared_0036.jpg,ood_test,test
dtd_3142,swirly_swirly_0139.jpg,ood_test,test
dtd_3143,grid_grid_0099.jpg,ood_test,test
dtd_3144,marbled_marbled_0134.jpg,ood_test,test
dtd_3145,grooved_grooved_0063.jpg,ood_test,test
dtd_3146,braided_braided_0148.jpg,ood_test,test
dtd_3147,interlaced_interlaced_0110.jpg,ood_test,test
dtd_3148,lined_lined_0042.jpg,ood_test,test
dtd_3149,perforated_perforated_0141.jpg,ood_test,test
dtd_3150,scaly_scaly_0185.jpg,ood_test,test
dtd_3151,dotted_dotted_0115.jpg,ood_test,test
dtd_3152,perforated_perforated_0155.jpg,ood_test,test
dtd_3153,scaly_scaly_0191.jpg,ood_test,test
dtd_3154,dotted_dotted_0101.jpg,ood_test,test
dtd_3155,interlaced_interlaced_0104.jpg,ood_test,test
dtd_3156,smeared_smeared_0022.jpg,ood_test,test
dtd_3157,marbled_marbled_0120.jpg,ood_test,test
dtd_3158,polka-dotted_polka-dotted_0213.jpg,ood_test,test
dtd_3159,grid_grid_0112.jpg,ood_test,test
dtd_3160,bubbly_bubbly_0129.jpg,ood_test,test
dtd_3161,freckled_freckled_0175.jpg,ood_test,test
dtd_3162,cobwebbed_cobwebbed_0149.jpg,ood_test,test
dtd_3163,paisley_paisley_0037.jpg,ood_test,test
dtd_3164,paisley_paisley_0023.jpg,ood_test,test
dtd_3165,chequered_chequered_0189.jpg,ood_test,test
dtd_3166,freckled_freckled_0161.jpg,ood_test,test
dtd_3167,polka-dotted_polka-dotted_0207.jpg,ood_test,test
dtd_3168,grid_grid_0106.jpg,ood_test,test
dtd_3169,bubbly_bubbly_0115.jpg,ood_test,test
dtd_3170,freckled_freckled_0149.jpg,ood_test,test
dtd_3171,banded_banded_0154.jpg,ood_test,test
dtd_3172,veined_veined_0071.jpg,ood_test,test
dtd_3173,cobwebbed_cobwebbed_0161.jpg,ood_test,test
dtd_3174,lacelike_lacelike_0098.jpg,ood_test,test
dtd_3175,banded_banded_0140.jpg,ood_test,test
dtd_3176,marbled_marbled_0097.jpg,ood_test,test
dtd_3177,bubbly_bubbly_0101.jpg,ood_test,test
dtd_3178,interlaced_interlaced_0058.jpg,ood_test,test
dtd_3179,swirly_swirly_0071.jpg,ood_test,test
dtd_3180,lacelike_lacelike_0073.jpg,ood_test,test
dtd_3181,lacelike_lacelike_0067.jpg,ood_test,test
dtd_3182,swirly_swirly_0065.jpg,ood_test,test
dtd_3183,flecked_flecked_0164.jpg,ood_test,test
dtd_3184,waffled_waffled_0200.jpg,ood_test,test
dtd_3185,smeared_smeared_0142.jpg,ood_test,test
dtd_3186,chequered_chequered_0162.jpg,ood_test,test
dtd_3187,grooved_grooved_0117.jpg,ood_test,test
dtd_3188,lined_lined_0136.jpg,ood_test,test
dtd_3189,dotted_dotted_0061.jpg,ood_test,test
dtd_3190,perforated_perforated_0035.jpg,ood_test,test
dtd_3191,lined_lined_0122.jpg,ood_test,test
dtd_3192,grooved_grooved_0103.jpg,ood_test,test
dtd_3193,chequered_chequered_0176.jpg,ood_test,test
dtd_3194,swirly_swirly_0059.jpg,ood_test,test
dtd_3195,flecked_flecked_0158.jpg,ood_test,test
dtd_3196,sprinkled_sprinkled_0099.jpg,ood_test,test
dtd_3197,pleated_pleated_0107.jpg,ood_test,test
dtd_3198,striped_striped_0102.jpg,ood_test,test
dtd_3199,wrinkled_wrinkled_0090.jpg,ood_test,test
dtd_3200,cracked_cracked_0146.jpg,ood_test,test
dtd_3201,pitted_pitted_0109.jpg,ood_test,test
dtd_3202,frilly_frilly_0021.jpg,ood_test,test
dtd_3203,frilly_frilly_0035.jpg,ood_test,test
dtd_3204,meshed_meshed_0119.jpg,ood_test,test
dtd_3205,cracked_cracked_0152.jpg,ood_test,test
dtd_3206,studded_studded_0128.jpg,ood_test,test
dtd_3207,striped_striped_0116.jpg,ood_test,test
dtd_3208,knitted_knitted_0072.jpg,ood_test,test
dtd_3209,wrinkled_wrinkled_0084.jpg,ood_test,test
dtd_3210,pleated_pleated_0113.jpg,ood_test,test
dtd_3211,zigzagged_zigzagged_0128.jpg,ood_test,test
dtd_3212,scaly_scaly_0218.jpg,ood_test,test
dtd_3213,gauzy_gauzy_0188.jpg,ood_test,test
dtd_3214,crosshatched_crosshatched_0103.jpg,ood_test,test
dtd_3215,porous_porous_0163.jpg,ood_test,test
dtd_3216,zigzagged_zigzagged_0100.jpg,ood_test,test
dtd_3217,bumpy_bumpy_0103.jpg,ood_test,test
dtd_3218,pitted_pitted_0135.jpg,ood_test,test
dtd_3219,meshed_meshed_0131.jpg,ood_test,test
dtd_3220,studded_studded_0100.jpg,ood_test,test
dtd_3221,studded_studded_0114.jpg,ood_test,test
dtd_3222,frilly_frilly_0009.jpg,ood_test,test
dtd_3223,bumpy_bumpy_0117.jpg,ood_test,test
dtd_3224,pitted_pitted_0121.jpg,ood_test,test
dtd_3225,meshed_meshed_0125.jpg,ood_test,test
dtd_3226,zigzagged_zigzagged_0114.jpg,ood_test,test
dtd_3227,scaly_scaly_0224.jpg,ood_test,test
dtd_3228,crosshatched_crosshatched_0117.jpg,ood_test,test
dtd_3229,wrinkled_wrinkled_0053.jpg,ood_test,test
dtd_3230,gauzy_gauzy_0177.jpg,ood_test,test
dtd_3231,stratified_stratified_0155.jpg,ood_test,test
dtd_3232,honeycombed_honeycombed_0070.jpg,ood_test,test
dtd_3233,stratified_stratified_0141.jpg,ood_test,test
dtd_3234,gauzy_gauzy_0163.jpg,ood_test,test
dtd_3235,stratified_stratified_0169.jpg,ood_test,test
dtd_3236,honeycombed_honeycombed_0058.jpg,ood_test,test
dtd_3237,sprinkled_sprinkled_0066.jpg,ood_test,test
dtd_3238,knitted_knitted_0099.jpg,ood_test,test
dtd_3239,sprinkled_sprinkled_0072.jpg,ood_test,test
dtd_3240,gauzy_gauzy_0149.jpg,ood_test,test
dtd_3241,sprinkled_sprinkled_0064.jpg,ood_test,test
dtd_3242,sprinkled_sprinkled_0070.jpg,ood_test,test
dtd_3243,wrinkled_wrinkled_0079.jpg,ood_test,test
dtd_3244,sprinkled_sprinkled_0058.jpg,ood_test,test
dtd_3245,honeycombed_honeycombed_0066.jpg,ood_test,test
dtd_3246,stratified_stratified_0157.jpg,ood_test,test
dtd_3247,gauzy_gauzy_0175.jpg,ood_test,test
dtd_3248,wrinkled_wrinkled_0051.jpg,ood_test,test
dtd_3249,gauzy_gauzy_0161.jpg,ood_test,test
dtd_3250,wrinkled_wrinkled_0045.jpg,ood_test,test
dtd_3251,stratified_stratified_0143.jpg,ood_test,test
dtd_3252,studded_studded_0102.jpg,ood_test,test
dtd_3253,meshed_meshed_0133.jpg,ood_test,test
dtd_3254,bumpy_bumpy_0101.jpg,ood_test,test
dtd_3255,pitted_pitted_0137.jpg,ood_test,test
dtd_3256,zigzagged_zigzagged_0102.jpg,ood_test,test
dtd_3257,honeycombed_honeycombed_0099.jpg,ood_test,test
dtd_3258,pleated_pleated_0139.jpg,ood_test,test
dtd_3259,porous_porous_0161.jpg,ood_test,test
dtd_3260,crosshatched_crosshatched_0101.jpg,ood_test,test
dtd_3261,matted_matted_0039.jpg,ood_test,test
dtd_3262,crosshatched_crosshatched_0115.jpg,ood_test,test
dtd_3263,zigzagged_zigzagged_0116.jpg,ood_test,test
dtd_3264,porous_porous_0175.jpg,ood_test,test
dtd_3265,meshed_meshed_0127.jpg,ood_test,test
dtd_3266,bumpy_bumpy_0115.jpg,ood_test,test
dtd_3267,pitted_pitted_0123.jpg,ood_test,test
dtd_3268,frilly_frilly_0023.jpg,ood_test,test
dtd_3269,cracked_cracked_0144.jpg,ood_test,test
dtd_3270,wrinkled_wrinkled_0092.jpg,ood_test,test
dtd_3271,striped_striped_0100.jpg,ood_test,test
dtd_3272,matted_matted_0005.jpg,ood_test,test
dtd_3273,pleated_pleated_0105.jpg,ood_test,test
dtd_3274,porous_porous_0149.jpg,ood_test,test
dtd_3275,pleated_pleated_0111.jpg,ood_test,test
dtd_3276,crosshatched_crosshatched_0129.jpg,ood_test,test
dtd_3277,wrinkled_wrinkled_0086.jpg,ood_test,test
dtd_3278,striped_striped_0114.jpg,ood_test,test
dtd_3279,cracked_cracked_0150.jpg,ood_test,test
dtd_3280,bumpy_bumpy_0129.jpg,ood_test,test
dtd_3281,frilly_frilly_0037.jpg,ood_test,test
dtd_3282,perforated_perforated_0037.jpg,ood_test,test
dtd_3283,lined_lined_0134.jpg,ood_test,test
dtd_3284,grooved_grooved_0115.jpg,ood_test,test
dtd_3285,chequered_chequered_0160.jpg,ood_test,test
dtd_3286,smeared_smeared_0140.jpg,ood_test,test
dtd_3287,chequered_chequered_0174.jpg,ood_test,test
dtd_3288,grooved_grooved_0101.jpg,ood_test,test
dtd_3289,interlaced_interlaced_0072.jpg,ood_test,test
dtd_3290,lined_lined_0120.jpg,ood_test,test
dtd_3291,perforated_perforated_0023.jpg,ood_test,test
dtd_3292,lacelike_lacelike_0059.jpg,ood_test,test
dtd_3293,lined_lined_0108.jpg,ood_test,test
dtd_3294,lacelike_lacelike_0071.jpg,ood_test,test
dtd_3295,swirly_swirly_0073.jpg,ood_test,test
dtd_3296,grooved_grooved_0129.jpg,ood_test,test
dtd_3297,braided_braided_0002.jpg,ood_test,test
dtd_3298,chequered_chequered_0148.jpg,ood_test,test
dtd_3299,flecked_flecked_0166.jpg,ood_test,test
dtd_3300,swirly_swirly_0067.jpg,ood_test,test
dtd_3301,lacelike_lacelike_0065.jpg,ood_test,test
dtd_3302,veined_veined_0098.jpg,ood_test,test
dtd_3303,veined_veined_0073.jpg,ood_test,test
dtd_3304,paisley_paisley_0009.jpg,ood_test,test
dtd_3305,marbled_marbled_0081.jpg,ood_test,test
dtd_3306,bubbly_bubbly_0117.jpg,ood_test,test
dtd_3307,bubbly_bubbly_0103.jpg,ood_test,test
dtd_3308,marbled_marbled_0095.jpg,ood_test,test
dtd_3309,swirly_swirly_0098.jpg,ood_test,test
dtd_3310,banded_banded_0142.jpg,ood_test,test
dtd_3311,veined_veined_0067.jpg,ood_test,test
dtd_3312,paisley_paisley_0035.jpg,ood_test,test
dtd_3313,freckled_freckled_0177.jpg,ood_test,test
dtd_3314,interlaced_interlaced_0099.jpg,ood_test,test
dtd_3315,grid_grid_0110.jpg,ood_test,test
dtd_3316,polka-dotted_polka-dotted_0211.jpg,ood_test,test
dtd_3317,grid_grid_0104.jpg,ood_test,test
dtd_3318,polka-dotted_polka-dotted_0205.jpg,ood_test,test
dtd_3319,freckled_freckled_0163.jpg,ood_test,test
dtd_3320,paisley_paisley_0021.jpg,ood_test,test
dtd_3321,dotted_dotted_0117.jpg,ood_test,test
dtd_3322,scaly_scaly_0187.jpg,ood_test,test
dtd_3323,perforated_perforated_0143.jpg,ood_test,test
dtd_3324,interlaced_interlaced_0112.jpg,ood_test,test
dtd_3325,grooved_grooved_0061.jpg,ood_test,test
dtd_3326,smeared_smeared_0034.jpg,ood_test,test
dtd_3327,marbled_marbled_0136.jpg,ood_test,test
dtd_3328,smeared_smeared_0020.jpg,ood_test,test
dtd_3329,marbled_marbled_0122.jpg,ood_test,test
dtd_3330,interlaced_interlaced_0106.jpg,ood_test,test
dtd_3331,grooved_grooved_0075.jpg,ood_test,test
dtd_3332,lined_lined_0054.jpg,ood_test,test
dtd_3333,blotchy_blotchy_0016.jpg,ood_test,test
dtd_3334,dotted_dotted_0103.jpg,ood_test,test
dtd_3335,scaly_scaly_0193.jpg,ood_test,test
dtd_3336,perforated_perforated_0157.jpg,ood_test,test
dtd_3337,gauzy_gauzy_0203.jpg,ood_test,test
dtd_3338,lacelike_lacelike_0105.jpg,ood_test,test
dtd_3339,swirly_swirly_0107.jpg,ood_test,test
dtd_3340,braided_braided_0176.jpg,ood_test,test
dtd_3341,braided_braided_0162.jpg,ood_test,test
dtd_3342,swirly_swirly_0113.jpg,ood_test,test
dtd_3343,lacelike_lacelike_0111.jpg,ood_test,test
dtd_3344,lined_lined_0068.jpg,ood_test,test
dtd_3345,woven_woven_0036.jpg,ood_test,test
dtd_3346,veined_veined_0107.jpg,ood_test,test
dtd_3347,scaly_scaly_0144.jpg,ood_test,test
dtd_3348,banded_banded_0022.jpg,ood_test,test
dtd_3349,spiralled_spiralled_0004.jpg,ood_test,test
dtd_3350,grid_grid_0058.jpg,ood_test,test
dtd_3351,braided_braided_0189.jpg,ood_test,test
dtd_3352,bubbly_bubbly_0063.jpg,ood_test,test
dtd_3353,bubbly_bubbly_0077.jpg,ood_test,test
dtd_3354,spiralled_spiralled_0010.jpg,ood_test,test
dtd_3355,scaly_scaly_0150.jpg,ood_test,test
dtd_3356,banded_banded_0036.jpg,ood_test,test
dtd_3357,potholed_potholed_0159.jpg,ood_test,test
dtd_3358,woven_woven_0022.jpg,ood_test,test
dtd_3359,veined_veined_0113.jpg,ood_test,test
dtd_3360,lined_lined_0097.jpg,ood_test,test
dtd_3361,scaly_scaly_0178.jpg,ood_test,test
dtd_3362,potholed_potholed_0171.jpg,ood_test,test
dtd_3363,spiralled_spiralled_0038.jpg,ood_test,test
dtd_3364,grid_grid_0064.jpg,ood_test,test
dtd_3365,grid_grid_0070.jpg,ood_test,test
dtd_3366,potholed_potholed_0165.jpg,ood_test,test
dtd_3367,polka-dotted_polka-dotted_0198.jpg,ood_test,test
dtd_3368,wrinkled_wrinkled_0119.jpg,ood_test,test
dtd_3369,sprinkled_sprinkled_0110.jpg,ood_test,test
dtd_3370,sprinkled_sprinkled_0104.jpg,ood_test,test
dtd_3371,chequered_chequered_0202.jpg,ood_test,test
dtd_3372,waffled_waffled_0148.jpg,ood_test,test
dtd_3373,meshed_meshed_0090.jpg,ood_test,test
dtd_3374,pitted_pitted_0094.jpg,ood_test,test
dtd_3375,waffled_waffled_0160.jpg,ood_test,test
dtd_3376,crystalline_crystalline_0126.jpg,ood_test,test
dtd_3377,honeycombed_honeycombed_0112.jpg,ood_test,test
dtd_3378,zigzagged_zigzagged_0089.jpg,ood_test,test
dtd_3379,stained_stained_0039.jpg,ood_test,test
dtd_3380,wrinkled_wrinkled_0125.jpg,ood_test,test
dtd_3381,wrinkled_wrinkled_0131.jpg,ood_test,test
dtd_3382,honeycombed_honeycombed_0106.jpg,ood_test,test
dtd_3383,sprinkled_sprinkled_0138.jpg,ood_test,test
dtd_3384,waffled_waffled_0174.jpg,ood_test,test
dtd_3385,crystalline_crystalline_0132.jpg,ood_test,test
dtd_3386,pitted_pitted_0043.jpg,ood_test,test
dtd_3387,zigzagged_zigzagged_0076.jpg,ood_test,test
dtd_3388,matted_matted_0159.jpg,ood_test,test
dtd_3389,knitted_knitted_0138.jpg,ood_test,test
dtd_3390,pleated_pleated_0059.jpg,ood_test,test
dtd_3391,zigzagged_zigzagged_0062.jpg,ood_test,test
dtd_3392,meshed_meshed_0053.jpg,ood_test,test
dtd_3393,studded_studded_0062.jpg,ood_test,test
dtd_3394,striped_striped_0074.jpg,ood_test,test
dtd_3395,knitted_knitted_0110.jpg,ood_test,test
dtd_3396,crosshatched_crosshatched_0049.jpg,ood_test,test
dtd_3397,fibrous_fibrous_0113.jpg,ood_test,test
dtd_3398,pleated_pleated_0065.jpg,ood_test,test
dtd_3399,fibrous_fibrous_0107.jpg,ood_test,test
dtd_3400,striped_striped_0060.jpg,ood_test,test
dtd_3401,matted_matted_0165.jpg,ood_test,test
dtd_3402,knitted_knitted_0104.jpg,ood_test,test
dtd_3403,polka-dotted_polka-dotted_0173.jpg,ood_test,test
dtd_3404,knitted_knitted_0105.jpg,ood_test,test
dtd_3405,striped_striped_0061.jpg,ood_test,test
dtd_3406,matted_matted_0164.jpg,ood_test,test
dtd_3407,pleated_pleated_0064.jpg,ood_test,test
dtd_3408,fibrous_fibrous_0112.jpg,ood_test,test
dtd_3409,pleated_pleated_0070.jpg,ood_test,test
dtd_3410,crosshatched_crosshatched_0048.jpg,ood_test,test
dtd_3411,knitted_knitted_0111.jpg,ood_test,test
dtd_3412,striped_striped_0075.jpg,ood_test,test
dtd_3413,zigzagged_zigzagged_0063.jpg,ood_test,test
dtd_3414,pleated_pleated_0058.jpg,ood_test,test
dtd_3415,knitted_knitted_0139.jpg,ood_test,test
dtd_3416,matted_matted_0158.jpg,ood_test,test
dtd_3417,striped_striped_0049.jpg,ood_test,test
dtd_3418,zigzagged_zigzagged_0077.jpg,ood_test,test
dtd_3419,sprinkled_sprinkled_0139.jpg,ood_test,test
dtd_3420,honeycombed_honeycombed_0107.jpg,ood_test,test
dtd_3421,wrinkled_wrinkled_0130.jpg,ood_test,test
dtd_3422,crystalline_crystalline_0133.jpg,ood_test,test
dtd_3423,waffled_waffled_0175.jpg,ood_test,test
dtd_3424,crystalline_crystalline_0127.jpg,ood_test,test
dtd_3425,waffled_waffled_0161.jpg,ood_test,test
dtd_3426,wrinkled_wrinkled_0124.jpg,ood_test,test
dtd_3427,stained_stained_0038.jpg,ood_test,test
dtd_3428,zigzagged_zigzagged_0088.jpg,ood_test,test
dtd_3429,honeycombed_honeycombed_0113.jpg,ood_test,test
dtd_3430,sprinkled_sprinkled_0105.jpg,ood_test,test
dtd_3431,pitted_pitted_0095.jpg,ood_test,test
dtd_3432,waffled_waffled_0149.jpg,ood_test,test
dtd_3433,chequered_chequered_0203.jpg,ood_test,test
dtd_3434,pitted_pitted_0081.jpg,ood_test,test
dtd_3435,polka-dotted_polka-dotted_0199.jpg,ood_test,test
dtd_3436,sprinkled_sprinkled_0111.jpg,ood_test,test
dtd_3437,wrinkled_wrinkled_0118.jpg,ood_test,test
dtd_3438,grid_grid_0071.jpg,ood_test,test
dtd_3439,potholed_potholed_0164.jpg,ood_test,test
dtd_3440,potholed_potholed_0170.jpg,ood_test,test
dtd_3441,scaly_scaly_0179.jpg,ood_test,test
dtd_3442,grid_grid_0065.jpg,ood_test,test
dtd_3443,spiralled_spiralled_0039.jpg,ood_test,test
dtd_3444,spiralled_spiralled_0011.jpg,ood_test,test
dtd_3445,bubbly_bubbly_0076.jpg,ood_test,test
dtd_3446,veined_veined_0112.jpg,ood_test,test
dtd_3447,banded_banded_0037.jpg,ood_test,test
dtd_3448,potholed_potholed_0158.jpg,ood_test,test
dtd_3449,scaly_scaly_0151.jpg,ood_test,test
dtd_3450,banded_banded_0023.jpg,ood_test,test
dtd_3451,scaly_scaly_0145.jpg,ood_test,test
dtd_3452,lined_lined_0082.jpg,ood_test,test
dtd_3453,veined_veined_0106.jpg,ood_test,test
dtd_3454,braided_braided_0188.jpg,ood_test,test
dtd_3455,grid_grid_0059.jpg,ood_test,test
dtd_3456,swirly_swirly_0112.jpg,ood_test,test
dtd_3457,grooved_grooved_0048.jpg,ood_test,test
dtd_3458,braided_braided_0163.jpg,ood_test,test
dtd_3459,bubbly_bubbly_0089.jpg,ood_test,test
dtd_3460,lacelike_lacelike_0110.jpg,ood_test,test
dtd_3461,lacelike_lacelike_0104.jpg,ood_test,test
dtd_3462,gauzy_gauzy_0202.jpg,ood_test,test
dtd_3463,braided_braided_0177.jpg,ood_test,test
dtd_3464,swirly_swirly_0106.jpg,ood_test,test
dtd_3465,grooved_grooved_0074.jpg,ood_test,test
dtd_3466,interlaced_interlaced_0107.jpg,ood_test,test
dtd_3467,marbled_marbled_0123.jpg,ood_test,test
dtd_3468,perforated_perforated_0156.jpg,ood_test,test
dtd_3469,scaly_scaly_0192.jpg,ood_test,test
dtd_3470,dotted_dotted_0102.jpg,ood_test,test
dtd_3471,blotchy_blotchy_0017.jpg,ood_test,test
dtd_3472,blotchy_blotchy_0003.jpg,ood_test,test
dtd_3473,lined_lined_0041.jpg,ood_test,test
dtd_3474,perforated_perforated_0142.jpg,ood_test,test
dtd_3475,scaly_scaly_0186.jpg,ood_test,test
dtd_3476,dotted_dotted_0116.jpg,ood_test,test
dtd_3477,marbled_marbled_0137.jpg,ood_test,test
dtd_3478,smeared_smeared_0035.jpg,ood_test,test
dtd_3479,grooved_grooved_0060.jpg,ood_test,test
dtd_3480,interlaced_interlaced_0113.jpg,ood_test,test
dtd_3481,freckled_freckled_0162.jpg,ood_test,test
dtd_3482,polka-dotted_polka-dotted_0204.jpg,ood_test,test
dtd_3483,grid_grid_0105.jpg,ood_test,test
dtd_3484,dotted_dotted_0089.jpg,ood_test,test
dtd_3485,paisley_paisley_0020.jpg,ood_test,test
dtd_3486,grid_grid_0111.jpg,ood_test,test
dtd_3487,freckled_freckled_0176.jpg,ood_test,test
dtd_3488,swirly_swirly_0099.jpg,ood_test,test
dtd_3489,marbled_marbled_0094.jpg,ood_test,test
dtd_3490,bubbly_bubbly_0102.jpg,ood_test,test
dtd_3491,veined_veined_0066.jpg,ood_test,test
dtd_3492,banded_banded_0143.jpg,ood_test,test
dtd_3493,paisley_paisley_0008.jpg,ood_test,test
dtd_3494,veined_veined_0072.jpg,ood_test,test
dtd_3495,bubbly_bubbly_0116.jpg,ood_test,test
dtd_3496,marbled_marbled_0080.jpg,ood_test,test
dtd_3497,swirly_swirly_0066.jpg,ood_test,test
dtd_3498,flecked_flecked_0167.jpg,ood_test,test
dtd_3499,veined_veined_0099.jpg,ood_test,test
dtd_3500,lacelike_lacelike_0064.jpg,ood_test,test
dtd_3501,lacelike_lacelike_0070.jpg,ood_test,test
dtd_3502,lined_lined_0109.jpg,ood_test,test
dtd_3503,grooved_grooved_0128.jpg,ood_test,test
dtd_3504,swirly_swirly_0072.jpg,ood_test,test
dtd_3505,grooved_grooved_0100.jpg,ood_test,test
dtd_3506,chequered_chequered_0175.jpg,ood_test,test
dtd_3507,lacelike_lacelike_0058.jpg,ood_test,test
dtd_3508,lined_lined_0121.jpg,ood_test,test
dtd_3509,lined_lined_0135.jpg,ood_test,test
dtd_3510,dotted_dotted_0062.jpg,ood_test,test
dtd_3511,perforated_perforated_0036.jpg,ood_test,test
dtd_3512,smeared_smeared_0141.jpg,ood_test,test
dtd_3513,interlaced_interlaced_0067.jpg,ood_test,test
dtd_3514,grooved_grooved_0114.jpg,ood_test,test
dtd_3515,striped_striped_0115.jpg,ood_test,test
dtd_3516,wrinkled_wrinkled_0087.jpg,ood_test,test
dtd_3517,crosshatched_crosshatched_0128.jpg,ood_test,test
dtd_3518,pleated_pleated_0110.jpg,ood_test,test
dtd_3519,porous_porous_0148.jpg,ood_test,test
dtd_3520,bumpy_bumpy_0128.jpg,ood_test,test
dtd_3521,frilly_frilly_0036.jpg,ood_test,test
dtd_3522,cracked_cracked_0151.jpg,ood_test,test
dtd_3523,cracked_cracked_0145.jpg,ood_test,test
dtd_3524,frilly_frilly_0022.jpg,ood_test,test
dtd_3525,pleated_pleated_0104.jpg,ood_test,test
dtd_3526,striped_striped_0101.jpg,ood_test,test
dtd_3527,wrinkled_wrinkled_0093.jpg,ood_test,test
dtd_3528,porous_porous_0174.jpg,ood_test,test
dtd_3529,zigzagged_zigzagged_0117.jpg,ood_test,test
dtd_3530,crosshatched_crosshatched_0114.jpg,ood_test,test
dtd_3531,studded_studded_0117.jpg,ood_test,test
dtd_3532,pitted_pitted_0122.jpg,ood_test,test
dtd_3533,bumpy_bumpy_0114.jpg,ood_test,test
dtd_3534,meshed_meshed_0126.jpg,ood_test,test
dtd_3535,pitted_pitted_0136.jpg,ood_test,test
dtd_3536,meshed_meshed_0132.jpg,ood_test,test
dtd_3537,studded_studded_0103.jpg,ood_test,test
dtd_3538,matted_matted_0038.jpg,ood_test,test
dtd_3539,crosshatched_crosshatched_0100.jpg,ood_test,test
dtd_3540,porous_porous_0160.jpg,ood_test,test
dtd_3541,pleated_pleated_0138.jpg,ood_test,test
dtd_3542,honeycombed_honeycombed_0098.jpg,ood_test,test
dtd_3543,zigzagged_zigzagged_0103.jpg,ood_test,test
dtd_3544,honeycombed_honeycombed_0073.jpg,ood_test,test
dtd_3545,stratified_stratified_0142.jpg,ood_test,test
dtd_3546,wrinkled_wrinkled_0044.jpg,ood_test,test
dtd_3547,gauzy_gauzy_0160.jpg,ood_test,test
dtd_3548,wrinkled_wrinkled_0050.jpg,ood_test,test
dtd_3549,gauzy_gauzy_0174.jpg,ood_test,test
dtd_3550,stratified_stratified_0156.jpg,ood_test,test
dtd_3551,honeycombed_honeycombed_0067.jpg,ood_test,test
dtd_3552,sprinkled_sprinkled_0059.jpg,ood_test,test
dtd_3553,wrinkled_wrinkled_0078.jpg,ood_test,test
dtd_3554,sprinkled_sprinkled_0071.jpg,ood_test,test
dtd_3555,waffled_waffled_0029.jpg,ood_test,test
dtd_3556,sprinkled_sprinkled_0065.jpg,ood_test,test
dtd_3557,gauzy_gauzy_0148.jpg,ood_test,test
dtd_3558,honeycombed_honeycombed_0063.jpg,ood_test,test
dtd_3559,stratified_stratified_0152.jpg,ood_test,test
dtd_3560,gauzy_gauzy_0170.jpg,ood_test,test
dtd_3561,wrinkled_wrinkled_0054.jpg,ood_test,test
dtd_3562,crystalline_crystalline_0057.jpg,ood_test,test
dtd_3563,gauzy_gauzy_0164.jpg,ood_test,test
dtd_3564,wrinkled_wrinkled_0040.jpg,ood_test,test
dtd_3565,sprinkled_sprinkled_0049.jpg,ood_test,test
dtd_3566,stratified_stratified_0146.jpg,ood_test,test
dtd_3567,wrinkled_wrinkled_0068.jpg,ood_test,test
dtd_3568,sprinkled_sprinkled_0061.jpg,ood_test,test
dtd_3569,fibrous_fibrous_0089.jpg,ood_test,test
dtd_3570,gauzy_gauzy_0158.jpg,ood_test,test
dtd_3571,crosshatched_crosshatched_0138.jpg,ood_test,test
dtd_3572,wrinkled_wrinkled_0097.jpg,ood_test,test
dtd_3573,striped_striped_0105.jpg,ood_test,test
dtd_3574,porous_porous_0158.jpg,ood_test,test
dtd_3575,pleated_pleated_0100.jpg,ood_test,test
dtd_3576,bumpy_bumpy_0138.jpg,ood_test,test
dtd_3577,frilly_frilly_0026.jpg,ood_test,test
dtd_3578,cracked_cracked_0141.jpg,ood_test,test
dtd_3579,cracked_cracked_0155.jpg,ood_test,test
dtd_3580,frilly_frilly_0032.jpg,ood_test,test
dtd_3581,pleated_pleated_0114.jpg,ood_test,test
dtd_3582,wrinkled_wrinkled_0083.jpg,ood_test,test
dtd_3583,striped_striped_0111.jpg,ood_test,test
dtd_3584,knitted_knitted_0075.jpg,ood_test,test
dtd_3585,zigzagged_zigzagged_0107.jpg,ood_test,test
dtd_3586,porous_porous_0164.jpg,ood_test,test
dtd_3587,crosshatched_crosshatched_0104.jpg,ood_test,test
dtd_3588,studded_studded_0107.jpg,ood_test,test
dtd_3589,meshed_meshed_0136.jpg,ood_test,test
dtd_3590,bumpy_bumpy_0104.jpg,ood_test,test
dtd_3591,pitted_pitted_0132.jpg,ood_test,test
dtd_3592,meshed_meshed_0122.jpg,ood_test,test
dtd_3593,bumpy_bumpy_0110.jpg,ood_test,test
dtd_3594,pitted_pitted_0126.jpg,ood_test,test
dtd_3595,studded_studded_0113.jpg,ood_test,test
dtd_3596,crosshatched_crosshatched_0110.jpg,ood_test,test
dtd_3597,matted_matted_0028.jpg,ood_test,test
dtd_3598,honeycombed_honeycombed_0088.jpg,ood_test,test
dtd_3599,zigzagged_zigzagged_0113.jpg,ood_test,test
dtd_3600,scaly_scaly_0223.jpg,ood_test,test
dtd_3601,pleated_pleated_0128.jpg,ood_test,test
dtd_3602,porous_porous_0170.jpg,ood_test,test
dtd_3603,swirly_swirly_0076.jpg,ood_test,test
dtd_3604,braided_braided_0007.jpg,ood_test,test
dtd_3605,chequered_chequered_0159.jpg,ood_test,test
dtd_3606,veined_veined_0089.jpg,ood_test,test
dtd_3607,lacelike_lacelike_0074.jpg,ood_test,test
dtd_3608,lacelike_lacelike_0060.jpg,ood_test,test
dtd_3609,lined_lined_0119.jpg,ood_test,test
dtd_3610,braided_braided_0013.jpg,ood_test,test
dtd_3611,grooved_grooved_0138.jpg,ood_test,test
dtd_3612,flecked_flecked_0163.jpg,ood_test,test
dtd_3613,swirly_swirly_0062.jpg,ood_test,test
dtd_3614,grooved_grooved_0110.jpg,ood_test,test
dtd_3615,chequered_chequered_0165.jpg,ood_test,test
dtd_3616,smeared_smeared_0145.jpg,ood_test,test
dtd_3617,lacelike_lacelike_0048.jpg,ood_test,test
dtd_3618,lined_lined_0131.jpg,ood_test,test
dtd_3619,lined_lined_0125.jpg,ood_test,test
dtd_3620,perforated_perforated_0026.jpg,ood_test,test
dtd_3621,dotted_dotted_0072.jpg,ood_test,test
dtd_3622,grooved_grooved_0104.jpg,ood_test,test
dtd_3623,freckled_freckled_0172.jpg,ood_test,test
dtd_3624,grid_grid_0115.jpg,ood_test,test
dtd_3625,polka-dotted_polka-dotted_0214.jpg,ood_test,test
dtd_3626,paisley_paisley_0030.jpg,ood_test,test
dtd_3627,paisley_paisley_0024.jpg,ood_test,test
dtd_3628,grid_grid_0101.jpg,ood_test,test
dtd_3629,polka-dotted_polka-dotted_0200.jpg,ood_test,test
dtd_3630,freckled_freckled_0166.jpg,ood_test,test
dtd_3631,swirly_swirly_0089.jpg,ood_test,test
dtd_3632,grid_grid_0129.jpg,ood_test,test
dtd_3633,polka-dotted_polka-dotted_0228.jpg,ood_test,test
dtd_3634,bubbly_bubbly_0112.jpg,ood_test,test
dtd_3635,banded_banded_0153.jpg,ood_test,test
dtd_3636,paisley_paisley_0018.jpg,ood_test,test
dtd_3637,banded_banded_0147.jpg,ood_test,test
dtd_3638,bubbly_bubbly_0106.jpg,ood_test,test
dtd_3639,marbled_marbled_0090.jpg,ood_test,test
dtd_3640,swirly_swirly_0102.jpg,ood_test,test
dtd_3641,flecked_flecked_0003.jpg,ood_test,test
dtd_3642,grooved_grooved_0058.jpg,ood_test,test
dtd_3643,braided_braided_0173.jpg,ood_test,test
dtd_3644,lined_lined_0079.jpg,ood_test,test
dtd_3645,lacelike_lacelike_0100.jpg,ood_test,test
dtd_3646,lacelike_lacelike_0114.jpg,ood_test,test
dtd_3647,braided_braided_0167.jpg,ood_test,test
dtd_3648,swirly_swirly_0116.jpg,ood_test,test
dtd_3649,smeared_smeared_0019.jpg,ood_test,test
dtd_3650,interlaced_interlaced_0117.jpg,ood_test,test
dtd_3651,grooved_grooved_0064.jpg,ood_test,test
dtd_3652,smeared_smeared_0031.jpg,ood_test,test
dtd_3653,marbled_marbled_0133.jpg,ood_test,test
dtd_3654,dotted_dotted_0112.jpg,ood_test,test
dtd_3655,perforated_perforated_0146.jpg,ood_test,test
dtd_3656,scaly_scaly_0182.jpg,ood_test,test
dtd_3657,lined_lined_0045.jpg,ood_test,test
dtd_3658,dotted_dotted_0106.jpg,ood_test,test
dtd_3659,perforated_perforated_0152.jpg,ood_test,test
dtd_3660,scaly_scaly_0196.jpg,ood_test,test
dtd_3661,interlaced_interlaced_0103.jpg,ood_test,test
dtd_3662,grid_grid_0061.jpg,ood_test,test
dtd_3663,potholed_potholed_0160.jpg,ood_test,test
dtd_3664,scaly_scaly_0169.jpg,ood_test,test
dtd_3665,spiralled_spiralled_0029.jpg,ood_test,test
dtd_3666,bubbly_bubbly_0066.jpg,ood_test,test
dtd_3667,veined_veined_0102.jpg,ood_test,test
dtd_3668,woven_woven_0033.jpg,ood_test,test
dtd_3669,lined_lined_0086.jpg,ood_test,test
dtd_3670,potholed_potholed_0148.jpg,ood_test,test
dtd_3671,scaly_scaly_0141.jpg,ood_test,test
dtd_3672,banded_banded_0033.jpg,ood_test,test
dtd_3673,scaly_scaly_0155.jpg,ood_test,test
dtd_3674,veined_veined_0116.jpg,ood_test,test
dtd_3675,woven_woven_0027.jpg,ood_test,test
dtd_3676,spiralled_spiralled_0015.jpg,ood_test,test
dtd_3677,grid_grid_0049.jpg,ood_test,test
dtd_3678,honeycombed_honeycombed_0117.jpg,ood_test,test
dtd_3679,sprinkled_sprinkled_0129.jpg,ood_test,test
dtd_3680,wrinkled_wrinkled_0120.jpg,ood_test,test
dtd_3681,waffled_waffled_0165.jpg,ood_test,test
dtd_3682,crystalline_crystalline_0123.jpg,ood_test,test
dtd_3683,waffled_waffled_0171.jpg,ood_test,test
dtd_3684,crystalline_crystalline_0137.jpg,ood_test,test
dtd_3685,studded_studded_0098.jpg,ood_test,test
dtd_3686,wrinkled_wrinkled_0134.jpg,ood_test,test
dtd_3687,zigzagged_zigzagged_0098.jpg,ood_test,test
dtd_3688,honeycombed_honeycombed_0103.jpg,ood_test,test
dtd_3689,stained_stained_0028.jpg,ood_test,test
dtd_3690,sprinkled_sprinkled_0115.jpg,ood_test,test
dtd_3691,waffled_waffled_0159.jpg,ood_test,test
dtd_3692,chequered_chequered_0213.jpg,ood_test,test
dtd_3693,chequered_chequered_0207.jpg,ood_test,test
dtd_3694,pitted_pitted_0091.jpg,ood_test,test
dtd_3695,sprinkled_sprinkled_0101.jpg,ood_test,test
dtd_3696,wrinkled_wrinkled_0108.jpg,ood_test,test
dtd_3697,knitted_knitted_0115.jpg,ood_test,test
dtd_3698,striped_striped_0071.jpg,ood_test,test
dtd_3699,pleated_pleated_0074.jpg,ood_test,test
dtd_3700,fibrous_fibrous_0116.jpg,ood_test,test
dtd_3701,polka-dotted_polka-dotted_0162.jpg,ood_test,test
dtd_3702,polka-dotted_polka-dotted_0176.jpg,ood_test,test
dtd_3703,pleated_pleated_0060.jpg,ood_test,test
dtd_3704,fibrous_fibrous_0102.jpg,ood_test,test
dtd_3705,knitted_knitted_0101.jpg,ood_test,test
dtd_3706,matted_matted_0160.jpg,ood_test,test
dtd_3707,striped_striped_0065.jpg,ood_test,test
dtd_3708,crosshatched_crosshatched_0058.jpg,ood_test,test
dtd_3709,pleated_pleated_0048.jpg,ood_test,test
dtd_3710,zigzagged_zigzagged_0073.jpg,ood_test,test
dtd_3711,knitted_knitted_0129.jpg,ood_test,test
dtd_3712,matted_matted_0148.jpg,ood_test,test
dtd_3713,studded_studded_0073.jpg,ood_test,test
dtd_3714,bumpy_bumpy_0070.jpg,ood_test,test
dtd_3715,meshed_meshed_0042.jpg,ood_test,test
dtd_3716,pitted_pitted_0052.jpg,ood_test,test
dtd_3717,meshed_meshed_0056.jpg,ood_test,test
dtd_3718,crosshatched_crosshatched_0064.jpg,ood_test,test
dtd_3719,zigzagged_zigzagged_0067.jpg,ood_test,test
dtd_3720,studded_studded_0066.jpg,ood_test,test
dtd_3721,pitted_pitted_0053.jpg,ood_test,test
dtd_3722,bumpy_bumpy_0065.jpg,ood_test,test
dtd_3723,zigzagged_zigzagged_0066.jpg,ood_test,test
dtd_3724,striped_striped_0058.jpg,ood_test,test
dtd_3725,crosshatched_crosshatched_0071.jpg,ood_test,test
dtd_3726,matted_matted_0149.jpg,ood_test,test
dtd_3727,knitted_knitted_0128.jpg,ood_test,test
dtd_3728,zigzagged_zigzagged_0072.jpg,ood_test,test
dtd_3729,pleated_pleated_0049.jpg,ood_test,test
dtd_3730,studded_studded_0072.jpg,ood_test,test
dtd_3731,bumpy_bumpy_0059.jpg,ood_test,test
dtd_3732,crosshatched_crosshatched_0059.jpg,ood_test,test
dtd_3733,matted_matted_0161.jpg,ood_test,test
dtd_3734,striped_striped_0064.jpg,ood_test,test
dtd_3735,fibrous_fibrous_0103.jpg,ood_test,test
dtd_3736,pleated_pleated_0061.jpg,ood_test,test
dtd_3737,fibrous_fibrous_0117.jpg,ood_test,test
dtd_3738,striped_striped_0070.jpg,ood_test,test
dtd_3739,knitted_knitted_0114.jpg,ood_test,test
dtd_3740,polka-dotted_polka-dotted_0163.jpg,ood_test,test
dtd_3741,pitted_pitted_0090.jpg,ood_test,test
dtd_3742,polka-dotted_polka-dotted_0188.jpg,ood_test,test
dtd_3743,chequered_chequered_0206.jpg,ood_test,test
dtd_3744,wrinkled_wrinkled_0109.jpg,ood_test,test
dtd_3745,sprinkled_sprinkled_0100.jpg,ood_test,test
dtd_3746,stained_stained_0015.jpg,ood_test,test
dtd_3747,sprinkled_sprinkled_0114.jpg,ood_test,test
dtd_3748,chequered_chequered_0212.jpg,ood_test,test
dtd_3749,pitted_pitted_0084.jpg,ood_test,test
dtd_3750,waffled_waffled_0158.jpg,ood_test,test
dtd_3751,crystalline_crystalline_0136.jpg,ood_test,test
dtd_3752,waffled_waffled_0170.jpg,ood_test,test
dtd_3753,stained_stained_0029.jpg,ood_test,test
dtd_3754,honeycombed_honeycombed_0102.jpg,ood_test,test
dtd_3755,zigzagged_zigzagged_0099.jpg,ood_test,test
dtd_3756,wrinkled_wrinkled_0135.jpg,ood_test,test
dtd_3757,wrinkled_wrinkled_0121.jpg,ood_test,test
dtd_3758,sprinkled_sprinkled_0128.jpg,ood_test,test
dtd_3759,honeycombed_honeycombed_0116.jpg,ood_test,test
dtd_3760,stratified_stratified_0027.jpg,ood_test,test
dtd_3761,crystalline_crystalline_0122.jpg,ood_test,test
dtd_3762,waffled_waffled_0164.jpg,ood_test,test
dtd_3763,woven_woven_0026.jpg,ood_test,test
dtd_3764,veined_veined_0117.jpg,ood_test,test
dtd_3765,scaly_scaly_0154.jpg,ood_test,test
dtd_3766,grid_grid_0048.jpg,ood_test,test
dtd_3767,spiralled_spiralled_0014.jpg,ood_test,test
dtd_3768,bubbly_bubbly_0073.jpg,ood_test,test
dtd_3769,bubbly_bubbly_0067.jpg,ood_test,test
dtd_3770,scaly_scaly_0140.jpg,ood_test,test
dtd_3771,potholed_potholed_0149.jpg,ood_test,test
dtd_3772,lined_lined_0087.jpg,ood_test,test
dtd_3773,woven_woven_0032.jpg,ood_test,test
dtd_3774,veined_veined_0103.jpg,ood_test,test
dtd_3775,scaly_scaly_0168.jpg,ood_test,test
dtd_3776,potholed_potholed_0161.jpg,ood_test,test
dtd_3777,grid_grid_0074.jpg,ood_test,test
dtd_3778,spiralled_spiralled_0028.jpg,ood_test,test
dtd_3779,grid_grid_0060.jpg,ood_test,test
dtd_3780,scaly_scaly_0197.jpg,ood_test,test
dtd_3781,perforated_perforated_0153.jpg,ood_test,test
dtd_3782,dotted_dotted_0107.jpg,ood_test,test
dtd_3783,grooved_grooved_0071.jpg,ood_test,test
dtd_3784,interlaced_interlaced_0102.jpg,ood_test,test
dtd_3785,marbled_marbled_0126.jpg,ood_test,test
dtd_3786,smeared_smeared_0024.jpg,ood_test,test
dtd_3787,marbled_marbled_0132.jpg,ood_test,test
dtd_3788,smeared_smeared_0030.jpg,ood_test,test
dtd_3789,grooved_grooved_0065.jpg,ood_test,test
dtd_3790,interlaced_interlaced_0116.jpg,ood_test,test
dtd_3791,blotchy_blotchy_0006.jpg,ood_test,test
dtd_3792,scaly_scaly_0183.jpg,ood_test,test
dtd_3793,perforated_perforated_0147.jpg,ood_test,test
dtd_3794,dotted_dotted_0113.jpg,ood_test,test
dtd_3795,lacelike_lacelike_0115.jpg,ood_test,test
dtd_3796,smeared_smeared_0018.jpg,ood_test,test
dtd_3797,swirly_swirly_0117.jpg,ood_test,test
dtd_3798,braided_braided_0166.jpg,ood_test,test
dtd_3799,braided_braided_0172.jpg,ood_test,test
dtd_3800,grooved_grooved_0059.jpg,ood_test,test
dtd_3801,swirly_swirly_0103.jpg,ood_test,test
dtd_3802,lacelike_lacelike_0101.jpg,ood_test,test
dtd_3803,banded_banded_0146.jpg,ood_test,test
dtd_3804,paisley_paisley_0019.jpg,ood_test,test
dtd_3805,marbled_marbled_0091.jpg,ood_test,test
dtd_3806,bubbly_bubbly_0107.jpg,ood_test,test
dtd_3807,bubbly_bubbly_0113.jpg,ood_test,test
dtd_3808,polka-dotted_polka-dotted_0229.jpg,ood_test,test
dtd_3809,grid_grid_0128.jpg,ood_test,test
dtd_3810,marbled_marbled_0085.jpg,ood_test,test
dtd_3811,swirly_swirly_0088.jpg,ood_test,test
dtd_3812,banded_banded_0152.jpg,ood_test,test
dtd_3813,veined_veined_0077.jpg,ood_test,test
dtd_3814,paisley_paisley_0025.jpg,ood_test,test
dtd_3815,freckled_freckled_0167.jpg,ood_test,test
dtd_3816,polka-dotted_polka-dotted_0201.jpg,ood_test,test
dtd_3817,grid_grid_0100.jpg,ood_test,test
dtd_3818,polka-dotted_polka-dotted_0215.jpg,ood_test,test
dtd_3819,grid_grid_0114.jpg,ood_test,test
dtd_3820,freckled_freckled_0173.jpg,ood_test,test
dtd_3821,dotted_dotted_0098.jpg,ood_test,test
dtd_3822,dotted_dotted_0073.jpg,ood_test,test
dtd_3823,lined_lined_0124.jpg,ood_test,test
dtd_3824,interlaced_interlaced_0076.jpg,ood_test,test
dtd_3825,grooved_grooved_0105.jpg,ood_test,test
dtd_3826,chequered_chequered_0170.jpg,ood_test,test
dtd_3827,smeared_smeared_0150.jpg,ood_test,test
dtd_3828,smeared_smeared_0144.jpg,ood_test,test
dtd_3829,chequered_chequered_0164.jpg,ood_test,test
dtd_3830,grooved_grooved_0111.jpg,ood_test,test
dtd_3831,lined_lined_0130.jpg,ood_test,test
dtd_3832,perforated_perforated_0033.jpg,ood_test,test
dtd_3833,lacelike_lacelike_0049.jpg,ood_test,test
dtd_3834,lined_lined_0118.jpg,ood_test,test
dtd_3835,lacelike_lacelike_0061.jpg,ood_test,test
dtd_3836,swirly_swirly_0063.jpg,ood_test,test
dtd_3837,flecked_flecked_0162.jpg,ood_test,test
dtd_3838,grooved_grooved_0139.jpg,ood_test,test
dtd_3839,chequered_chequered_0158.jpg,ood_test,test
dtd_3840,braided_braided_0006.jpg,ood_test,test
dtd_3841,swirly_swirly_0077.jpg,ood_test,test
dtd_3842,lacelike_lacelike_0075.jpg,ood_test,test
dtd_3843,veined_veined_0088.jpg,ood_test,test
dtd_3844,pitted_pitted_0127.jpg,ood_test,test
dtd_3845,bumpy_bumpy_0111.jpg,ood_test,test
dtd_3846,meshed_meshed_0123.jpg,ood_test,test
dtd_3847,porous_porous_0171.jpg,ood_test,test
dtd_3848,pleated_pleated_0129.jpg,ood_test,test
dtd_3849,zigzagged_zigzagged_0112.jpg,ood_test,test
dtd_3850,scaly_scaly_0222.jpg,ood_test,test
dtd_3851,honeycombed_honeycombed_0089.jpg,ood_test,test
dtd_3852,crosshatched_crosshatched_0111.jpg,ood_test,test
dtd_3853,crosshatched_crosshatched_0105.jpg,ood_test,test
dtd_3854,porous_porous_0165.jpg,ood_test,test
dtd_3855,zigzagged_zigzagged_0106.jpg,ood_test,test
dtd_3856,pitted_pitted_0133.jpg,ood_test,test
dtd_3857,bumpy_bumpy_0105.jpg,ood_test,test
dtd_3858,meshed_meshed_0137.jpg,ood_test,test
dtd_3859,studded_studded_0106.jpg,ood_test,test
dtd_3860,frilly_frilly_0033.jpg,ood_test,test
dtd_3861,cracked_cracked_0154.jpg,ood_test,test
dtd_3862,striped_striped_0110.jpg,ood_test,test
dtd_3863,pleated_pleated_0115.jpg,ood_test,test
dtd_3864,pleated_pleated_0101.jpg,ood_test,test
dtd_3865,porous_porous_0159.jpg,ood_test,test
dtd_3866,striped_striped_0104.jpg,ood_test,test
dtd_3867,wrinkled_wrinkled_0096.jpg,ood_test,test
dtd_3868,crosshatched_crosshatched_0139.jpg,ood_test,test
dtd_3869,cracked_cracked_0140.jpg,ood_test,test
dtd_3870,bumpy_bumpy_0139.jpg,ood_test,test
dtd_3871,gauzy_gauzy_0159.jpg,ood_test,test
dtd_3872,sprinkled_sprinkled_0074.jpg,ood_test,test
dtd_3873,sprinkled_sprinkled_0060.jpg,ood_test,test
dtd_3874,stratified_stratified_0147.jpg,ood_test,test
dtd_3875,sprinkled_sprinkled_0048.jpg,ood_test,test
dtd_3876,wrinkled_wrinkled_0041.jpg,ood_test,test
dtd_3877,gauzy_gauzy_0165.jpg,ood_test,test
dtd_3878,wrinkled_wrinkled_0055.jpg,ood_test,test
dtd_3879,gauzy_gauzy_0171.jpg,ood_test,test
dtd_3880,stratified_stratified_0153.jpg,ood_test,test
dtd_3881,gauzy_gauzy_0167.jpg,ood_test,test
dtd_3882,wrinkled_wrinkled_0043.jpg,ood_test,test
dtd_3883,stratified_stratified_0145.jpg,ood_test,test
dtd_3884,honeycombed_honeycombed_0074.jpg,ood_test,test
dtd_3885,stratified_stratified_0151.jpg,ood_test,test
dtd_3886,gauzy_gauzy_0173.jpg,ood_test,test
dtd_3887,wrinkled_wrinkled_0057.jpg,ood_test,test
dtd_3888,sprinkled_sprinkled_0076.jpg,ood_test,test
dtd_3889,honeycombed_honeycombed_0048.jpg,ood_test,test
dtd_3890,knitted_knitted_0089.jpg,ood_test,test
dtd_3891,sprinkled_sprinkled_0062.jpg,ood_test,test
dtd_3892,pleated_pleated_0117.jpg,ood_test,test
dtd_3893,sprinkled_sprinkled_0089.jpg,ood_test,test
dtd_3894,wrinkled_wrinkled_0080.jpg,ood_test,test
dtd_3895,striped_striped_0112.jpg,ood_test,test
dtd_3896,knitted_knitted_0076.jpg,ood_test,test
dtd_3897,cracked_cracked_0156.jpg,ood_test,test
dtd_3898,frilly_frilly_0031.jpg,ood_test,test
dtd_3899,pitted_pitted_0119.jpg,ood_test,test
dtd_3900,meshed_meshed_0109.jpg,ood_test,test
dtd_3901,frilly_frilly_0025.jpg,ood_test,test
dtd_3902,cracked_cracked_0142.jpg,ood_test,test
dtd_3903,studded_studded_0138.jpg,ood_test,test
dtd_3904,wrinkled_wrinkled_0094.jpg,ood_test,test
dtd_3905,striped_striped_0106.jpg,ood_test,test
dtd_3906,scaly_scaly_0208.jpg,ood_test,test
dtd_3907,pleated_pleated_0103.jpg,ood_test,test
dtd_3908,crosshatched_crosshatched_0113.jpg,ood_test,test
dtd_3909,gauzy_gauzy_0198.jpg,ood_test,test
dtd_3910,scaly_scaly_0220.jpg,ood_test,test
dtd_3911,zigzagged_zigzagged_0110.jpg,ood_test,test
dtd_3912,porous_porous_0173.jpg,ood_test,test
dtd_3913,meshed_meshed_0121.jpg,ood_test,test
dtd_3914,pitted_pitted_0125.jpg,ood_test,test
dtd_3915,bumpy_bumpy_0113.jpg,ood_test,test
dtd_3916,studded_studded_0110.jpg,ood_test,test
dtd_3917,meshed_meshed_0135.jpg,ood_test,test
dtd_3918,pitted_pitted_0131.jpg,ood_test,test
dtd_3919,frilly_frilly_0019.jpg,ood_test,test
dtd_3920,bumpy_bumpy_0107.jpg,ood_test,test
dtd_3921,zigzagged_zigzagged_0104.jpg,ood_test,test
dtd_3922,porous_porous_0167.jpg,ood_test,test
dtd_3923,crosshatched_crosshatched_0107.jpg,ood_test,test
dtd_3924,interlaced_interlaced_0048.jpg,ood_test,test
dtd_3925,waffled_waffled_0204.jpg,ood_test,test
dtd_3926,flecked_flecked_0160.jpg,ood_test,test
dtd_3927,swirly_swirly_0061.jpg,ood_test,test
dtd_3928,lacelike_lacelike_0063.jpg,ood_test,test
dtd_3929,lacelike_lacelike_0077.jpg,ood_test,test
dtd_3930,swirly_swirly_0075.jpg,ood_test,test
dtd_3931,marbled_marbled_0078.jpg,ood_test,test
dtd_3932,chequered_chequered_0172.jpg,ood_test,test
dtd_3933,grooved_grooved_0107.jpg,ood_test,test
dtd_3934,lined_lined_0126.jpg,ood_test,test
dtd_3935,perforated_perforated_0025.jpg,ood_test,test
dtd_3936,lined_lined_0132.jpg,ood_test,test
dtd_3937,grooved_grooved_0113.jpg,ood_test,test
dtd_3938,interlaced_interlaced_0060.jpg,ood_test,test
dtd_3939,flecked_flecked_0148.jpg,ood_test,test
dtd_3940,smeared_smeared_0146.jpg,ood_test,test
dtd_3941,grid_grid_0102.jpg,ood_test,test
dtd_3942,polka-dotted_polka-dotted_0203.jpg,ood_test,test
dtd_3943,bubbly_bubbly_0139.jpg,ood_test,test
dtd_3944,freckled_freckled_0165.jpg,ood_test,test
dtd_3945,cobwebbed_cobwebbed_0159.jpg,ood_test,test
dtd_3946,paisley_paisley_0027.jpg,ood_test,test
dtd_3947,paisley_paisley_0033.jpg,ood_test,test
dtd_3948,freckled_freckled_0171.jpg,ood_test,test
dtd_3949,chequered_chequered_0199.jpg,ood_test,test
dtd_3950,grid_grid_0116.jpg,ood_test,test
dtd_3951,polka-dotted_polka-dotted_0217.jpg,ood_test,test
dtd_3952,bubbly_bubbly_0105.jpg,ood_test,test
dtd_3953,freckled_freckled_0159.jpg,ood_test,test
dtd_3954,marbled_marbled_0093.jpg,ood_test,test
dtd_3955,banded_banded_0144.jpg,ood_test,test
dtd_3956,veined_veined_0075.jpg,ood_test,test
dtd_3957,lacelike_lacelike_0088.jpg,ood_test,test
dtd_3958,banded_banded_0150.jpg,ood_test,test
dtd_3959,marbled_marbled_0087.jpg,ood_test,test
dtd_3960,bubbly_bubbly_0111.jpg,ood_test,test
dtd_3961,braided_braided_0164.jpg,ood_test,test
dtd_3962,swirly_swirly_0115.jpg,ood_test,test
dtd_3963,marbled_marbled_0118.jpg,ood_test,test
dtd_3964,dotted_dotted_0139.jpg,ood_test,test
dtd_3965,lacelike_lacelike_0117.jpg,ood_test,test
dtd_3966,blotchy_blotchy_0038.jpg,ood_test,test
dtd_3967,lacelike_lacelike_0103.jpg,ood_test,test
dtd_3968,swirly_swirly_0101.jpg,ood_test,test
dtd_3969,interlaced_interlaced_0128.jpg,ood_test,test
dtd_3970,braided_braided_0170.jpg,ood_test,test
dtd_3971,swirly_swirly_0129.jpg,ood_test,test
dtd_3972,grid_grid_0089.jpg,ood_test,test
dtd_3973,marbled_marbled_0124.jpg,ood_test,test
dtd_3974,smeared_smeared_0026.jpg,ood_test,test
dtd_3975,braided_braided_0158.jpg,ood_test,test
dtd_3976,dotted_dotted_0105.jpg,ood_test,test
dtd_3977,perforated_perforated_0151.jpg,ood_test,test
dtd_3978,dotted_dotted_0111.jpg,ood_test,test
dtd_3979,perforated_perforated_0145.jpg,ood_test,test
dtd_3980,scaly_scaly_0181.jpg,ood_test,test
dtd_3981,lined_lined_0046.jpg,ood_test,test
dtd_3982,interlaced_interlaced_0114.jpg,ood_test,test
dtd_3983,grooved_grooved_0067.jpg,ood_test,test
dtd_3984,marbled_marbled_0130.jpg,ood_test,test
dtd_3985,smeared_smeared_0032.jpg,ood_test,test
dtd_3986,veined_veined_0129.jpg,ood_test,test
dtd_3987,woven_woven_0018.jpg,ood_test,test
dtd_3988,potholed_potholed_0163.jpg,ood_test,test
dtd_3989,grooved_grooved_0098.jpg,ood_test,test
dtd_3990,bubbly_bubbly_0059.jpg,ood_test,test
dtd_3991,grid_grid_0062.jpg,ood_test,test
dtd_3992,bubbly_bubbly_0071.jpg,ood_test,test
dtd_3993,spiralled_spiralled_0016.jpg,ood_test,test
dtd_3994,banded_banded_0030.jpg,ood_test,test
dtd_3995,scaly_scaly_0156.jpg,ood_test,test
dtd_3996,veined_veined_0115.jpg,ood_test,test
dtd_3997,woven_woven_0024.jpg,ood_test,test
dtd_3998,veined_veined_0101.jpg,ood_test,test
dtd_3999,woven_woven_0030.jpg,ood_test,test
dtd_4000,lined_lined_0085.jpg,ood_test,test
dtd_4001,banded_banded_0024.jpg,ood_test,test
dtd_4002,scaly_scaly_0142.jpg,ood_test,test
dtd_4003,wrinkled_wrinkled_0137.jpg,ood_test,test
dtd_4004,crosshatched_crosshatched_0098.jpg,ood_test,test
dtd_4005,honeycombed_honeycombed_0100.jpg,ood_test,test
dtd_4006,crystalline_crystalline_0134.jpg,ood_test,test
dtd_4007,waffled_waffled_0172.jpg,ood_test,test
dtd_4008,bumpy_bumpy_0098.jpg,ood_test,test
dtd_4009,crystalline_crystalline_0120.jpg,ood_test,test
dtd_4010,waffled_waffled_0166.jpg,ood_test,test
dtd_4011,honeycombed_honeycombed_0114.jpg,ood_test,test
dtd_4012,wrinkled_wrinkled_0123.jpg,ood_test,test
dtd_4013,sprinkled_sprinkled_0102.jpg,ood_test,test
dtd_4014,striped_striped_0099.jpg,ood_test,test
dtd_4015,chequered_chequered_0204.jpg,ood_test,test
dtd_4016,crystalline_crystalline_0108.jpg,ood_test,test
dtd_4017,chequered_chequered_0210.jpg,ood_test,test
dtd_4018,honeycombed_honeycombed_0128.jpg,ood_test,test
dtd_4019,sprinkled_sprinkled_0116.jpg,ood_test,test
dtd_4020,pleated_pleated_0063.jpg,ood_test,test
dtd_4021,zigzagged_zigzagged_0058.jpg,ood_test,test
dtd_4022,fibrous_fibrous_0101.jpg,ood_test,test
dtd_4023,knitted_knitted_0102.jpg,ood_test,test
dtd_4024,striped_striped_0066.jpg,ood_test,test
dtd_4025,matted_matted_0163.jpg,ood_test,test
dtd_4026,polka-dotted_polka-dotted_0161.jpg,ood_test,test
dtd_4027,knitted_knitted_0116.jpg,ood_test,test
dtd_4028,striped_striped_0072.jpg,ood_test,test
dtd_4029,pleated_pleated_0077.jpg,ood_test,test
dtd_4030,fibrous_fibrous_0115.jpg,ood_test,test
dtd_4031,zigzagged_zigzagged_0064.jpg,ood_test,test
dtd_4032,pitted_pitted_0051.jpg,ood_test,test
dtd_4033,bumpy_bumpy_0067.jpg,ood_test,test
dtd_4034,meshed_meshed_0055.jpg,ood_test,test
dtd_4035,bumpy_bumpy_0073.jpg,ood_test,test
dtd_4036,waffled_waffled_0199.jpg,ood_test,test
dtd_4037,zigzagged_zigzagged_0070.jpg,ood_test,test
dtd_4038,fibrous_fibrous_0129.jpg,ood_test,test
dtd_4039,crosshatched_crosshatched_0073.jpg,ood_test,test
dtd_4040,waffled_waffled_0198.jpg,ood_test,test
dtd_4041,bumpy_bumpy_0072.jpg,ood_test,test
dtd_4042,crosshatched_crosshatched_0072.jpg,ood_test,test
dtd_4043,fibrous_fibrous_0128.jpg,ood_test,test
dtd_4044,zigzagged_zigzagged_0071.jpg,ood_test,test
dtd_4045,zigzagged_zigzagged_0065.jpg,ood_test,test
dtd_4046,crosshatched_crosshatched_0066.jpg,ood_test,test
dtd_4047,studded_studded_0065.jpg,ood_test,test
dtd_4048,meshed_meshed_0054.jpg,ood_test,test
dtd_4049,pitted_pitted_0078.jpg,ood_test,test
dtd_4050,fibrous_fibrous_0114.jpg,ood_test,test
dtd_4051,striped_striped_0073.jpg,ood_test,test
dtd_4052,knitted_knitted_0117.jpg,ood_test,test
dtd_4053,striped_striped_0067.jpg,ood_test,test
dtd_4054,matted_matted_0162.jpg,ood_test,test
dtd_4055,knitted_knitted_0103.jpg,ood_test,test
dtd_4056,zigzagged_zigzagged_0059.jpg,ood_test,test
dtd_4057,pleated_pleated_0062.jpg,ood_test,test
dtd_4058,polka-dotted_polka-dotted_0174.jpg,ood_test,test
dtd_4059,chequered_chequered_0211.jpg,ood_test,test
dtd_4060,pleated_pleated_0089.jpg,ood_test,test
dtd_4061,sprinkled_sprinkled_0117.jpg,ood_test,test
dtd_4062,honeycombed_honeycombed_0129.jpg,ood_test,test
dtd_4063,striped_striped_0098.jpg,ood_test,test
dtd_4064,sprinkled_sprinkled_0103.jpg,ood_test,test
dtd_4065,crystalline_crystalline_0109.jpg,ood_test,test
dtd_4066,chequered_chequered_0205.jpg,ood_test,test
dtd_4067,waffled_waffled_0167.jpg,ood_test,test
dtd_4068,crystalline_crystalline_0121.jpg,ood_test,test
dtd_4069,wrinkled_wrinkled_0122.jpg,ood_test,test
dtd_4070,honeycombed_honeycombed_0115.jpg,ood_test,test
dtd_4071,honeycombed_honeycombed_0101.jpg,ood_test,test
dtd_4072,crosshatched_crosshatched_0099.jpg,ood_test,test
dtd_4073,wrinkled_wrinkled_0136.jpg,ood_test,test
dtd_4074,waffled_waffled_0173.jpg,ood_test,test
dtd_4075,crystalline_crystalline_0135.jpg,ood_test,test
dtd_4076,scaly_scaly_0143.jpg,ood_test,test
dtd_4077,banded_banded_0025.jpg,ood_test,test
dtd_4078,lined_lined_0084.jpg,ood_test,test
dtd_4079,woven_woven_0031.jpg,ood_test,test
dtd_4080,veined_veined_0100.jpg,ood_test,test
dtd_4081,bubbly_bubbly_0064.jpg,ood_test,test
dtd_4082,spiralled_spiralled_0017.jpg,ood_test,test
dtd_4083,bubbly_bubbly_0070.jpg,ood_test,test
dtd_4084,woven_woven_0025.jpg,ood_test,test
dtd_4085,veined_veined_0114.jpg,ood_test,test
dtd_4086,scaly_scaly_0157.jpg,ood_test,test
dtd_4087,banded_banded_0019.jpg,ood_test,test
dtd_4088,grid_grid_0063.jpg,ood_test,test
dtd_4089,grooved_grooved_0099.jpg,ood_test,test
dtd_4090,grid_grid_0077.jpg,ood_test,test
dtd_4091,potholed_potholed_0162.jpg,ood_test,test
dtd_4092,woven_woven_0019.jpg,ood_test,test
dtd_4093,veined_veined_0128.jpg,ood_test,test
dtd_4094,lined_lined_0047.jpg,ood_test,test
dtd_4095,scaly_scaly_0180.jpg,ood_test,test
dtd_4096,perforated_perforated_0144.jpg,ood_test,test
dtd_4097,dotted_dotted_0110.jpg,ood_test,test
dtd_4098,smeared_smeared_0033.jpg,ood_test,test
dtd_4099,marbled_marbled_0131.jpg,ood_test,test
dtd_4100,grooved_grooved_0066.jpg,ood_test,test
dtd_4101,interlaced_interlaced_0115.jpg,ood_test,test
dtd_4102,braided_braided_0159.jpg,ood_test,test
dtd_4103,grooved_grooved_0072.jpg,ood_test,test
dtd_4104,interlaced_interlaced_0101.jpg,ood_test,test
dtd_4105,smeared_smeared_0027.jpg,ood_test,test
dtd_4106,marbled_marbled_0125.jpg,ood_test,test
dtd_4107,grid_grid_0088.jpg,ood_test,test
dtd_4108,swirly_swirly_0128.jpg,ood_test,test
dtd_4109,scaly_scaly_0194.jpg,ood_test,test
dtd_4110,perforated_perforated_0150.jpg,ood_test,test
dtd_4111,dotted_dotted_0104.jpg,ood_test,test
dtd_4112,lacelike_lacelike_0102.jpg,ood_test,test
dtd_4113,blotchy_blotchy_0039.jpg,ood_test,test
dtd_4114,braided_braided_0171.jpg,ood_test,test
dtd_4115,interlaced_interlaced_0129.jpg,ood_test,test
dtd_4116,marbled_marbled_0119.jpg,ood_test,test
dtd_4117,swirly_swirly_0114.jpg,ood_test,test
dtd_4118,braided_braided_0165.jpg,ood_test,test
dtd_4119,lacelike_lacelike_0116.jpg,ood_test,test
dtd_4120,dotted_dotted_0138.jpg,ood_test,test
dtd_4121,banded_banded_0151.jpg,ood_test,test
dtd_4122,lacelike_lacelike_0089.jpg,ood_test,test
dtd_4123,veined_veined_0074.jpg,ood_test,test
dtd_4124,bubbly_bubbly_0110.jpg,ood_test,test
dtd_4125,marbled_marbled_0086.jpg,ood_test,test
dtd_4126,marbled_marbled_0092.jpg,ood_test,test
dtd_4127,freckled_freckled_0158.jpg,ood_test,test
dtd_4128,bubbly_bubbly_0104.jpg,ood_test,test
dtd_4129,banded_banded_0145.jpg,ood_test,test
dtd_4130,potholed_potholed_0002.jpg,ood_test,test
dtd_4131,paisley_paisley_0032.jpg,ood_test,test
dtd_4132,polka-dotted_polka-dotted_0216.jpg,ood_test,test
dtd_4133,grid_grid_0117.jpg,ood_test,test
dtd_4134,chequered_chequered_0198.jpg,ood_test,test
dtd_4135,freckled_freckled_0170.jpg,ood_test,test
dtd_4136,freckled_freckled_0164.jpg,ood_test,test
dtd_4137,bubbly_bubbly_0138.jpg,ood_test,test
dtd_4138,grid_grid_0103.jpg,ood_test,test
dtd_4139,paisley_paisley_0026.jpg,ood_test,test
dtd_4140,cobwebbed_cobwebbed_0158.jpg,ood_test,test
dtd_4141,lined_lined_0133.jpg,ood_test,test
dtd_4142,smeared_smeared_0147.jpg,ood_test,test
dtd_4143,flecked_flecked_0149.jpg,ood_test,test
dtd_4144,chequered_chequered_0167.jpg,ood_test,test
dtd_4145,grooved_grooved_0112.jpg,ood_test,test
dtd_4146,grooved_grooved_0106.jpg,ood_test,test
dtd_4147,chequered_chequered_0173.jpg,ood_test,test
dtd_4148,perforated_perforated_0024.jpg,ood_test,test
dtd_4149,lined_lined_0127.jpg,ood_test,test
dtd_4150,lacelike_lacelike_0076.jpg,ood_test,test
dtd_4151,marbled_marbled_0079.jpg,ood_test,test
dtd_4152,swirly_swirly_0074.jpg,ood_test,test
dtd_4153,swirly_swirly_0060.jpg,ood_test,test
dtd_4154,flecked_flecked_0161.jpg,ood_test,test
dtd_4155,interlaced_interlaced_0049.jpg,ood_test,test
dtd_4156,lacelike_lacelike_0062.jpg,ood_test,test
dtd_4157,frilly_frilly_0018.jpg,ood_test,test
dtd_4158,bumpy_bumpy_0106.jpg,ood_test,test
dtd_4159,pitted_pitted_0130.jpg,ood_test,test
dtd_4160,meshed_meshed_0134.jpg,ood_test,test
dtd_4161,studded_studded_0105.jpg,ood_test,test
dtd_4162,crosshatched_crosshatched_0106.jpg,ood_test,test
dtd_4163,porous_porous_0166.jpg,ood_test,test
dtd_4164,zigzagged_zigzagged_0105.jpg,ood_test,test
dtd_4165,porous_porous_0172.jpg,ood_test,test
dtd_4166,scaly_scaly_0221.jpg,ood_test,test
dtd_4167,zigzagged_zigzagged_0111.jpg,ood_test,test
dtd_4168,gauzy_gauzy_0199.jpg,ood_test,test
dtd_4169,crosshatched_crosshatched_0112.jpg,ood_test,test
dtd_4170,studded_studded_0111.jpg,ood_test,test
dtd_4171,bumpy_bumpy_0112.jpg,ood_test,test
dtd_4172,pitted_pitted_0124.jpg,ood_test,test
dtd_4173,meshed_meshed_0120.jpg,ood_test,test
dtd_4174,studded_studded_0139.jpg,ood_test,test
dtd_4175,cracked_cracked_0143.jpg,ood_test,test
dtd_4176,frilly_frilly_0024.jpg,ood_test,test
dtd_4177,meshed_meshed_0108.jpg,ood_test,test
dtd_4178,pleated_pleated_0102.jpg,ood_test,test
dtd_4179,scaly_scaly_0209.jpg,ood_test,test
dtd_4180,striped_striped_0107.jpg,ood_test,test
dtd_4181,wrinkled_wrinkled_0095.jpg,ood_test,test
dtd_4182,striped_striped_0113.jpg,ood_test,test
dtd_4183,sprinkled_sprinkled_0088.jpg,ood_test,test
dtd_4184,pleated_pleated_0116.jpg,ood_test,test
dtd_4185,pitted_pitted_0118.jpg,ood_test,test
dtd_4186,frilly_frilly_0030.jpg,ood_test,test
dtd_4187,cracked_cracked_0157.jpg,ood_test,test
dtd_4188,sprinkled_sprinkled_0063.jpg,ood_test,test
dtd_4189,honeycombed_honeycombed_0049.jpg,ood_test,test
dtd_4190,sprinkled_sprinkled_0077.jpg,ood_test,test
dtd_4191,wrinkled_wrinkled_0056.jpg,ood_test,test
dtd_4192,gauzy_gauzy_0172.jpg,ood_test,test
dtd_4193,stratified_stratified_0150.jpg,ood_test,test
dtd_4194,honeycombed_honeycombed_0061.jpg,ood_test,test
dtd_4195,honeycombed_honeycombed_0075.jpg,ood_test,test
dtd_4196,stratified_stratified_0144.jpg,ood_test,test
dtd_4197,wrinkled_wrinkled_0042.jpg,ood_test,test
dtd_4198,gauzy_gauzy_0166.jpg,ood_test,test
dtd_4199,stained_stained_0105.jpg,ood_test,test
dtd_4200,meshed_meshed_0184.jpg,ood_test,test
dtd_4201,polka-dotted_polka-dotted_0098.jpg,ood_test,test
dtd_4202,meshed_meshed_0190.jpg,ood_test,test
dtd_4203,stained_stained_0111.jpg,ood_test,test
dtd_4204,dotted_dotted_0201.jpg,ood_test,test
dtd_4205,gauzy_gauzy_0129.jpg,ood_test,test
dtd_4206,stained_stained_0139.jpg,ood_test,test
dtd_4207,stratified_stratified_0123.jpg,ood_test,test
dtd_4208,wrinkled_wrinkled_0025.jpg,ood_test,test
dtd_4209,studded_studded_0189.jpg,ood_test,test
dtd_4210,frilly_frilly_0094.jpg,ood_test,test
dtd_4211,waffled_waffled_0060.jpg,ood_test,test
dtd_4212,frilly_frilly_0080.jpg,ood_test,test
dtd_4213,waffled_waffled_0074.jpg,ood_test,test
dtd_4214,gauzy_gauzy_0115.jpg,ood_test,test
dtd_4215,wrinkled_wrinkled_0031.jpg,ood_test,test
dtd_4216,sprinkled_sprinkled_0038.jpg,ood_test,test
dtd_4217,stratified_stratified_0137.jpg,ood_test,test
dtd_4218,porous_porous_0115.jpg,ood_test,test
dtd_4219,studded_studded_0176.jpg,ood_test,test
dtd_4220,meshed_meshed_0147.jpg,ood_test,test
dtd_4221,bumpy_bumpy_0175.jpg,ood_test,test
dtd_4222,pitted_pitted_0143.jpg,ood_test,test
dtd_4223,meshed_meshed_0153.jpg,ood_test,test
dtd_4224,bumpy_bumpy_0161.jpg,ood_test,test
dtd_4225,pitted_pitted_0157.jpg,ood_test,test
dtd_4226,studded_studded_0162.jpg,ood_test,test
dtd_4227,cracked_cracked_0118.jpg,ood_test,test
dtd_4228,crosshatched_crosshatched_0161.jpg,ood_test,test
dtd_4229,pleated_pleated_0159.jpg,ood_test,test
dtd_4230,porous_porous_0101.jpg,ood_test,test
dtd_4231,crosshatched_crosshatched_0149.jpg,ood_test,test
dtd_4232,matted_matted_0071.jpg,ood_test,test
dtd_4233,porous_porous_0129.jpg,ood_test,test
dtd_4234,pleated_pleated_0171.jpg,ood_test,test
dtd_4235,bumpy_bumpy_0149.jpg,ood_test,test
dtd_4236,frilly_frilly_0057.jpg,ood_test,test
dtd_4237,cracked_cracked_0130.jpg,ood_test,test
dtd_4238,cracked_cracked_0124.jpg,ood_test,test
dtd_4239,frilly_frilly_0043.jpg,ood_test,test
dtd_4240,pleated_pleated_0165.jpg,ood_test,test
dtd_4241,matted_matted_0065.jpg,ood_test,test
dtd_4242,grooved_grooved_0161.jpg,ood_test,test
dtd_4243,chequered_chequered_0114.jpg,ood_test,test
dtd_4244,crystalline_crystalline_0218.jpg,ood_test,test
dtd_4245,smeared_smeared_0134.jpg,ood_test,test
dtd_4246,perforated_perforated_0043.jpg,ood_test,test
dtd_4247,lacelike_lacelike_0039.jpg,ood_test,test
dtd_4248,blotchy_blotchy_0102.jpg,ood_test,test
dtd_4249,lined_lined_0140.jpg,ood_test,test
dtd_4250,blotchy_blotchy_0116.jpg,ood_test,test
dtd_4251,lined_lined_0154.jpg,ood_test,test
dtd_4252,perforated_perforated_0057.jpg,ood_test,test
dtd_4253,smeared_smeared_0120.jpg,ood_test,test
dtd_4254,chequered_chequered_0100.jpg,ood_test,test
dtd_4255,flecked_flecked_0106.jpg,ood_test,test
dtd_4256,smeared_smeared_0108.jpg,ood_test,test
dtd_4257,braided_braided_0076.jpg,ood_test,test
dtd_4258,lacelike_lacelike_0005.jpg,ood_test,test
dtd_4259,paisley_paisley_0082.jpg,ood_test,test
dtd_4260,lacelike_lacelike_0011.jpg,ood_test,test
dtd_4261,paisley_paisley_0096.jpg,ood_test,test
dtd_4262,lined_lined_0168.jpg,ood_test,test
dtd_4263,grooved_grooved_0149.jpg,ood_test,test
dtd_4264,flecked_flecked_0112.jpg,ood_test,test
dtd_4265,spiralled_spiralled_0104.jpg,ood_test,test
dtd_4266,bubbly_bubbly_0163.jpg,ood_test,test
dtd_4267,cobwebbed_cobwebbed_0103.jpg,ood_test,test
dtd_4268,perforated_perforated_0080.jpg,ood_test,test
dtd_4269,banded_banded_0122.jpg,ood_test,test
dtd_4270,paisley_paisley_0069.jpg,ood_test,test
dtd_4271,banded_banded_0136.jpg,ood_test,test
dtd_4272,potholed_potholed_0059.jpg,ood_test,test
dtd_4273,cobwebbed_cobwebbed_0117.jpg,ood_test,test
dtd_4274,woven_woven_0122.jpg,ood_test,test
dtd_4275,spiralled_spiralled_0110.jpg,ood_test,test
dtd_4276,freckled_freckled_0103.jpg,ood_test,test
dtd_4277,spiralled_spiralled_0138.jpg,ood_test,test
dtd_4278,paisley_paisley_0041.jpg,ood_test,test
dtd_4279,fibrous_fibrous_0211.jpg,ood_test,test
dtd_4280,fibrous_fibrous_0205.jpg,ood_test,test
dtd_4281,potholed_potholed_0065.jpg,ood_test,test
dtd_4282,freckled_freckled_0117.jpg,ood_test,test
dtd_4283,interlaced_interlaced_0166.jpg,ood_test,test
dtd_4284,freckled_freckled_0088.jpg,ood_test,test
dtd_4285,smeared_smeared_0040.jpg,ood_test,test
dtd_4286,marbled_marbled_0142.jpg,ood_test,test
dtd_4287,dotted_dotted_0163.jpg,ood_test,test
dtd_4288,perforated_perforated_0137.jpg,ood_test,test
dtd_4289,lined_lined_0034.jpg,ood_test,test
dtd_4290,woven_woven_0081.jpg,ood_test,test
dtd_4291,woven_woven_0095.jpg,ood_test,test
dtd_4292,blotchy_blotchy_0062.jpg,ood_test,test
dtd_4293,banded_banded_0081.jpg,ood_test,test
dtd_4294,perforated_perforated_0123.jpg,ood_test,test
dtd_4295,marbled_marbled_0156.jpg,ood_test,test
dtd_4296,interlaced_interlaced_0172.jpg,ood_test,test
dtd_4297,grooved_grooved_0001.jpg,ood_test,test
dtd_4298,swirly_swirly_0173.jpg,ood_test,test
dtd_4299,braided_braided_0102.jpg,ood_test,test
dtd_4300,cobwebbed_cobwebbed_0088.jpg,ood_test,test
dtd_4301,braided_braided_0116.jpg,ood_test,test
dtd_4302,chequered_chequered_0048.jpg,ood_test,test
dtd_4303,swirly_swirly_0167.jpg,ood_test,test
dtd_4304,smeared_smeared_0068.jpg,ood_test,test
dtd_4305,flecked_flecked_0066.jpg,ood_test,test
dtd_4306,spiralled_spiralled_0070.jpg,ood_test,test
dtd_4307,smeared_smeared_0083.jpg,ood_test,test
dtd_4308,marbled_marbled_0181.jpg,ood_test,test
dtd_4309,bumpy_bumpy_0203.jpg,ood_test,test
dtd_4310,studded_studded_0200.jpg,ood_test,test
dtd_4311,cobwebbed_cobwebbed_0077.jpg,ood_test,test
dtd_4312,veined_veined_0173.jpg,ood_test,test
dtd_4313,scaly_scaly_0130.jpg,ood_test,test
dtd_4314,potholed_potholed_0139.jpg,ood_test,test
dtd_4315,paisley_paisley_0109.jpg,ood_test,test
dtd_4316,scaly_scaly_0124.jpg,ood_test,test
dtd_4317,banded_banded_0042.jpg,ood_test,test
dtd_4318,cobwebbed_cobwebbed_0063.jpg,ood_test,test
dtd_4319,woven_woven_0056.jpg,ood_test,test
dtd_4320,veined_veined_0167.jpg,ood_test,test
dtd_4321,studded_studded_0214.jpg,ood_test,test
dtd_4322,flecked_flecked_0099.jpg,ood_test,test
dtd_4323,smeared_smeared_0097.jpg,ood_test,test
dtd_4324,interlaced_interlaced_0199.jpg,ood_test,test
dtd_4325,freckled_freckled_0077.jpg,ood_test,test
dtd_4326,potholed_potholed_0105.jpg,ood_test,test
dtd_4327,blotchy_blotchy_0089.jpg,ood_test,test
dtd_4328,scaly_scaly_0118.jpg,ood_test,test
dtd_4329,potholed_potholed_0111.jpg,ood_test,test
dtd_4330,paisley_paisley_0121.jpg,ood_test,test
dtd_4331,dotted_dotted_0188.jpg,ood_test,test
dtd_4332,spiralled_spiralled_0058.jpg,ood_test,test
dtd_4333,fibrous_fibrous_0198.jpg,ood_test,test
dtd_4334,stained_stained_0071.jpg,ood_test,test
dtd_4335,waffled_waffled_0128.jpg,ood_test,test
dtd_4336,stained_stained_0065.jpg,ood_test,test
dtd_4337,stratified_stratified_0057.jpg,ood_test,test
dtd_4338,honeycombed_honeycombed_0166.jpg,ood_test,test
dtd_4339,cracked_cracked_0087.jpg,ood_test,test
dtd_4340,waffled_waffled_0114.jpg,ood_test,test
dtd_4341,crystalline_crystalline_0152.jpg,ood_test,test
dtd_4342,waffled_waffled_0100.jpg,ood_test,test
dtd_4343,crystalline_crystalline_0146.jpg,ood_test,test
dtd_4344,cracked_cracked_0093.jpg,ood_test,test
dtd_4345,wrinkled_wrinkled_0145.jpg,ood_test,test
dtd_4346,honeycombed_honeycombed_0172.jpg,ood_test,test
dtd_4347,stratified_stratified_0043.jpg,ood_test,test
dtd_4348,stained_stained_0059.jpg,ood_test,test
dtd_4349,porous_porous_0061.jpg,ood_test,test
dtd_4350,matted_matted_0139.jpg,ood_test,test
dtd_4351,knitted_knitted_0158.jpg,ood_test,test
dtd_4352,cracked_cracked_0078.jpg,ood_test,test
dtd_4353,pitted_pitted_0037.jpg,ood_test,test
dtd_4354,meshed_meshed_0033.jpg,ood_test,test
dtd_4355,meshed_meshed_0027.jpg,ood_test,test
dtd_4356,striped_striped_0028.jpg,ood_test,test
dtd_4357,porous_porous_0075.jpg,ood_test,test
dtd_4358,zigzagged_zigzagged_0016.jpg,ood_test,test
dtd_4359,matted_matted_0105.jpg,ood_test,test
dtd_4360,knitted_knitted_0164.jpg,ood_test,test
dtd_4361,stratified_stratified_0094.jpg,ood_test,test
dtd_4362,fibrous_fibrous_0167.jpg,ood_test,test
dtd_4363,frilly_frilly_0123.jpg,ood_test,test
dtd_4364,polka-dotted_polka-dotted_0113.jpg,ood_test,test
dtd_4365,crystalline_crystalline_0191.jpg,ood_test,test
dtd_4366,cracked_cracked_0050.jpg,ood_test,test
dtd_4367,crystalline_crystalline_0185.jpg,ood_test,test
dtd_4368,polka-dotted_polka-dotted_0107.jpg,ood_test,test
dtd_4369,fibrous_fibrous_0173.jpg,ood_test,test
dtd_4370,matted_matted_0111.jpg,ood_test,test
dtd_4371,striped_striped_0014.jpg,ood_test,test
dtd_4372,knitted_knitted_0170.jpg,ood_test,test
dtd_4373,crystalline_crystalline_0184.jpg,ood_test,test
dtd_4374,polka-dotted_polka-dotted_0106.jpg,ood_test,test
dtd_4375,cracked_cracked_0051.jpg,ood_test,test
dtd_4376,knitted_knitted_0171.jpg,ood_test,test
dtd_4377,matted_matted_0110.jpg,ood_test,test
dtd_4378,striped_striped_0015.jpg,ood_test,test
dtd_4379,fibrous_fibrous_0172.jpg,ood_test,test
dtd_4380,porous_porous_0048.jpg,ood_test,test
dtd_4381,fibrous_fibrous_0166.jpg,ood_test,test
dtd_4382,knitted_knitted_0165.jpg,ood_test,test
dtd_4383,striped_striped_0001.jpg,ood_test,test
dtd_4384,matted_matted_0104.jpg,ood_test,test
dtd_4385,polka-dotted_polka-dotted_0112.jpg,ood_test,test
dtd_4386,crystalline_crystalline_0190.jpg,ood_test,test
dtd_4387,frilly_frilly_0122.jpg,ood_test,test
dtd_4388,studded_studded_0017.jpg,ood_test,test
dtd_4389,meshed_meshed_0026.jpg,ood_test,test
dtd_4390,bumpy_bumpy_0014.jpg,ood_test,test
dtd_4391,zigzagged_zigzagged_0017.jpg,ood_test,test
dtd_4392,crosshatched_crosshatched_0014.jpg,ood_test,test
dtd_4393,striped_striped_0029.jpg,ood_test,test
dtd_4394,knitted_knitted_0159.jpg,ood_test,test
dtd_4395,matted_matted_0138.jpg,ood_test,test
dtd_4396,porous_porous_0060.jpg,ood_test,test
dtd_4397,meshed_meshed_0032.jpg,ood_test,test
dtd_4398,pitted_pitted_0036.jpg,ood_test,test
dtd_4399,cracked_cracked_0079.jpg,ood_test,test
dtd_4400,cracked_cracked_0092.jpg,ood_test,test
dtd_4401,crystalline_crystalline_0147.jpg,ood_test,test
dtd_4402,waffled_waffled_0101.jpg,ood_test,test
dtd_4403,stained_stained_0058.jpg,ood_test,test
dtd_4404,stratified_stratified_0042.jpg,ood_test,test
dtd_4405,honeycombed_honeycombed_0173.jpg,ood_test,test
dtd_4406,wrinkled_wrinkled_0144.jpg,ood_test,test
dtd_4407,honeycombed_honeycombed_0167.jpg,ood_test,test
dtd_4408,stratified_stratified_0056.jpg,ood_test,test
dtd_4409,crystalline_crystalline_0153.jpg,ood_test,test
dtd_4410,waffled_waffled_0115.jpg,ood_test,test
dtd_4411,stained_stained_0064.jpg,ood_test,test
dtd_4412,stained_stained_0070.jpg,ood_test,test
dtd_4413,fibrous_fibrous_0199.jpg,ood_test,test
dtd_4414,waffled_waffled_0129.jpg,ood_test,test
dtd_4415,dotted_dotted_0189.jpg,ood_test,test
dtd_4416,paisley_paisley_0120.jpg,ood_test,test
dtd_4417,potholed_potholed_0110.jpg,ood_test,test
dtd_4418,scaly_scaly_0119.jpg,ood_test,test
dtd_4419,freckled_freckled_0062.jpg,ood_test,test
dtd_4420,grid_grid_0005.jpg,ood_test,test
dtd_4421,grid_grid_0011.jpg,ood_test,test
dtd_4422,freckled_freckled_0076.jpg,ood_test,test
dtd_4423,interlaced_interlaced_0198.jpg,ood_test,test
dtd_4424,blotchy_blotchy_0088.jpg,ood_test,test
dtd_4425,potholed_potholed_0104.jpg,ood_test,test
dtd_4426,veined_veined_0166.jpg,ood_test,test
dtd_4427,cobwebbed_cobwebbed_0062.jpg,ood_test,test
dtd_4428,banded_banded_0043.jpg,ood_test,test
dtd_4429,scaly_scaly_0125.jpg,ood_test,test
dtd_4430,grid_grid_0039.jpg,ood_test,test
dtd_4431,marbled_marbled_0194.jpg,ood_test,test
dtd_4432,smeared_smeared_0096.jpg,ood_test,test
dtd_4433,flecked_flecked_0098.jpg,ood_test,test
dtd_4434,spiralled_spiralled_0065.jpg,ood_test,test
dtd_4435,studded_studded_0215.jpg,ood_test,test
dtd_4436,studded_studded_0201.jpg,ood_test,test
dtd_4437,bumpy_bumpy_0202.jpg,ood_test,test
dtd_4438,marbled_marbled_0180.jpg,ood_test,test
dtd_4439,smeared_smeared_0082.jpg,ood_test,test
dtd_4440,spiralled_spiralled_0071.jpg,ood_test,test
dtd_4441,paisley_paisley_0108.jpg,ood_test,test
dtd_4442,banded_banded_0057.jpg,ood_test,test
dtd_4443,potholed_potholed_0138.jpg,ood_test,test
dtd_4444,scaly_scaly_0131.jpg,ood_test,test
dtd_4445,veined_veined_0172.jpg,ood_test,test
dtd_4446,woven_woven_0043.jpg,ood_test,test
dtd_4447,cobwebbed_cobwebbed_0076.jpg,ood_test,test
dtd_4448,flecked_flecked_0067.jpg,ood_test,test
dtd_4449,smeared_smeared_0069.jpg,ood_test,test
dtd_4450,swirly_swirly_0166.jpg,ood_test,test
dtd_4451,chequered_chequered_0049.jpg,ood_test,test
dtd_4452,braided_braided_0117.jpg,ood_test,test
dtd_4453,braided_braided_0103.jpg,ood_test,test
dtd_4454,swirly_swirly_0172.jpg,ood_test,test
dtd_4455,cobwebbed_cobwebbed_0089.jpg,ood_test,test
dtd_4456,perforated_perforated_0122.jpg,ood_test,test
dtd_4457,blotchy_blotchy_0063.jpg,ood_test,test
dtd_4458,woven_woven_0094.jpg,ood_test,test
dtd_4459,interlaced_interlaced_0173.jpg,ood_test,test
dtd_4460,marbled_marbled_0157.jpg,ood_test,test
dtd_4461,smeared_smeared_0055.jpg,ood_test,test
dtd_4462,marbled_marbled_0143.jpg,ood_test,test
dtd_4463,smeared_smeared_0041.jpg,ood_test,test
dtd_4464,freckled_freckled_0089.jpg,ood_test,test
dtd_4465,interlaced_interlaced_0167.jpg,ood_test,test
dtd_4466,blotchy_blotchy_0077.jpg,ood_test,test
dtd_4467,woven_woven_0080.jpg,ood_test,test
dtd_4468,lined_lined_0035.jpg,ood_test,test
dtd_4469,perforated_perforated_0136.jpg,ood_test,test
dtd_4470,banded_banded_0094.jpg,ood_test,test
dtd_4471,fibrous_fibrous_0204.jpg,ood_test,test
dtd_4472,paisley_paisley_0054.jpg,ood_test,test
dtd_4473,freckled_freckled_0116.jpg,ood_test,test
dtd_4474,spiralled_spiralled_0139.jpg,ood_test,test
dtd_4475,freckled_freckled_0102.jpg,ood_test,test
dtd_4476,potholed_potholed_0070.jpg,ood_test,test
dtd_4477,fibrous_fibrous_0210.jpg,ood_test,test
dtd_4478,paisley_paisley_0040.jpg,ood_test,test
dtd_4479,woven_woven_0123.jpg,ood_test,test
dtd_4480,cobwebbed_cobwebbed_0116.jpg,ood_test,test
dtd_4481,banded_banded_0137.jpg,ood_test,test
dtd_4482,paisley_paisley_0068.jpg,ood_test,test
dtd_4483,spiralled_spiralled_0111.jpg,ood_test,test
dtd_4484,bubbly_bubbly_0162.jpg,ood_test,test
dtd_4485,spiralled_spiralled_0105.jpg,ood_test,test
dtd_4486,banded_banded_0123.jpg,ood_test,test
dtd_4487,cobwebbed_cobwebbed_0102.jpg,ood_test,test
dtd_4488,lined_lined_0169.jpg,ood_test,test
dtd_4489,paisley_paisley_0097.jpg,ood_test,test
dtd_4490,lacelike_lacelike_0010.jpg,ood_test,test
dtd_4491,flecked_flecked_0113.jpg,ood_test,test
dtd_4492,grooved_grooved_0148.jpg,ood_test,test
dtd_4493,braided_braided_0077.jpg,ood_test,test
dtd_4494,chequered_chequered_0129.jpg,ood_test,test
dtd_4495,smeared_smeared_0109.jpg,ood_test,test
dtd_4496,flecked_flecked_0107.jpg,ood_test,test
dtd_4497,paisley_paisley_0083.jpg,ood_test,test
dtd_4498,lacelike_lacelike_0004.jpg,ood_test,test
dtd_4499,lined_lined_0155.jpg,ood_test,test
dtd_4500,blotchy_blotchy_0117.jpg,ood_test,test
dtd_4501,chequered_chequered_0101.jpg,ood_test,test
dtd_4502,smeared_smeared_0121.jpg,ood_test,test
dtd_4503,smeared_smeared_0135.jpg,ood_test,test
dtd_4504,crystalline_crystalline_0219.jpg,ood_test,test
dtd_4505,chequered_chequered_0115.jpg,ood_test,test
dtd_4506,grooved_grooved_0160.jpg,ood_test,test
dtd_4507,lined_lined_0141.jpg,ood_test,test
dtd_4508,blotchy_blotchy_0103.jpg,ood_test,test
dtd_4509,lacelike_lacelike_0038.jpg,ood_test,test
dtd_4510,perforated_perforated_0042.jpg,ood_test,test
dtd_4511,frilly_frilly_0042.jpg,ood_test,test
dtd_4512,cracked_cracked_0125.jpg,ood_test,test
dtd_4513,pleated_pleated_0164.jpg,ood_test,test
dtd_4514,pleated_pleated_0170.jpg,ood_test,test
dtd_4515,porous_porous_0128.jpg,ood_test,test
dtd_4516,matted_matted_0070.jpg,ood_test,test
dtd_4517,crosshatched_crosshatched_0148.jpg,ood_test,test
dtd_4518,cracked_cracked_0131.jpg,ood_test,test
dtd_4519,bumpy_bumpy_0148.jpg,ood_test,test
dtd_4520,frilly_frilly_0056.jpg,ood_test,test
dtd_4521,cracked_cracked_0119.jpg,ood_test,test
dtd_4522,studded_studded_0163.jpg,ood_test,test
dtd_4523,pitted_pitted_0156.jpg,ood_test,test
dtd_4524,bumpy_bumpy_0160.jpg,ood_test,test
dtd_4525,meshed_meshed_0152.jpg,ood_test,test
dtd_4526,porous_porous_0100.jpg,ood_test,test
dtd_4527,pleated_pleated_0158.jpg,ood_test,test
dtd_4528,matted_matted_0058.jpg,ood_test,test
dtd_4529,crosshatched_crosshatched_0160.jpg,ood_test,test
dtd_4530,porous_porous_0114.jpg,ood_test,test
dtd_4531,pitted_pitted_0142.jpg,ood_test,test
dtd_4532,bumpy_bumpy_0174.jpg,ood_test,test
dtd_4533,meshed_meshed_0146.jpg,ood_test,test
dtd_4534,studded_studded_0177.jpg,ood_test,test
dtd_4535,waffled_waffled_0075.jpg,ood_test,test
dtd_4536,frilly_frilly_0081.jpg,ood_test,test
dtd_4537,stratified_stratified_0136.jpg,ood_test,test
dtd_4538,sprinkled_sprinkled_0039.jpg,ood_test,test
dtd_4539,wrinkled_wrinkled_0030.jpg,ood_test,test
dtd_4540,gauzy_gauzy_0114.jpg,ood_test,test
dtd_4541,wrinkled_wrinkled_0024.jpg,ood_test,test
dtd_4542,gauzy_gauzy_0100.jpg,ood_test,test
dtd_4543,stratified_stratified_0122.jpg,ood_test,test
dtd_4544,stained_stained_0138.jpg,ood_test,test
dtd_4545,waffled_waffled_0061.jpg,ood_test,test
dtd_4546,frilly_frilly_0095.jpg,ood_test,test
dtd_4547,studded_studded_0188.jpg,ood_test,test
dtd_4548,meshed_meshed_0191.jpg,ood_test,test
dtd_4549,gauzy_gauzy_0128.jpg,ood_test,test
dtd_4550,sprinkled_sprinkled_0005.jpg,ood_test,test
dtd_4551,stained_stained_0110.jpg,ood_test,test
dtd_4552,sprinkled_sprinkled_0011.jpg,ood_test,test
dtd_4553,stained_stained_0104.jpg,ood_test,test
dtd_4554,meshed_meshed_0185.jpg,ood_test,test
dtd_4555,dotted_dotted_0202.jpg,ood_test,test
dtd_4556,stained_stained_0112.jpg,ood_test,test
dtd_4557,stratified_stratified_0108.jpg,ood_test,test
dtd_4558,meshed_meshed_0187.jpg,ood_test,test
dtd_4559,stained_stained_0106.jpg,ood_test,test
dtd_4560,sprinkled_sprinkled_0013.jpg,ood_test,test
dtd_4561,gauzy_gauzy_0116.jpg,ood_test,test
dtd_4562,stratified_stratified_0134.jpg,ood_test,test
dtd_4563,frilly_frilly_0083.jpg,ood_test,test
dtd_4564,waffled_waffled_0077.jpg,ood_test,test
dtd_4565,bumpy_bumpy_0189.jpg,ood_test,test
dtd_4566,waffled_waffled_0063.jpg,ood_test,test
dtd_4567,stratified_stratified_0120.jpg,ood_test,test
dtd_4568,gauzy_gauzy_0102.jpg,ood_test,test
dtd_4569,wrinkled_wrinkled_0026.jpg,ood_test,test
dtd_4570,crosshatched_crosshatched_0162.jpg,ood_test,test
dtd_4571,porous_porous_0102.jpg,ood_test,test
dtd_4572,meshed_meshed_0150.jpg,ood_test,test
dtd_4573,pitted_pitted_0154.jpg,ood_test,test
dtd_4574,bumpy_bumpy_0162.jpg,ood_test,test
dtd_4575,studded_studded_0161.jpg,ood_test,test
dtd_4576,studded_studded_0175.jpg,ood_test,test
dtd_4577,meshed_meshed_0144.jpg,ood_test,test
dtd_4578,pitted_pitted_0140.jpg,ood_test,test
dtd_4579,frilly_frilly_0068.jpg,ood_test,test
dtd_4580,bumpy_bumpy_0176.jpg,ood_test,test
dtd_4581,porous_porous_0116.jpg,ood_test,test
dtd_4582,pleated_pleated_0166.jpg,ood_test,test
dtd_4583,matted_matted_0066.jpg,ood_test,test
dtd_4584,cracked_cracked_0127.jpg,ood_test,test
dtd_4585,frilly_frilly_0040.jpg,ood_test,test
dtd_4586,meshed_meshed_0178.jpg,ood_test,test
dtd_4587,frilly_frilly_0054.jpg,ood_test,test
dtd_4588,studded_studded_0149.jpg,ood_test,test
dtd_4589,cracked_cracked_0133.jpg,ood_test,test
dtd_4590,matted_matted_0072.jpg,ood_test,test
dtd_4591,pleated_pleated_0172.jpg,ood_test,test
dtd_4592,smeared_smeared_0123.jpg,ood_test,test
dtd_4593,chequered_chequered_0103.jpg,ood_test,test
dtd_4594,blotchy_blotchy_0115.jpg,ood_test,test
dtd_4595,lined_lined_0157.jpg,ood_test,test
dtd_4596,potholed_potholed_0099.jpg,ood_test,test
dtd_4597,perforated_perforated_0040.jpg,ood_test,test
dtd_4598,blotchy_blotchy_0101.jpg,ood_test,test
dtd_4599,lined_lined_0143.jpg,ood_test,test
dtd_4600,grooved_grooved_0162.jpg,ood_test,test
dtd_4601,flecked_flecked_0139.jpg,ood_test,test
dtd_4602,marbled_marbled_0035.jpg,ood_test,test
dtd_4603,smeared_smeared_0137.jpg,ood_test,test
dtd_4604,braided_braided_0061.jpg,ood_test,test
dtd_4605,flecked_flecked_0111.jpg,ood_test,test
dtd_4606,perforated_perforated_0068.jpg,ood_test,test
dtd_4607,lacelike_lacelike_0012.jpg,ood_test,test
dtd_4608,paisley_paisley_0095.jpg,ood_test,test
dtd_4609,blotchy_blotchy_0129.jpg,ood_test,test
dtd_4610,lacelike_lacelike_0006.jpg,ood_test,test
dtd_4611,paisley_paisley_0081.jpg,ood_test,test
dtd_4612,flecked_flecked_0105.jpg,ood_test,test
dtd_4613,braided_braided_0075.jpg,ood_test,test
dtd_4614,freckled_freckled_0128.jpg,ood_test,test
dtd_4615,spiralled_spiralled_0113.jpg,ood_test,test
dtd_4616,perforated_perforated_0097.jpg,ood_test,test
dtd_4617,banded_banded_0135.jpg,ood_test,test
dtd_4618,woven_woven_0121.jpg,ood_test,test
dtd_4619,cobwebbed_cobwebbed_0114.jpg,ood_test,test
dtd_4620,cobwebbed_cobwebbed_0100.jpg,ood_test,test
dtd_4621,banded_banded_0121.jpg,ood_test,test
dtd_4622,spiralled_spiralled_0107.jpg,ood_test,test
dtd_4623,bubbly_bubbly_0160.jpg,ood_test,test
dtd_4624,freckled_freckled_0114.jpg,ood_test,test
dtd_4625,bubbly_bubbly_0148.jpg,ood_test,test
dtd_4626,cobwebbed_cobwebbed_0128.jpg,ood_test,test
dtd_4627,paisley_paisley_0056.jpg,ood_test,test
dtd_4628,potholed_potholed_0066.jpg,ood_test,test
dtd_4629,fibrous_fibrous_0206.jpg,ood_test,test
dtd_4630,banded_banded_0109.jpg,ood_test,test
dtd_4631,paisley_paisley_0042.jpg,ood_test,test
dtd_4632,fibrous_fibrous_0212.jpg,ood_test,test
dtd_4633,potholed_potholed_0072.jpg,ood_test,test
dtd_4634,woven_woven_0109.jpg,ood_test,test
dtd_4635,freckled_freckled_0100.jpg,ood_test,test
dtd_4636,swirly_swirly_0158.jpg,ood_test,test
dtd_4637,marbled_marbled_0155.jpg,ood_test,test
dtd_4638,smeared_smeared_0057.jpg,ood_test,test
dtd_4639,interlaced_interlaced_0171.jpg,ood_test,test
dtd_4640,braided_braided_0129.jpg,ood_test,test
dtd_4641,lined_lined_0023.jpg,ood_test,test
dtd_4642,blotchy_blotchy_0061.jpg,ood_test,test
dtd_4643,dotted_dotted_0174.jpg,ood_test,test
dtd_4644,perforated_perforated_0120.jpg,ood_test,test
dtd_4645,banded_banded_0082.jpg,ood_test,test
dtd_4646,banded_banded_0096.jpg,ood_test,test
dtd_4647,perforated_perforated_0134.jpg,ood_test,test
dtd_4648,lined_lined_0037.jpg,ood_test,test
dtd_4649,woven_woven_0082.jpg,ood_test,test
dtd_4650,blotchy_blotchy_0075.jpg,ood_test,test
dtd_4651,interlaced_interlaced_0165.jpg,ood_test,test
dtd_4652,chequered_chequered_0063.jpg,ood_test,test
dtd_4653,marbled_marbled_0141.jpg,ood_test,test
dtd_4654,smeared_smeared_0043.jpg,ood_test,test
dtd_4655,braided_braided_0115.jpg,ood_test,test
dtd_4656,swirly_swirly_0164.jpg,ood_test,test
dtd_4657,marbled_marbled_0169.jpg,ood_test,test
dtd_4658,spiralled_spiralled_0098.jpg,ood_test,test
dtd_4659,flecked_flecked_0065.jpg,ood_test,test
dtd_4660,dotted_dotted_0148.jpg,ood_test,test
dtd_4661,blotchy_blotchy_0049.jpg,ood_test,test
dtd_4662,swirly_swirly_0170.jpg,ood_test,test
dtd_4663,flecked_flecked_0071.jpg,ood_test,test
dtd_4664,interlaced_interlaced_0159.jpg,ood_test,test
dtd_4665,braided_braided_0101.jpg,ood_test,test
dtd_4666,studded_studded_0217.jpg,ood_test,test
dtd_4667,spiralled_spiralled_0067.jpg,ood_test,test
dtd_4668,smeared_smeared_0094.jpg,ood_test,test
dtd_4669,scaly_scaly_0127.jpg,ood_test,test
dtd_4670,banded_banded_0041.jpg,ood_test,test
dtd_4671,woven_woven_0055.jpg,ood_test,test
dtd_4672,cobwebbed_cobwebbed_0060.jpg,ood_test,test
dtd_4673,veined_veined_0164.jpg,ood_test,test
dtd_4674,woven_woven_0041.jpg,ood_test,test
dtd_4675,cobwebbed_cobwebbed_0074.jpg,ood_test,test
dtd_4676,veined_veined_0170.jpg,ood_test,test
dtd_4677,scaly_scaly_0133.jpg,ood_test,test
dtd_4678,banded_banded_0055.jpg,ood_test,test
dtd_4679,spiralled_spiralled_0073.jpg,ood_test,test
dtd_4680,marbled_marbled_0182.jpg,ood_test,test
dtd_4681,bumpy_bumpy_0200.jpg,ood_test,test
dtd_4682,studded_studded_0203.jpg,ood_test,test
dtd_4683,freckled_freckled_0048.jpg,ood_test,test
dtd_4684,grid_grid_0007.jpg,ood_test,test
dtd_4685,chequered_chequered_0088.jpg,ood_test,test
dtd_4686,freckled_freckled_0060.jpg,ood_test,test
dtd_4687,woven_woven_0069.jpg,ood_test,test
dtd_4688,veined_veined_0158.jpg,ood_test,test
dtd_4689,potholed_potholed_0112.jpg,ood_test,test
dtd_4690,paisley_paisley_0122.jpg,ood_test,test
dtd_4691,potholed_potholed_0106.jpg,ood_test,test
dtd_4692,banded_banded_0069.jpg,ood_test,test
dtd_4693,cobwebbed_cobwebbed_0048.jpg,ood_test,test
dtd_4694,grid_grid_0013.jpg,ood_test,test
dtd_4695,stained_stained_0066.jpg,ood_test,test
dtd_4696,crystalline_crystalline_0179.jpg,ood_test,test
dtd_4697,knitted_knitted_0198.jpg,ood_test,test
dtd_4698,honeycombed_honeycombed_0159.jpg,ood_test,test
dtd_4699,stained_stained_0072.jpg,ood_test,test
dtd_4700,honeycombed_honeycombed_0171.jpg,ood_test,test
dtd_4701,porous_porous_0089.jpg,ood_test,test
dtd_4702,crystalline_crystalline_0145.jpg,ood_test,test
dtd_4703,waffled_waffled_0103.jpg,ood_test,test
dtd_4704,cracked_cracked_0090.jpg,ood_test,test
dtd_4705,cracked_cracked_0084.jpg,ood_test,test
dtd_4706,crystalline_crystalline_0151.jpg,ood_test,test
dtd_4707,waffled_waffled_0117.jpg,ood_test,test
dtd_4708,stratified_stratified_0054.jpg,ood_test,test
dtd_4709,honeycombed_honeycombed_0165.jpg,ood_test,test
dtd_4710,zigzagged_zigzagged_0015.jpg,ood_test,test
dtd_4711,frilly_frilly_0108.jpg,ood_test,test
dtd_4712,polka-dotted_polka-dotted_0138.jpg,ood_test,test
dtd_4713,meshed_meshed_0024.jpg,ood_test,test
dtd_4714,studded_studded_0001.jpg,ood_test,test
dtd_4715,pitted_pitted_0034.jpg,ood_test,test
dtd_4716,porous_porous_0062.jpg,ood_test,test
dtd_4717,fibrous_fibrous_0158.jpg,ood_test,test
dtd_4718,gauzy_gauzy_0089.jpg,ood_test,test
dtd_4719,stained_stained_0099.jpg,ood_test,test
dtd_4720,stratified_stratified_0083.jpg,ood_test,test
dtd_4721,fibrous_fibrous_0170.jpg,ood_test,test
dtd_4722,zigzagged_zigzagged_0029.jpg,ood_test,test
dtd_4723,striped_striped_0017.jpg,ood_test,test
dtd_4724,matted_matted_0112.jpg,ood_test,test
dtd_4725,knitted_knitted_0173.jpg,ood_test,test
dtd_4726,cracked_cracked_0053.jpg,ood_test,test
dtd_4727,polka-dotted_polka-dotted_0104.jpg,ood_test,test
dtd_4728,crystalline_crystalline_0186.jpg,ood_test,test
dtd_4729,frilly_frilly_0120.jpg,ood_test,test
dtd_4730,pitted_pitted_0008.jpg,ood_test,test
dtd_4731,crystalline_crystalline_0192.jpg,ood_test,test
dtd_4732,cracked_cracked_0047.jpg,ood_test,test
dtd_4733,matted_matted_0106.jpg,ood_test,test
dtd_4734,striped_striped_0003.jpg,ood_test,test
dtd_4735,knitted_knitted_0167.jpg,ood_test,test
dtd_4736,fibrous_fibrous_0164.jpg,ood_test,test
dtd_4737,stratified_stratified_0097.jpg,ood_test,test
dtd_4738,cracked_cracked_0046.jpg,ood_test,test
dtd_4739,crystalline_crystalline_0193.jpg,ood_test,test
dtd_4740,pitted_pitted_0009.jpg,ood_test,test
dtd_4741,frilly_frilly_0121.jpg,ood_test,test
dtd_4742,fibrous_fibrous_0165.jpg,ood_test,test
dtd_4743,stratified_stratified_0096.jpg,ood_test,test
dtd_4744,knitted_knitted_0166.jpg,ood_test,test
dtd_4745,matted_matted_0107.jpg,ood_test,test
dtd_4746,striped_striped_0002.jpg,ood_test,test
dtd_4747,knitted_knitted_0172.jpg,ood_test,test
dtd_4748,striped_striped_0016.jpg,ood_test,test
dtd_4749,matted_matted_0113.jpg,ood_test,test
dtd_4750,fibrous_fibrous_0171.jpg,ood_test,test
dtd_4751,stained_stained_0098.jpg,ood_test,test
dtd_4752,polka-dotted_polka-dotted_0105.jpg,ood_test,test
dtd_4753,crystalline_crystalline_0187.jpg,ood_test,test
dtd_4754,cracked_cracked_0052.jpg,ood_test,test
dtd_4755,meshed_meshed_0031.jpg,ood_test,test
dtd_4756,pitted_pitted_0035.jpg,ood_test,test
dtd_4757,gauzy_gauzy_0088.jpg,ood_test,test
dtd_4758,fibrous_fibrous_0159.jpg,ood_test,test
dtd_4759,zigzagged_zigzagged_0014.jpg,ood_test,test
dtd_4760,porous_porous_0077.jpg,ood_test,test
dtd_4761,meshed_meshed_0025.jpg,ood_test,test
dtd_4762,frilly_frilly_0109.jpg,ood_test,test
dtd_4763,waffled_waffled_0116.jpg,ood_test,test
dtd_4764,crystalline_crystalline_0150.jpg,ood_test,test
dtd_4765,cracked_cracked_0085.jpg,ood_test,test
dtd_4766,gauzy_gauzy_0077.jpg,ood_test,test
dtd_4767,honeycombed_honeycombed_0164.jpg,ood_test,test
dtd_4768,stratified_stratified_0055.jpg,ood_test,test
dtd_4769,porous_porous_0088.jpg,ood_test,test
dtd_4770,honeycombed_honeycombed_0170.jpg,ood_test,test
dtd_4771,cracked_cracked_0091.jpg,ood_test,test
dtd_4772,waffled_waffled_0102.jpg,ood_test,test
dtd_4773,crystalline_crystalline_0144.jpg,ood_test,test
dtd_4774,stained_stained_0073.jpg,ood_test,test
dtd_4775,honeycombed_honeycombed_0158.jpg,ood_test,test
dtd_4776,stratified_stratified_0069.jpg,ood_test,test
dtd_4777,knitted_knitted_0199.jpg,ood_test,test
dtd_4778,stained_stained_0067.jpg,ood_test,test
dtd_4779,crystalline_crystalline_0178.jpg,ood_test,test
dtd_4780,cobwebbed_cobwebbed_0049.jpg,ood_test,test
dtd_4781,potholed_potholed_0107.jpg,ood_test,test
dtd_4782,banded_banded_0068.jpg,ood_test,test
dtd_4783,grid_grid_0012.jpg,ood_test,test
dtd_4784,freckled_freckled_0075.jpg,ood_test,test
dtd_4785,freckled_freckled_0061.jpg,ood_test,test
dtd_4786,paisley_paisley_0123.jpg,ood_test,test
dtd_4787,potholed_potholed_0113.jpg,ood_test,test
dtd_4788,veined_veined_0159.jpg,ood_test,test
dtd_4789,woven_woven_0068.jpg,ood_test,test
dtd_4790,scaly_scaly_0132.jpg,ood_test,test
dtd_4791,veined_veined_0171.jpg,ood_test,test
dtd_4792,cobwebbed_cobwebbed_0075.jpg,ood_test,test
dtd_4793,woven_woven_0040.jpg,ood_test,test
dtd_4794,studded_studded_0202.jpg,ood_test,test
dtd_4795,bumpy_bumpy_0201.jpg,ood_test,test
dtd_4796,smeared_smeared_0081.jpg,ood_test,test
dtd_4797,marbled_marbled_0183.jpg,ood_test,test
dtd_4798,spiralled_spiralled_0072.jpg,ood_test,test
dtd_4799,smeared_smeared_0095.jpg,ood_test,test
dtd_4800,spiralled_spiralled_0066.jpg,ood_test,test
dtd_4801,studded_studded_0216.jpg,ood_test,test
dtd_4802,veined_veined_0165.jpg,ood_test,test
dtd_4803,cobwebbed_cobwebbed_0061.jpg,ood_test,test
dtd_4804,woven_woven_0054.jpg,ood_test,test
dtd_4805,scaly_scaly_0126.jpg,ood_test,test
dtd_4806,perforated_perforated_0109.jpg,ood_test,test
dtd_4807,blotchy_blotchy_0048.jpg,ood_test,test
dtd_4808,braided_braided_0100.jpg,ood_test,test
dtd_4809,interlaced_interlaced_0158.jpg,ood_test,test
dtd_4810,flecked_flecked_0070.jpg,ood_test,test
dtd_4811,swirly_swirly_0171.jpg,ood_test,test
dtd_4812,flecked_flecked_0064.jpg,ood_test,test
dtd_4813,spiralled_spiralled_0099.jpg,ood_test,test
dtd_4814,marbled_marbled_0168.jpg,ood_test,test
dtd_4815,swirly_swirly_0165.jpg,ood_test,test
dtd_4816,braided_braided_0114.jpg,ood_test,test
dtd_4817,dotted_dotted_0149.jpg,ood_test,test
dtd_4818,blotchy_blotchy_0074.jpg,ood_test,test
dtd_4819,woven_woven_0083.jpg,ood_test,test
dtd_4820,lined_lined_0036.jpg,ood_test,test
dtd_4821,banded_banded_0097.jpg,ood_test,test
dtd_4822,perforated_perforated_0135.jpg,ood_test,test
dtd_4823,dotted_dotted_0161.jpg,ood_test,test
dtd_4824,smeared_smeared_0042.jpg,ood_test,test
dtd_4825,marbled_marbled_0140.jpg,ood_test,test
dtd_4826,chequered_chequered_0062.jpg,ood_test,test
dtd_4827,interlaced_interlaced_0164.jpg,ood_test,test
dtd_4828,braided_braided_0128.jpg,ood_test,test
dtd_4829,interlaced_interlaced_0170.jpg,ood_test,test
dtd_4830,flecked_flecked_0058.jpg,ood_test,test
dtd_4831,smeared_smeared_0056.jpg,ood_test,test
dtd_4832,marbled_marbled_0154.jpg,ood_test,test
dtd_4833,swirly_swirly_0159.jpg,ood_test,test
dtd_4834,perforated_perforated_0121.jpg,ood_test,test
dtd_4835,banded_banded_0083.jpg,ood_test,test
dtd_4836,dotted_dotted_0175.jpg,ood_test,test
dtd_4837,blotchy_blotchy_0060.jpg,ood_test,test
dtd_4838,woven_woven_0097.jpg,ood_test,test
dtd_4839,woven_woven_0108.jpg,ood_test,test
dtd_4840,fibrous_fibrous_0213.jpg,ood_test,test
dtd_4841,potholed_potholed_0073.jpg,ood_test,test
dtd_4842,paisley_paisley_0043.jpg,ood_test,test
dtd_4843,freckled_freckled_0101.jpg,ood_test,test
dtd_4844,bubbly_bubbly_0149.jpg,ood_test,test
dtd_4845,freckled_freckled_0115.jpg,ood_test,test
dtd_4846,potholed_potholed_0067.jpg,ood_test,test
dtd_4847,banded_banded_0108.jpg,ood_test,test
dtd_4848,fibrous_fibrous_0207.jpg,ood_test,test
dtd_4849,paisley_paisley_0057.jpg,ood_test,test
dtd_4850,cobwebbed_cobwebbed_0129.jpg,ood_test,test
dtd_4851,knitted_knitted_0204.jpg,ood_test,test
dtd_4852,banded_banded_0120.jpg,ood_test,test
dtd_4853,perforated_perforated_0082.jpg,ood_test,test
dtd_4854,cobwebbed_cobwebbed_0101.jpg,ood_test,test
dtd_4855,bubbly_bubbly_0161.jpg,ood_test,test
dtd_4856,spiralled_spiralled_0106.jpg,ood_test,test
dtd_4857,spiralled_spiralled_0112.jpg,ood_test,test
dtd_4858,freckled_freckled_0129.jpg,ood_test,test
dtd_4859,cobwebbed_cobwebbed_0115.jpg,ood_test,test
dtd_4860,woven_woven_0120.jpg,ood_test,test
dtd_4861,paisley_paisley_0080.jpg,ood_test,test
dtd_4862,lacelike_lacelike_0007.jpg,ood_test,test
dtd_4863,braided_braided_0074.jpg,ood_test,test
dtd_4864,swirly_swirly_0005.jpg,ood_test,test
dtd_4865,flecked_flecked_0104.jpg,ood_test,test
dtd_4866,flecked_flecked_0110.jpg,ood_test,test
dtd_4867,blotchy_blotchy_0128.jpg,ood_test,test
dtd_4868,paisley_paisley_0094.jpg,ood_test,test
dtd_4869,lacelike_lacelike_0013.jpg,ood_test,test
dtd_4870,perforated_perforated_0069.jpg,ood_test,test
dtd_4871,lined_lined_0142.jpg,ood_test,test
dtd_4872,blotchy_blotchy_0100.jpg,ood_test,test
dtd_4873,perforated_perforated_0041.jpg,ood_test,test
dtd_4874,smeared_smeared_0136.jpg,ood_test,test
dtd_4875,flecked_flecked_0138.jpg,ood_test,test
dtd_4876,grooved_grooved_0163.jpg,ood_test,test
dtd_4877,chequered_chequered_0102.jpg,ood_test,test
dtd_4878,smeared_smeared_0122.jpg,ood_test,test
dtd_4879,dotted_dotted_0001.jpg,ood_test,test
dtd_4880,potholed_potholed_0098.jpg,ood_test,test
dtd_4881,lined_lined_0156.jpg,ood_test,test
dtd_4882,blotchy_blotchy_0114.jpg,ood_test,test
dtd_4883,cracked_cracked_0132.jpg,ood_test,test
dtd_4884,frilly_frilly_0055.jpg,ood_test,test
dtd_4885,polka-dotted_polka-dotted_0065.jpg,ood_test,test
dtd_4886,meshed_meshed_0179.jpg,ood_test,test
dtd_4887,pleated_pleated_0173.jpg,ood_test,test
dtd_4888,matted_matted_0073.jpg,ood_test,test
dtd_4889,matted_matted_0067.jpg,ood_test,test
dtd_4890,pleated_pleated_0167.jpg,ood_test,test
dtd_4891,frilly_frilly_0041.jpg,ood_test,test
dtd_4892,cracked_cracked_0126.jpg,ood_test,test
dtd_4893,frilly_frilly_0069.jpg,ood_test,test
dtd_4894,bumpy_bumpy_0177.jpg,ood_test,test
dtd_4895,pitted_pitted_0141.jpg,ood_test,test
dtd_4896,meshed_meshed_0145.jpg,ood_test,test
dtd_4897,studded_studded_0174.jpg,ood_test,test
dtd_4898,porous_porous_0117.jpg,ood_test,test
dtd_4899,porous_porous_0103.jpg,ood_test,test
dtd_4900,crosshatched_crosshatched_0163.jpg,ood_test,test
dtd_4901,studded_studded_0160.jpg,ood_test,test
dtd_4902,bumpy_bumpy_0163.jpg,ood_test,test
dtd_4903,pitted_pitted_0155.jpg,ood_test,test
dtd_4904,meshed_meshed_0151.jpg,ood_test,test
dtd_4905,bumpy_bumpy_0188.jpg,ood_test,test
dtd_4906,wrinkled_wrinkled_0027.jpg,ood_test,test
dtd_4907,gauzy_gauzy_0103.jpg,ood_test,test
dtd_4908,stratified_stratified_0121.jpg,ood_test,test
dtd_4909,stratified_stratified_0135.jpg,ood_test,test
dtd_4910,wrinkled_wrinkled_0033.jpg,ood_test,test
dtd_4911,gauzy_gauzy_0117.jpg,ood_test,test
dtd_4912,frilly_frilly_0082.jpg,ood_test,test
dtd_4913,meshed_meshed_0186.jpg,ood_test,test
dtd_4914,sprinkled_sprinkled_0012.jpg,ood_test,test
dtd_4915,stained_stained_0107.jpg,ood_test,test
dtd_4916,stratified_stratified_0109.jpg,ood_test,test
dtd_4917,dotted_dotted_0203.jpg,ood_test,test
dtd_4918,stained_stained_0113.jpg,ood_test,test
dtd_4919,bumpy_bumpy_0198.jpg,ood_test,test
dtd_4920,frilly_frilly_0086.jpg,ood_test,test
dtd_4921,gauzy_gauzy_0113.jpg,ood_test,test
dtd_4922,wrinkled_wrinkled_0037.jpg,ood_test,test
dtd_4923,stratified_stratified_0131.jpg,ood_test,test
dtd_4924,stratified_stratified_0125.jpg,ood_test,test
dtd_4925,gauzy_gauzy_0107.jpg,ood_test,test
dtd_4926,wrinkled_wrinkled_0023.jpg,ood_test,test
dtd_4927,frilly_frilly_0092.jpg,ood_test,test
dtd_4928,stained_stained_0117.jpg,ood_test,test
dtd_4929,dotted_dotted_0207.jpg,ood_test,test
dtd_4930,matted_matted_0088.jpg,ood_test,test
dtd_4931,sprinkled_sprinkled_0016.jpg,ood_test,test
dtd_4932,stained_stained_0103.jpg,ood_test,test
dtd_4933,stratified_stratified_0119.jpg,ood_test,test
dtd_4934,meshed_meshed_0182.jpg,ood_test,test
dtd_4935,cracked_cracked_0122.jpg,ood_test,test
dtd_4936,studded_studded_0158.jpg,ood_test,test
dtd_4937,meshed_meshed_0169.jpg,ood_test,test
dtd_4938,frilly_frilly_0045.jpg,ood_test,test
dtd_4939,pleated_pleated_0163.jpg,ood_test,test
dtd_4940,matted_matted_0063.jpg,ood_test,test
dtd_4941,frilly_frilly_0051.jpg,ood_test,test
dtd_4942,cracked_cracked_0136.jpg,ood_test,test
dtd_4943,meshed_meshed_0155.jpg,ood_test,test
dtd_4944,pitted_pitted_0151.jpg,ood_test,test
dtd_4945,frilly_frilly_0079.jpg,ood_test,test
dtd_4946,bumpy_bumpy_0167.jpg,ood_test,test
dtd_4947,studded_studded_0164.jpg,ood_test,test
dtd_4948,crosshatched_crosshatched_0167.jpg,ood_test,test
dtd_4949,porous_porous_0107.jpg,ood_test,test
dtd_4950,porous_porous_0113.jpg,ood_test,test
dtd_4951,studded_studded_0170.jpg,ood_test,test
dtd_4952,waffled_waffled_0099.jpg,ood_test,test
dtd_4953,meshed_meshed_0141.jpg,ood_test,test
dtd_4954,pitted_pitted_0145.jpg,ood_test,test
dtd_4955,bumpy_bumpy_0173.jpg,ood_test,test
dtd_4956,lacelike_lacelike_0017.jpg,ood_test,test
dtd_4957,paisley_paisley_0090.jpg,ood_test,test
dtd_4958,braided_braided_0064.jpg,ood_test,test
dtd_4959,flecked_flecked_0114.jpg,ood_test,test
dtd_4960,flecked_flecked_0100.jpg,ood_test,test
dtd_4961,braided_braided_0070.jpg,ood_test,test
dtd_4962,blotchy_blotchy_0138.jpg,ood_test,test
dtd_4963,lacelike_lacelike_0003.jpg,ood_test,test
dtd_4964,perforated_perforated_0079.jpg,ood_test,test
dtd_4965,paisley_paisley_0084.jpg,ood_test,test
dtd_4966,blotchy_blotchy_0110.jpg,ood_test,test
dtd_4967,lined_lined_0152.jpg,ood_test,test
dtd_4968,perforated_perforated_0051.jpg,ood_test,test
dtd_4969,flecked_flecked_0128.jpg,ood_test,test
dtd_4970,smeared_smeared_0126.jpg,ood_test,test
dtd_4971,chequered_chequered_0106.jpg,ood_test,test
dtd_4972,grooved_grooved_0167.jpg,ood_test,test
dtd_4973,chequered_chequered_0112.jpg,ood_test,test
dtd_4974,smeared_smeared_0132.jpg,ood_test,test
dtd_4975,scaly_scaly_0081.jpg,ood_test,test
dtd_4976,perforated_perforated_0045.jpg,ood_test,test
dtd_4977,potholed_potholed_0088.jpg,ood_test,test
dtd_4978,blotchy_blotchy_0104.jpg,ood_test,test
dtd_4979,lined_lined_0146.jpg,ood_test,test
dtd_4980,knitted_knitted_0200.jpg,ood_test,test
dtd_4981,woven_woven_0118.jpg,ood_test,test
dtd_4982,fibrous_fibrous_0203.jpg,ood_test,test
dtd_4983,potholed_potholed_0063.jpg,ood_test,test
dtd_4984,freckled_freckled_0111.jpg,ood_test,test
dtd_4985,bubbly_bubbly_0159.jpg,ood_test,test
dtd_4986,freckled_freckled_0105.jpg,ood_test,test
dtd_4987,paisley_paisley_0047.jpg,ood_test,test
dtd_4988,potholed_potholed_0077.jpg,ood_test,test
dtd_4989,banded_banded_0118.jpg,ood_test,test
dtd_4990,fibrous_fibrous_0217.jpg,ood_test,test
dtd_4991,cobwebbed_cobwebbed_0139.jpg,ood_test,test
dtd_4992,banded_banded_0130.jpg,ood_test,test
dtd_4993,woven_woven_0124.jpg,ood_test,test
dtd_4994,cobwebbed_cobwebbed_0111.jpg,ood_test,test
dtd_4995,bubbly_bubbly_0171.jpg,ood_test,test
dtd_4996,spiralled_spiralled_0116.jpg,ood_test,test
dtd_4997,spiralled_spiralled_0102.jpg,ood_test,test
dtd_4998,bubbly_bubbly_0165.jpg,ood_test,test
dtd_4999,freckled_freckled_0139.jpg,ood_test,test
dtd_5000,woven_woven_0130.jpg,ood_test,test
dtd_5001,cobwebbed_cobwebbed_0105.jpg,ood_test,test
dtd_5002,veined_veined_0001.jpg,ood_test,test
dtd_5003,banded_banded_0124.jpg,ood_test,test
dtd_5004,perforated_perforated_0119.jpg,ood_test,test
dtd_5005,blotchy_blotchy_0058.jpg,ood_test,test
dtd_5006,interlaced_interlaced_0148.jpg,ood_test,test
dtd_5007,braided_braided_0110.jpg,ood_test,test
dtd_5008,swirly_swirly_0161.jpg,ood_test,test
dtd_5009,flecked_flecked_0060.jpg,ood_test,test
dtd_5010,marbled_marbled_0178.jpg,ood_test,test
dtd_5011,swirly_swirly_0175.jpg,ood_test,test
dtd_5012,flecked_flecked_0074.jpg,ood_test,test
dtd_5013,dotted_dotted_0159.jpg,ood_test,test
dtd_5014,blotchy_blotchy_0064.jpg,ood_test,test
dtd_5015,woven_woven_0093.jpg,ood_test,test
dtd_5016,dotted_dotted_0171.jpg,ood_test,test
dtd_5017,banded_banded_0087.jpg,ood_test,test
dtd_5018,perforated_perforated_0125.jpg,ood_test,test
dtd_5019,marbled_marbled_0150.jpg,ood_test,test
dtd_5020,smeared_smeared_0052.jpg,ood_test,test
dtd_5021,interlaced_interlaced_0174.jpg,ood_test,test
dtd_5022,interlaced_interlaced_0160.jpg,ood_test,test
dtd_5023,chequered_chequered_0066.jpg,ood_test,test
dtd_5024,braided_braided_0138.jpg,ood_test,test
dtd_5025,marbled_marbled_0144.jpg,ood_test,test
dtd_5026,swirly_swirly_0149.jpg,ood_test,test
dtd_5027,smeared_smeared_0046.jpg,ood_test,test
dtd_5028,flecked_flecked_0048.jpg,ood_test,test
dtd_5029,dotted_dotted_0165.jpg,ood_test,test
dtd_5030,perforated_perforated_0131.jpg,ood_test,test
dtd_5031,banded_banded_0093.jpg,ood_test,test
dtd_5032,blotchy_blotchy_0070.jpg,ood_test,test
dtd_5033,woven_woven_0087.jpg,ood_test,test
dtd_5034,cobwebbed_cobwebbed_0059.jpg,ood_test,test
dtd_5035,potholed_potholed_0117.jpg,ood_test,test
dtd_5036,banded_banded_0078.jpg,ood_test,test
dtd_5037,paisley_paisley_0127.jpg,ood_test,test
dtd_5038,grid_grid_0002.jpg,ood_test,test
dtd_5039,freckled_freckled_0065.jpg,ood_test,test
dtd_5040,freckled_freckled_0071.jpg,ood_test,test
dtd_5041,grid_grid_0016.jpg,ood_test,test
dtd_5042,potholed_potholed_0103.jpg,ood_test,test
dtd_5043,veined_veined_0149.jpg,ood_test,test
dtd_5044,woven_woven_0078.jpg,ood_test,test
dtd_5045,banded_banded_0044.jpg,ood_test,test
dtd_5046,scaly_scaly_0122.jpg,ood_test,test
dtd_5047,veined_veined_0161.jpg,ood_test,test
dtd_5048,woven_woven_0050.jpg,ood_test,test
dtd_5049,cobwebbed_cobwebbed_0065.jpg,ood_test,test
dtd_5050,studded_studded_0212.jpg,ood_test,test
dtd_5051,freckled_freckled_0059.jpg,ood_test,test
dtd_5052,spiralled_spiralled_0062.jpg,ood_test,test
dtd_5053,marbled_marbled_0193.jpg,ood_test,test
dtd_5054,smeared_smeared_0091.jpg,ood_test,test
dtd_5055,spiralled_spiralled_0076.jpg,ood_test,test
dtd_5056,marbled_marbled_0187.jpg,ood_test,test
dtd_5057,smeared_smeared_0085.jpg,ood_test,test
dtd_5058,studded_studded_0206.jpg,ood_test,test
dtd_5059,veined_veined_0175.jpg,ood_test,test
dtd_5060,woven_woven_0044.jpg,ood_test,test
dtd_5061,cobwebbed_cobwebbed_0071.jpg,ood_test,test
dtd_5062,scaly_scaly_0136.jpg,ood_test,test
dtd_5063,crystalline_crystalline_0140.jpg,ood_test,test
dtd_5064,waffled_waffled_0106.jpg,ood_test,test
dtd_5065,cracked_cracked_0095.jpg,ood_test,test
dtd_5066,wrinkled_wrinkled_0143.jpg,ood_test,test
dtd_5067,honeycombed_honeycombed_0174.jpg,ood_test,test
dtd_5068,stratified_stratified_0045.jpg,ood_test,test
dtd_5069,stratified_stratified_0051.jpg,ood_test,test
dtd_5070,honeycombed_honeycombed_0160.jpg,ood_test,test
dtd_5071,porous_porous_0098.jpg,ood_test,test
dtd_5072,cracked_cracked_0081.jpg,ood_test,test
dtd_5073,crystalline_crystalline_0154.jpg,ood_test,test
dtd_5074,waffled_waffled_0112.jpg,ood_test,test
dtd_5075,honeycombed_honeycombed_0148.jpg,ood_test,test
dtd_5076,stratified_stratified_0079.jpg,ood_test,test
dtd_5077,stained_stained_0063.jpg,ood_test,test
dtd_5078,knitted_knitted_0189.jpg,ood_test,test
dtd_5079,stained_stained_0077.jpg,ood_test,test
dtd_5080,crystalline_crystalline_0168.jpg,ood_test,test
dtd_5081,cracked_cracked_0056.jpg,ood_test,test
dtd_5082,crystalline_crystalline_0183.jpg,ood_test,test
dtd_5083,polka-dotted_polka-dotted_0101.jpg,ood_test,test
dtd_5084,fibrous_fibrous_0175.jpg,ood_test,test
dtd_5085,stratified_stratified_0086.jpg,ood_test,test
dtd_5086,knitted_knitted_0176.jpg,ood_test,test
dtd_5087,matted_matted_0117.jpg,ood_test,test
dtd_5088,striped_striped_0012.jpg,ood_test,test
dtd_5089,knitted_knitted_0162.jpg,ood_test,test
dtd_5090,striped_striped_0006.jpg,ood_test,test
dtd_5091,matted_matted_0103.jpg,ood_test,test
dtd_5092,stained_stained_0088.jpg,ood_test,test
dtd_5093,zigzagged_zigzagged_0038.jpg,ood_test,test
dtd_5094,fibrous_fibrous_0161.jpg,ood_test,test
dtd_5095,frilly_frilly_0125.jpg,ood_test,test
dtd_5096,polka-dotted_polka-dotted_0115.jpg,ood_test,test
dtd_5097,crystalline_crystalline_0197.jpg,ood_test,test
dtd_5098,pitted_pitted_0025.jpg,ood_test,test
dtd_5099,gauzy_gauzy_0098.jpg,ood_test,test
dtd_5100,porous_porous_0073.jpg,ood_test,test
dtd_5101,zigzagged_zigzagged_0010.jpg,ood_test,test
dtd_5102,fibrous_fibrous_0149.jpg,ood_test,test
dtd_5103,pitted_pitted_0031.jpg,ood_test,test
dtd_5104,frilly_frilly_0119.jpg,ood_test,test
dtd_5105,polka-dotted_polka-dotted_0129.jpg,ood_test,test
dtd_5106,crosshatched_crosshatched_0006.jpg,ood_test,test
dtd_5107,porous_porous_0066.jpg,ood_test,test
dtd_5108,polka-dotted_polka-dotted_0128.jpg,ood_test,test
dtd_5109,frilly_frilly_0118.jpg,ood_test,test
dtd_5110,pitted_pitted_0030.jpg,ood_test,test
dtd_5111,fibrous_fibrous_0148.jpg,ood_test,test
dtd_5112,porous_porous_0072.jpg,ood_test,test
dtd_5113,gauzy_gauzy_0099.jpg,ood_test,test
dtd_5114,stratified_stratified_0093.jpg,ood_test,test
dtd_5115,fibrous_fibrous_0160.jpg,ood_test,test
dtd_5116,zigzagged_zigzagged_0039.jpg,ood_test,test
dtd_5117,stained_stained_0089.jpg,ood_test,test
dtd_5118,matted_matted_0102.jpg,ood_test,test
dtd_5119,knitted_knitted_0163.jpg,ood_test,test
dtd_5120,polka-dotted_polka-dotted_0114.jpg,ood_test,test
dtd_5121,crystalline_crystalline_0196.jpg,ood_test,test
dtd_5122,frilly_frilly_0124.jpg,ood_test,test
dtd_5123,crystalline_crystalline_0182.jpg,ood_test,test
dtd_5124,cracked_cracked_0057.jpg,ood_test,test
dtd_5125,matted_matted_0116.jpg,ood_test,test
dtd_5126,striped_striped_0013.jpg,ood_test,test
dtd_5127,knitted_knitted_0177.jpg,ood_test,test
dtd_5128,fibrous_fibrous_0174.jpg,ood_test,test
dtd_5129,stratified_stratified_0087.jpg,ood_test,test
dtd_5130,stained_stained_0076.jpg,ood_test,test
dtd_5131,crystalline_crystalline_0169.jpg,ood_test,test
dtd_5132,knitted_knitted_0188.jpg,ood_test,test
dtd_5133,stained_stained_0062.jpg,ood_test,test
dtd_5134,stratified_stratified_0078.jpg,ood_test,test
dtd_5135,honeycombed_honeycombed_0149.jpg,ood_test,test
dtd_5136,porous_porous_0099.jpg,ood_test,test
dtd_5137,honeycombed_honeycombed_0161.jpg,ood_test,test
dtd_5138,stratified_stratified_0050.jpg,ood_test,test
dtd_5139,waffled_waffled_0113.jpg,ood_test,test
dtd_5140,crystalline_crystalline_0155.jpg,ood_test,test
dtd_5141,cracked_cracked_0080.jpg,ood_test,test
dtd_5142,cracked_cracked_0094.jpg,ood_test,test
dtd_5143,waffled_waffled_0107.jpg,ood_test,test
dtd_5144,crystalline_crystalline_0141.jpg,ood_test,test
dtd_5145,honeycombed_honeycombed_0175.jpg,ood_test,test
dtd_5146,wrinkled_wrinkled_0142.jpg,ood_test,test
dtd_5147,studded_studded_0207.jpg,ood_test,test
dtd_5148,marbled_marbled_0186.jpg,ood_test,test
dtd_5149,spiralled_spiralled_0077.jpg,ood_test,test
dtd_5150,scaly_scaly_0137.jpg,ood_test,test
dtd_5151,banded_banded_0051.jpg,ood_test,test
dtd_5152,cobwebbed_cobwebbed_0070.jpg,ood_test,test
dtd_5153,woven_woven_0045.jpg,ood_test,test
dtd_5154,veined_veined_0174.jpg,ood_test,test
dtd_5155,cobwebbed_cobwebbed_0064.jpg,ood_test,test
dtd_5156,woven_woven_0051.jpg,ood_test,test
dtd_5157,veined_veined_0160.jpg,ood_test,test
dtd_5158,scaly_scaly_0123.jpg,ood_test,test
dtd_5159,banded_banded_0045.jpg,ood_test,test
dtd_5160,smeared_smeared_0090.jpg,ood_test,test
dtd_5161,marbled_marbled_0192.jpg,ood_test,test
dtd_5162,studded_studded_0213.jpg,ood_test,test
dtd_5163,freckled_freckled_0070.jpg,ood_test,test
dtd_5164,chequered_chequered_0098.jpg,ood_test,test
dtd_5165,woven_woven_0079.jpg,ood_test,test
dtd_5166,veined_veined_0148.jpg,ood_test,test
dtd_5167,potholed_potholed_0102.jpg,ood_test,test
dtd_5168,paisley_paisley_0126.jpg,ood_test,test
dtd_5169,potholed_potholed_0116.jpg,ood_test,test
dtd_5170,banded_banded_0079.jpg,ood_test,test
dtd_5171,cobwebbed_cobwebbed_0058.jpg,ood_test,test
dtd_5172,bubbly_bubbly_0038.jpg,ood_test,test
dtd_5173,freckled_freckled_0064.jpg,ood_test,test
dtd_5174,grid_grid_0003.jpg,ood_test,test
dtd_5175,smeared_smeared_0047.jpg,ood_test,test
dtd_5176,swirly_swirly_0148.jpg,ood_test,test
dtd_5177,marbled_marbled_0145.jpg,ood_test,test
dtd_5178,braided_braided_0139.jpg,ood_test,test
dtd_5179,interlaced_interlaced_0161.jpg,ood_test,test
dtd_5180,woven_woven_0086.jpg,ood_test,test
dtd_5181,blotchy_blotchy_0071.jpg,ood_test,test
dtd_5182,lined_lined_0033.jpg,ood_test,test
dtd_5183,perforated_perforated_0130.jpg,ood_test,test
dtd_5184,banded_banded_0092.jpg,ood_test,test
dtd_5185,dotted_dotted_0164.jpg,ood_test,test
dtd_5186,banded_banded_0086.jpg,ood_test,test
dtd_5187,perforated_perforated_0124.jpg,ood_test,test
dtd_5188,dotted_dotted_0170.jpg,ood_test,test
dtd_5189,woven_woven_0092.jpg,ood_test,test
dtd_5190,blotchy_blotchy_0065.jpg,ood_test,test
dtd_5191,lined_lined_0027.jpg,ood_test,test
dtd_5192,interlaced_interlaced_0175.jpg,ood_test,test
dtd_5193,smeared_smeared_0053.jpg,ood_test,test
dtd_5194,marbled_marbled_0151.jpg,ood_test,test
dtd_5195,braided_braided_0105.jpg,ood_test,test
dtd_5196,spiralled_spiralled_0088.jpg,ood_test,test
dtd_5197,flecked_flecked_0075.jpg,ood_test,test
dtd_5198,swirly_swirly_0174.jpg,ood_test,test
dtd_5199,marbled_marbled_0179.jpg,ood_test,test
dtd_5200,dotted_dotted_0158.jpg,ood_test,test
dtd_5201,blotchy_blotchy_0059.jpg,ood_test,test
dtd_5202,perforated_perforated_0118.jpg,ood_test,test
dtd_5203,flecked_flecked_0061.jpg,ood_test,test
dtd_5204,swirly_swirly_0160.jpg,ood_test,test
dtd_5205,braided_braided_0111.jpg,ood_test,test
dtd_5206,interlaced_interlaced_0149.jpg,ood_test,test
dtd_5207,freckled_freckled_0138.jpg,ood_test,test
dtd_5208,bubbly_bubbly_0164.jpg,ood_test,test
dtd_5209,spiralled_spiralled_0103.jpg,ood_test,test
dtd_5210,perforated_perforated_0087.jpg,ood_test,test
dtd_5211,banded_banded_0125.jpg,ood_test,test
dtd_5212,cobwebbed_cobwebbed_0104.jpg,ood_test,test
dtd_5213,woven_woven_0131.jpg,ood_test,test
dtd_5214,cobwebbed_cobwebbed_0110.jpg,ood_test,test
dtd_5215,woven_woven_0125.jpg,ood_test,test
dtd_5216,banded_banded_0131.jpg,ood_test,test
dtd_5217,spiralled_spiralled_0117.jpg,ood_test,test
dtd_5218,bubbly_bubbly_0170.jpg,ood_test,test
dtd_5219,freckled_freckled_0104.jpg,ood_test,test
dtd_5220,bubbly_bubbly_0158.jpg,ood_test,test
dtd_5221,cobwebbed_cobwebbed_0138.jpg,ood_test,test
dtd_5222,potholed_potholed_0076.jpg,ood_test,test
dtd_5223,fibrous_fibrous_0216.jpg,ood_test,test
dtd_5224,banded_banded_0119.jpg,ood_test,test
dtd_5225,paisley_paisley_0046.jpg,ood_test,test
dtd_5226,fibrous_fibrous_0202.jpg,ood_test,test
dtd_5227,potholed_potholed_0062.jpg,ood_test,test
dtd_5228,paisley_paisley_0052.jpg,ood_test,test
dtd_5229,woven_woven_0119.jpg,ood_test,test
dtd_5230,knitted_knitted_0201.jpg,ood_test,test
dtd_5231,freckled_freckled_0110.jpg,ood_test,test
dtd_5232,smeared_smeared_0133.jpg,ood_test,test
dtd_5233,chequered_chequered_0113.jpg,ood_test,test
dtd_5234,grooved_grooved_0166.jpg,ood_test,test
dtd_5235,lined_lined_0147.jpg,ood_test,test
dtd_5236,blotchy_blotchy_0105.jpg,ood_test,test
dtd_5237,potholed_potholed_0089.jpg,ood_test,test
dtd_5238,perforated_perforated_0044.jpg,ood_test,test
dtd_5239,perforated_perforated_0050.jpg,ood_test,test
dtd_5240,lined_lined_0153.jpg,ood_test,test
dtd_5241,blotchy_blotchy_0111.jpg,ood_test,test
dtd_5242,chequered_chequered_0107.jpg,ood_test,test
dtd_5243,smeared_smeared_0127.jpg,ood_test,test
dtd_5244,flecked_flecked_0129.jpg,ood_test,test
dtd_5245,flecked_flecked_0101.jpg,ood_test,test
dtd_5246,paisley_paisley_0085.jpg,ood_test,test
dtd_5247,lacelike_lacelike_0002.jpg,ood_test,test
dtd_5248,blotchy_blotchy_0139.jpg,ood_test,test
dtd_5249,paisley_paisley_0091.jpg,ood_test,test
dtd_5250,dotted_dotted_0038.jpg,ood_test,test
dtd_5251,lacelike_lacelike_0016.jpg,ood_test,test
dtd_5252,flecked_flecked_0115.jpg,ood_test,test
dtd_5253,crosshatched_crosshatched_0172.jpg,ood_test,test
dtd_5254,porous_porous_0112.jpg,ood_test,test
dtd_5255,bumpy_bumpy_0172.jpg,ood_test,test
dtd_5256,pitted_pitted_0144.jpg,ood_test,test
dtd_5257,meshed_meshed_0140.jpg,ood_test,test
dtd_5258,waffled_waffled_0098.jpg,ood_test,test
dtd_5259,studded_studded_0171.jpg,ood_test,test
dtd_5260,studded_studded_0165.jpg,ood_test,test
dtd_5261,frilly_frilly_0078.jpg,ood_test,test
dtd_5262,bumpy_bumpy_0166.jpg,ood_test,test
dtd_5263,pitted_pitted_0150.jpg,ood_test,test
dtd_5264,meshed_meshed_0154.jpg,ood_test,test
dtd_5265,porous_porous_0106.jpg,ood_test,test
dtd_5266,crosshatched_crosshatched_0166.jpg,ood_test,test
dtd_5267,matted_matted_0076.jpg,ood_test,test
dtd_5268,cracked_cracked_0137.jpg,ood_test,test
dtd_5269,frilly_frilly_0050.jpg,ood_test,test
dtd_5270,frilly_frilly_0044.jpg,ood_test,test
dtd_5271,meshed_meshed_0168.jpg,ood_test,test
dtd_5272,studded_studded_0159.jpg,ood_test,test
dtd_5273,cracked_cracked_0123.jpg,ood_test,test
dtd_5274,pleated_pleated_0162.jpg,ood_test,test
dtd_5275,stratified_stratified_0118.jpg,ood_test,test
dtd_5276,stained_stained_0102.jpg,ood_test,test
dtd_5277,sprinkled_sprinkled_0017.jpg,ood_test,test
dtd_5278,matted_matted_0089.jpg,ood_test,test
dtd_5279,meshed_meshed_0183.jpg,ood_test,test
dtd_5280,stained_stained_0116.jpg,ood_test,test
dtd_5281,dotted_dotted_0206.jpg,ood_test,test
dtd_5282,gauzy_gauzy_0106.jpg,ood_test,test
dtd_5283,stratified_stratified_0124.jpg,ood_test,test
dtd_5284,frilly_frilly_0093.jpg,ood_test,test
dtd_5285,bumpy_bumpy_0199.jpg,ood_test,test
dtd_5286,frilly_frilly_0087.jpg,ood_test,test
dtd_5287,stratified_stratified_0130.jpg,ood_test,test
dtd_5288,wrinkled_wrinkled_0036.jpg,ood_test,test
dtd_5289,gauzy_gauzy_0112.jpg,ood_test,test
dtd_5290,frilly_frilly_0091.jpg,ood_test,test
dtd_5291,stratified_stratified_0126.jpg,ood_test,test
dtd_5292,gauzy_gauzy_0104.jpg,ood_test,test
dtd_5293,wrinkled_wrinkled_0020.jpg,ood_test,test
dtd_5294,gauzy_gauzy_0110.jpg,ood_test,test
dtd_5295,wrinkled_wrinkled_0034.jpg,ood_test,test
dtd_5296,stained_stained_0128.jpg,ood_test,test
dtd_5297,stratified_stratified_0132.jpg,ood_test,test
dtd_5298,honeycombed_honeycombed_0003.jpg,ood_test,test
dtd_5299,frilly_frilly_0085.jpg,ood_test,test
dtd_5300,studded_studded_0198.jpg,ood_test,test
dtd_5301,waffled_waffled_0059.jpg,ood_test,test
dtd_5302,meshed_meshed_0181.jpg,ood_test,test
dtd_5303,gauzy_gauzy_0138.jpg,ood_test,test
dtd_5304,sprinkled_sprinkled_0015.jpg,ood_test,test
dtd_5305,stained_stained_0100.jpg,ood_test,test
dtd_5306,dotted_dotted_0204.jpg,ood_test,test
dtd_5307,stained_stained_0114.jpg,ood_test,test
dtd_5308,interlaced_interlaced_0201.jpg,ood_test,test
dtd_5309,frilly_frilly_0052.jpg,ood_test,test
dtd_5310,cracked_cracked_0135.jpg,ood_test,test
dtd_5311,matted_matted_0074.jpg,ood_test,test
dtd_5312,porous_porous_0138.jpg,ood_test,test
dtd_5313,pleated_pleated_0160.jpg,ood_test,test
dtd_5314,crosshatched_crosshatched_0158.jpg,ood_test,test
dtd_5315,cracked_cracked_0121.jpg,ood_test,test
dtd_5316,bumpy_bumpy_0158.jpg,ood_test,test
dtd_5317,frilly_frilly_0046.jpg,ood_test,test
dtd_5318,cracked_cracked_0109.jpg,ood_test,test
dtd_5319,studded_studded_0173.jpg,ood_test,test
dtd_5320,meshed_meshed_0142.jpg,ood_test,test
dtd_5321,bumpy_bumpy_0170.jpg,ood_test,test
dtd_5322,pitted_pitted_0146.jpg,ood_test,test
dtd_5323,pleated_pleated_0148.jpg,ood_test,test
dtd_5324,porous_porous_0110.jpg,ood_test,test
dtd_5325,crosshatched_crosshatched_0170.jpg,ood_test,test
dtd_5326,matted_matted_0048.jpg,ood_test,test
dtd_5327,crosshatched_crosshatched_0164.jpg,ood_test,test
dtd_5328,porous_porous_0104.jpg,ood_test,test
dtd_5329,meshed_meshed_0156.jpg,ood_test,test
dtd_5330,bumpy_bumpy_0164.jpg,ood_test,test
dtd_5331,pitted_pitted_0152.jpg,ood_test,test
dtd_5332,studded_studded_0167.jpg,ood_test,test
dtd_5333,paisley_paisley_0087.jpg,ood_test,test
dtd_5334,flecked_flecked_0103.jpg,ood_test,test
dtd_5335,grooved_grooved_0158.jpg,ood_test,test
dtd_5336,braided_braided_0067.jpg,ood_test,test
dtd_5337,flecked_flecked_0117.jpg,ood_test,test
dtd_5338,smeared_smeared_0119.jpg,ood_test,test
dtd_5339,lacelike_lacelike_0014.jpg,ood_test,test
dtd_5340,paisley_paisley_0093.jpg,ood_test,test
dtd_5341,perforated_perforated_0046.jpg,ood_test,test
dtd_5342,blotchy_blotchy_0107.jpg,ood_test,test
dtd_5343,grooved_grooved_0164.jpg,ood_test,test
dtd_5344,chequered_chequered_0111.jpg,ood_test,test
dtd_5345,smeared_smeared_0131.jpg,ood_test,test
dtd_5346,crystalline_crystalline_0209.jpg,ood_test,test
dtd_5347,smeared_smeared_0125.jpg,ood_test,test
dtd_5348,blotchy_blotchy_0113.jpg,ood_test,test
dtd_5349,lined_lined_0151.jpg,ood_test,test
dtd_5350,lacelike_lacelike_0028.jpg,ood_test,test
dtd_5351,perforated_perforated_0052.jpg,ood_test,test
dtd_5352,paisley_paisley_0044.jpg,ood_test,test
dtd_5353,potholed_potholed_0074.jpg,ood_test,test
dtd_5354,freckled_freckled_0106.jpg,ood_test,test
dtd_5355,spiralled_spiralled_0129.jpg,ood_test,test
dtd_5356,freckled_freckled_0112.jpg,ood_test,test
dtd_5357,knitted_knitted_0203.jpg,ood_test,test
dtd_5358,paisley_paisley_0050.jpg,ood_test,test
dtd_5359,fibrous_fibrous_0200.jpg,ood_test,test
dtd_5360,cobwebbed_cobwebbed_0106.jpg,ood_test,test
dtd_5361,paisley_paisley_0078.jpg,ood_test,test
dtd_5362,potholed_potholed_0048.jpg,ood_test,test
dtd_5363,perforated_perforated_0085.jpg,ood_test,test
dtd_5364,spiralled_spiralled_0101.jpg,ood_test,test
dtd_5365,bubbly_bubbly_0166.jpg,ood_test,test
dtd_5366,bubbly_bubbly_0172.jpg,ood_test,test
dtd_5367,spiralled_spiralled_0115.jpg,ood_test,test
dtd_5368,banded_banded_0133.jpg,ood_test,test
dtd_5369,cobwebbed_cobwebbed_0112.jpg,ood_test,test
dtd_5370,woven_woven_0127.jpg,ood_test,test
dtd_5371,veined_veined_0189.jpg,ood_test,test
dtd_5372,swirly_swirly_0176.jpg,ood_test,test
dtd_5373,smeared_smeared_0079.jpg,ood_test,test
dtd_5374,flecked_flecked_0077.jpg,ood_test,test
dtd_5375,braided_braided_0107.jpg,ood_test,test
dtd_5376,braided_braided_0113.jpg,ood_test,test
dtd_5377,swirly_swirly_0162.jpg,ood_test,test
dtd_5378,flecked_flecked_0063.jpg,ood_test,test
dtd_5379,cobwebbed_cobwebbed_0099.jpg,ood_test,test
dtd_5380,dotted_dotted_0166.jpg,ood_test,test
dtd_5381,banded_banded_0090.jpg,ood_test,test
dtd_5382,perforated_perforated_0132.jpg,ood_test,test
dtd_5383,blotchy_blotchy_0073.jpg,ood_test,test
dtd_5384,woven_woven_0084.jpg,ood_test,test
dtd_5385,interlaced_interlaced_0163.jpg,ood_test,test
dtd_5386,smeared_smeared_0045.jpg,ood_test,test
dtd_5387,marbled_marbled_0147.jpg,ood_test,test
dtd_5388,marbled_marbled_0153.jpg,ood_test,test
dtd_5389,freckled_freckled_0099.jpg,ood_test,test
dtd_5390,interlaced_interlaced_0177.jpg,ood_test,test
dtd_5391,blotchy_blotchy_0067.jpg,ood_test,test
dtd_5392,dotted_dotted_0172.jpg,ood_test,test
dtd_5393,perforated_perforated_0126.jpg,ood_test,test
dtd_5394,potholed_potholed_0100.jpg,ood_test,test
dtd_5395,scaly_scaly_0109.jpg,ood_test,test
dtd_5396,paisley_paisley_0130.jpg,ood_test,test
dtd_5397,dotted_dotted_0199.jpg,ood_test,test
dtd_5398,freckled_freckled_0072.jpg,ood_test,test
dtd_5399,grid_grid_0015.jpg,ood_test,test
dtd_5400,grid_grid_0001.jpg,ood_test,test
dtd_5401,freckled_freckled_0066.jpg,ood_test,test
dtd_5402,interlaced_interlaced_0188.jpg,ood_test,test
dtd_5403,blotchy_blotchy_0098.jpg,ood_test,test
dtd_5404,potholed_potholed_0114.jpg,ood_test,test
dtd_5405,paisley_paisley_0124.jpg,ood_test,test
dtd_5406,veined_veined_0176.jpg,ood_test,test
dtd_5407,cobwebbed_cobwebbed_0072.jpg,ood_test,test
dtd_5408,woven_woven_0047.jpg,ood_test,test
dtd_5409,banded_banded_0053.jpg,ood_test,test
dtd_5410,scaly_scaly_0135.jpg,ood_test,test
dtd_5411,flecked_flecked_0088.jpg,ood_test,test
dtd_5412,spiralled_spiralled_0075.jpg,ood_test,test
dtd_5413,smeared_smeared_0086.jpg,ood_test,test
dtd_5414,grid_grid_0029.jpg,ood_test,test
dtd_5415,marbled_marbled_0184.jpg,ood_test,test
dtd_5416,studded_studded_0205.jpg,ood_test,test
dtd_5417,studded_studded_0211.jpg,ood_test,test
dtd_5418,smeared_smeared_0092.jpg,ood_test,test
dtd_5419,marbled_marbled_0190.jpg,ood_test,test
dtd_5420,banded_banded_0047.jpg,ood_test,test
dtd_5421,potholed_potholed_0128.jpg,ood_test,test
dtd_5422,scaly_scaly_0121.jpg,ood_test,test
dtd_5423,paisley_paisley_0118.jpg,ood_test,test
dtd_5424,veined_veined_0162.jpg,ood_test,test
dtd_5425,cobwebbed_cobwebbed_0066.jpg,ood_test,test
dtd_5426,woven_woven_0053.jpg,ood_test,test
dtd_5427,cracked_cracked_0082.jpg,ood_test,test
dtd_5428,waffled_waffled_0111.jpg,ood_test,test
dtd_5429,crystalline_crystalline_0157.jpg,ood_test,test
dtd_5430,honeycombed_honeycombed_0163.jpg,ood_test,test
dtd_5431,stained_stained_0048.jpg,ood_test,test
dtd_5432,wrinkled_wrinkled_0140.jpg,ood_test,test
dtd_5433,stratified_stratified_0046.jpg,ood_test,test
dtd_5434,waffled_waffled_0105.jpg,ood_test,test
dtd_5435,crystalline_crystalline_0143.jpg,ood_test,test
dtd_5436,stained_stained_0074.jpg,ood_test,test
dtd_5437,fibrous_fibrous_0189.jpg,ood_test,test
dtd_5438,stained_stained_0060.jpg,ood_test,test
dtd_5439,waffled_waffled_0139.jpg,ood_test,test
dtd_5440,frilly_frilly_0126.jpg,ood_test,test
dtd_5441,crystalline_crystalline_0194.jpg,ood_test,test
dtd_5442,polka-dotted_polka-dotted_0116.jpg,ood_test,test
dtd_5443,knitted_knitted_0161.jpg,ood_test,test
dtd_5444,matted_matted_0100.jpg,ood_test,test
dtd_5445,striped_striped_0005.jpg,ood_test,test
dtd_5446,porous_porous_0058.jpg,ood_test,test
dtd_5447,fibrous_fibrous_0162.jpg,ood_test,test
dtd_5448,stratified_stratified_0091.jpg,ood_test,test
dtd_5449,stratified_stratified_0085.jpg,ood_test,test
dtd_5450,fibrous_fibrous_0176.jpg,ood_test,test
dtd_5451,knitted_knitted_0175.jpg,ood_test,test
dtd_5452,striped_striped_0011.jpg,ood_test,test
dtd_5453,matted_matted_0114.jpg,ood_test,test
dtd_5454,polka-dotted_polka-dotted_0102.jpg,ood_test,test
dtd_5455,crystalline_crystalline_0180.jpg,ood_test,test
dtd_5456,studded_studded_0007.jpg,ood_test,test
dtd_5457,striped_striped_0039.jpg,ood_test,test
dtd_5458,knitted_knitted_0149.jpg,ood_test,test
dtd_5459,matted_matted_0128.jpg,ood_test,test
dtd_5460,crosshatched_crosshatched_0010.jpg,ood_test,test
dtd_5461,porous_porous_0070.jpg,ood_test,test
dtd_5462,pitted_pitted_0026.jpg,ood_test,test
dtd_5463,cracked_cracked_0069.jpg,ood_test,test
dtd_5464,porous_porous_0071.jpg,ood_test,test
dtd_5465,matted_matted_0129.jpg,ood_test,test
dtd_5466,knitted_knitted_0148.jpg,ood_test,test
dtd_5467,cracked_cracked_0068.jpg,ood_test,test
dtd_5468,meshed_meshed_0023.jpg,ood_test,test
dtd_5469,pitted_pitted_0027.jpg,ood_test,test
dtd_5470,striped_striped_0038.jpg,ood_test,test
dtd_5471,porous_porous_0065.jpg,ood_test,test
dtd_5472,striped_striped_0010.jpg,ood_test,test
dtd_5473,matted_matted_0115.jpg,ood_test,test
dtd_5474,knitted_knitted_0174.jpg,ood_test,test
dtd_5475,fibrous_fibrous_0177.jpg,ood_test,test
dtd_5476,polka-dotted_polka-dotted_0103.jpg,ood_test,test
dtd_5477,crystalline_crystalline_0181.jpg,ood_test,test
dtd_5478,cracked_cracked_0054.jpg,ood_test,test
dtd_5479,crystalline_crystalline_0195.jpg,ood_test,test
dtd_5480,fibrous_fibrous_0163.jpg,ood_test,test
dtd_5481,stratified_stratified_0090.jpg,ood_test,test
dtd_5482,porous_porous_0059.jpg,ood_test,test
dtd_5483,matted_matted_0101.jpg,ood_test,test
dtd_5484,striped_striped_0004.jpg,ood_test,test
dtd_5485,knitted_knitted_0160.jpg,ood_test,test
dtd_5486,stained_stained_0061.jpg,ood_test,test
dtd_5487,fibrous_fibrous_0188.jpg,ood_test,test
dtd_5488,waffled_waffled_0138.jpg,ood_test,test
dtd_5489,stained_stained_0075.jpg,ood_test,test
dtd_5490,stratified_stratified_0047.jpg,ood_test,test
dtd_5491,wrinkled_wrinkled_0141.jpg,ood_test,test
dtd_5492,cracked_cracked_0097.jpg,ood_test,test
dtd_5493,crystalline_crystalline_0142.jpg,ood_test,test
dtd_5494,waffled_waffled_0104.jpg,ood_test,test
dtd_5495,crystalline_crystalline_0156.jpg,ood_test,test
dtd_5496,waffled_waffled_0110.jpg,ood_test,test
dtd_5497,cracked_cracked_0083.jpg,ood_test,test
dtd_5498,stained_stained_0049.jpg,ood_test,test
dtd_5499,honeycombed_honeycombed_0162.jpg,ood_test,test
dtd_5500,stratified_stratified_0053.jpg,ood_test,test
dtd_5501,marbled_marbled_0191.jpg,ood_test,test
dtd_5502,smeared_smeared_0093.jpg,ood_test,test
dtd_5503,spiralled_spiralled_0060.jpg,ood_test,test
dtd_5504,studded_studded_0210.jpg,ood_test,test
dtd_5505,woven_woven_0052.jpg,ood_test,test
dtd_5506,veined_veined_0163.jpg,ood_test,test
dtd_5507,paisley_paisley_0119.jpg,ood_test,test
dtd_5508,scaly_scaly_0120.jpg,ood_test,test
dtd_5509,banded_banded_0046.jpg,ood_test,test
dtd_5510,potholed_potholed_0129.jpg,ood_test,test
dtd_5511,scaly_scaly_0134.jpg,ood_test,test
dtd_5512,woven_woven_0046.jpg,ood_test,test
dtd_5513,cobwebbed_cobwebbed_0073.jpg,ood_test,test
dtd_5514,veined_veined_0177.jpg,ood_test,test
dtd_5515,studded_studded_0204.jpg,ood_test,test
dtd_5516,marbled_marbled_0185.jpg,ood_test,test
dtd_5517,smeared_smeared_0087.jpg,ood_test,test
dtd_5518,spiralled_spiralled_0074.jpg,ood_test,test
dtd_5519,flecked_flecked_0089.jpg,ood_test,test
dtd_5520,interlaced_interlaced_0189.jpg,ood_test,test
dtd_5521,freckled_freckled_0067.jpg,ood_test,test
dtd_5522,paisley_paisley_0125.jpg,ood_test,test
dtd_5523,potholed_potholed_0115.jpg,ood_test,test
dtd_5524,blotchy_blotchy_0099.jpg,ood_test,test
dtd_5525,dotted_dotted_0198.jpg,ood_test,test
dtd_5526,paisley_paisley_0131.jpg,ood_test,test
dtd_5527,potholed_potholed_0101.jpg,ood_test,test
dtd_5528,spiralled_spiralled_0048.jpg,ood_test,test
dtd_5529,chequered_chequered_0070.jpg,ood_test,test
dtd_5530,interlaced_interlaced_0176.jpg,ood_test,test
dtd_5531,freckled_freckled_0098.jpg,ood_test,test
dtd_5532,marbled_marbled_0152.jpg,ood_test,test
dtd_5533,smeared_smeared_0050.jpg,ood_test,test
dtd_5534,perforated_perforated_0127.jpg,ood_test,test
dtd_5535,banded_banded_0085.jpg,ood_test,test
dtd_5536,dotted_dotted_0173.jpg,ood_test,test
dtd_5537,woven_woven_0091.jpg,ood_test,test
dtd_5538,blotchy_blotchy_0066.jpg,ood_test,test
dtd_5539,lined_lined_0024.jpg,ood_test,test
dtd_5540,blotchy_blotchy_0072.jpg,ood_test,test
dtd_5541,perforated_perforated_0133.jpg,ood_test,test
dtd_5542,dotted_dotted_0167.jpg,ood_test,test
dtd_5543,marbled_marbled_0146.jpg,ood_test,test
dtd_5544,smeared_smeared_0044.jpg,ood_test,test
dtd_5545,chequered_chequered_0064.jpg,ood_test,test
dtd_5546,interlaced_interlaced_0162.jpg,ood_test,test
dtd_5547,flecked_flecked_0062.jpg,ood_test,test
dtd_5548,swirly_swirly_0163.jpg,ood_test,test
dtd_5549,braided_braided_0112.jpg,ood_test,test
dtd_5550,cobwebbed_cobwebbed_0098.jpg,ood_test,test
dtd_5551,veined_veined_0188.jpg,ood_test,test
dtd_5552,braided_braided_0106.jpg,ood_test,test
dtd_5553,flecked_flecked_0076.jpg,ood_test,test
dtd_5554,smeared_smeared_0078.jpg,ood_test,test
dtd_5555,swirly_swirly_0177.jpg,ood_test,test
dtd_5556,spiralled_spiralled_0114.jpg,ood_test,test
dtd_5557,braided_braided_0099.jpg,ood_test,test
dtd_5558,bubbly_bubbly_0173.jpg,ood_test,test
dtd_5559,woven_woven_0126.jpg,ood_test,test
dtd_5560,cobwebbed_cobwebbed_0113.jpg,ood_test,test
dtd_5561,perforated_perforated_0090.jpg,ood_test,test
dtd_5562,banded_banded_0132.jpg,ood_test,test
dtd_5563,potholed_potholed_0049.jpg,ood_test,test
dtd_5564,paisley_paisley_0079.jpg,ood_test,test
dtd_5565,cobwebbed_cobwebbed_0107.jpg,ood_test,test
dtd_5566,bubbly_bubbly_0167.jpg,ood_test,test
dtd_5567,spiralled_spiralled_0100.jpg,ood_test,test
dtd_5568,freckled_freckled_0113.jpg,ood_test,test
dtd_5569,spiralled_spiralled_0128.jpg,ood_test,test
dtd_5570,potholed_potholed_0061.jpg,ood_test,test
dtd_5571,fibrous_fibrous_0201.jpg,ood_test,test
dtd_5572,paisley_paisley_0051.jpg,ood_test,test
dtd_5573,knitted_knitted_0202.jpg,ood_test,test
dtd_5574,fibrous_fibrous_0215.jpg,ood_test,test
dtd_5575,potholed_potholed_0075.jpg,ood_test,test
dtd_5576,paisley_paisley_0045.jpg,ood_test,test
dtd_5577,freckled_freckled_0107.jpg,ood_test,test
dtd_5578,interlaced_interlaced_0002.jpg,ood_test,test
dtd_5579,smeared_smeared_0124.jpg,ood_test,test
dtd_5580,crystalline_crystalline_0208.jpg,ood_test,test
dtd_5581,perforated_perforated_0053.jpg,ood_test,test
dtd_5582,lacelike_lacelike_0029.jpg,ood_test,test
dtd_5583,lined_lined_0150.jpg,ood_test,test
dtd_5584,blotchy_blotchy_0112.jpg,ood_test,test
dtd_5585,lined_lined_0144.jpg,ood_test,test
dtd_5586,blotchy_blotchy_0106.jpg,ood_test,test
dtd_5587,perforated_perforated_0047.jpg,ood_test,test
dtd_5588,smeared_smeared_0130.jpg,ood_test,test
dtd_5589,grooved_grooved_0165.jpg,ood_test,test
dtd_5590,smeared_smeared_0118.jpg,ood_test,test
dtd_5591,flecked_flecked_0116.jpg,ood_test,test
dtd_5592,chequered_chequered_0138.jpg,ood_test,test
dtd_5593,paisley_paisley_0092.jpg,ood_test,test
dtd_5594,lacelike_lacelike_0015.jpg,ood_test,test
dtd_5595,lacelike_lacelike_0001.jpg,ood_test,test
dtd_5596,grooved_grooved_0159.jpg,ood_test,test
dtd_5597,crystalline_crystalline_0220.jpg,ood_test,test
dtd_5598,flecked_flecked_0102.jpg,ood_test,test
dtd_5599,porous_porous_0105.jpg,ood_test,test
dtd_5600,crosshatched_crosshatched_0165.jpg,ood_test,test
dtd_5601,studded_studded_0166.jpg,ood_test,test
dtd_5602,pitted_pitted_0153.jpg,ood_test,test
dtd_5603,bumpy_bumpy_0165.jpg,ood_test,test
dtd_5604,meshed_meshed_0157.jpg,ood_test,test
dtd_5605,pitted_pitted_0147.jpg,ood_test,test
dtd_5606,bumpy_bumpy_0171.jpg,ood_test,test
dtd_5607,meshed_meshed_0143.jpg,ood_test,test
dtd_5608,cracked_cracked_0108.jpg,ood_test,test
dtd_5609,matted_matted_0049.jpg,ood_test,test
dtd_5610,crosshatched_crosshatched_0171.jpg,ood_test,test
dtd_5611,porous_porous_0111.jpg,ood_test,test
dtd_5612,pleated_pleated_0149.jpg,ood_test,test
dtd_5613,matted_matted_0061.jpg,ood_test,test
dtd_5614,crosshatched_crosshatched_0159.jpg,ood_test,test
dtd_5615,pleated_pleated_0161.jpg,ood_test,test
dtd_5616,porous_porous_0139.jpg,ood_test,test
dtd_5617,bumpy_bumpy_0159.jpg,ood_test,test
dtd_5618,frilly_frilly_0047.jpg,ood_test,test
dtd_5619,cracked_cracked_0120.jpg,ood_test,test
dtd_5620,cracked_cracked_0134.jpg,ood_test,test
dtd_5621,frilly_frilly_0053.jpg,ood_test,test
dtd_5622,matted_matted_0075.jpg,ood_test,test
dtd_5623,dotted_dotted_0205.jpg,ood_test,test
dtd_5624,stained_stained_0115.jpg,ood_test,test
dtd_5625,interlaced_interlaced_0200.jpg,ood_test,test
dtd_5626,meshed_meshed_0180.jpg,ood_test,test
dtd_5627,waffled_waffled_0058.jpg,ood_test,test
dtd_5628,stained_stained_0101.jpg,ood_test,test
dtd_5629,sprinkled_sprinkled_0014.jpg,ood_test,test
dtd_5630,gauzy_gauzy_0139.jpg,ood_test,test
dtd_5631,stratified_stratified_0133.jpg,ood_test,test
dtd_5632,stained_stained_0129.jpg,ood_test,test
dtd_5633,gauzy_gauzy_0111.jpg,ood_test,test
dtd_5634,studded_studded_0199.jpg,ood_test,test
dtd_5635,waffled_waffled_0070.jpg,ood_test,test
dtd_5636,frilly_frilly_0090.jpg,ood_test,test
dtd_5637,wrinkled_wrinkled_0021.jpg,ood_test,test
dtd_5638,gauzy_gauzy_0105.jpg,ood_test,test
dtd_5639,stratified_stratified_0127.jpg,ood_test,test
