id,image_path,label,stage
imagenet-o_0,headset_0.9965918.jpg,ood_wild,train
imagenet-o_1,quadrate_0.99998045.jpg,ood_wild,train
imagenet-o_2,computerized_axial_tomography_scanner_CAT_scanner_0.9618492.jpg,ood_wild,train
imagenet-o_3,sandbag_0.9993542.jpg,ood_wild,train
imagenet-o_4,Sheetrock_0.9742838.jpg,ood_wild,train
imagenet-o_5,back_backrest_0.989287.jpg,ood_wild,train
imagenet-o_6,butt_weld_butt-weld_0.99919504.jpg,ood_wild,train
imagenet-o_7,jack_0.9989304.jpg,ood_wild,train
imagenet-o_8,sugar_candy_0.9907644.jpg,ood_wild,train
imagenet-o_9,ossuary_0.9936708.jpg,ood_wild,train
imagenet-o_10,telephone_jack_phone_jack_0.99033725.jpg,ood_wild,train
imagenet-o_11,hurricane_lamp_hurricane_lantern_tornado_lantern_storm_lantern_storm_lamp_0.9986358.jpg,ood_wild,train
imagenet-o_12,breakfast_0.9957455.jpg,ood_wild,train
imagenet-o_13,drift_net_0.99742234.jpg,ood_wild,train
imagenet-o_14,pitch_pine_northern_pitch_pine_Pinus_rigida_0.9996698.jpg,ood_wild,val
imagenet-o_15,pangolin_scaly_anteater_anteater_0.99973637.jpg,ood_wild,train
imagenet-o_16,bill_peak_eyeshade_visor_vizor_0.98900884.jpg,ood_wild,train
imagenet-o_17,Venn_diagram_Venn's_diagram_0.99643046.jpg,ood_wild,train
imagenet-o_18,Swiss_cheese_0.9952434.jpg,ood_wild,train
imagenet-o_19,gearbox_gear_box_gear_case_0.9801057.jpg,ood_wild,train
imagenet-o_20,archerfish_Toxotes_jaculatrix_0.99576724.jpg,ood_wild,train
imagenet-o_21,tyrannosaur_tyrannosaurus_Tyrannosaurus_rex_0.9999615.jpg,ood_wild,train
imagenet-o_22,Brussels_carpet_0.92938286.jpg,ood_wild,train
imagenet-o_23,whipcord_0.9964395.jpg,ood_wild,train
imagenet-o_24,phial_vial_ampule_ampul_ampoule_0.99986184.jpg,ood_wild,train
imagenet-o_25,triskelion_triskele_0.98953617.jpg,ood_wild,train
imagenet-o_26,car_bomb_0.998808.jpg,ood_wild,train
imagenet-o_27,silo_0.9995784.jpg,ood_wild,val
imagenet-o_28,hyson_0.9974947.jpg,ood_wild,train
imagenet-o_29,floor_flooring_0.9994998.jpg,ood_wild,train
imagenet-o_30,tomatillo_husk_tomato_Mexican_husk_tomato_0.9974892.jpg,ood_wild,train
imagenet-o_31,cigarette_butt_0.905507.jpg,ood_wild,train
imagenet-o_32,trophy_case_0.99650097.jpg,ood_wild,train
imagenet-o_33,AND_circuit_AND_gate_0.9905883.jpg,ood_wild,train
imagenet-o_34,club_sandwich_three-decker_triple-decker_0.984309.jpg,ood_wild,train
imagenet-o_35,sparring_partner_sparring_mate_0.9997578.jpg,ood_wild,train
imagenet-o_36,Allen_wrench_0.99940646.jpg,ood_wild,train
imagenet-o_37,miter_box_mitre_box_0.99610364.jpg,ood_wild,train
imagenet-o_38,food_court_0.99995434.jpg,ood_wild,val
imagenet-o_39,neon_lamp_neon_induction_lamp_neon_tube_0.9992662.jpg,ood_wild,val
imagenet-o_40,distributor_cap_0.90598387.jpg,ood_wild,train
imagenet-o_41,candy_confect_0.9984086.jpg,ood_wild,train
imagenet-o_42,stony_coral_madrepore_madriporian_coral_0.99943775.jpg,ood_wild,train
imagenet-o_43,detector_sensor_sensing_element_0.9987801.jpg,ood_wild,train
imagenet-o_44,dill_seed_0.9725389.jpg,ood_wild,val
imagenet-o_45,Spanish_dagger_Yucca_gloriosa_0.984277.jpg,ood_wild,train
imagenet-o_46,basil_sweet_basil_0.9827209.jpg,ood_wild,val
imagenet-o_47,pumpkin_0.9846718.jpg,ood_wild,train
imagenet-o_48,hand_glass_hand_mirror_0.9746483.jpg,ood_wild,train
imagenet-o_49,open-end_wrench_tappet_wrench_0.9997075.jpg,ood_wild,train
imagenet-o_50,Thompson_Seedless_0.98639965.jpg,ood_wild,train
imagenet-o_51,polish_gloss_glossiness_burnish_0.99737835.jpg,ood_wild,train
imagenet-o_52,stegosaur_stegosaurus_Stegosaur_stenops_0.9999466.jpg,ood_wild,train
imagenet-o_53,cleaners_dry_cleaners_0.9761871.jpg,ood_wild,train
imagenet-o_54,wicket_hoop_0.99939024.jpg,ood_wild,train
imagenet-o_55,baggage_0.98645824.jpg,ood_wild,train
imagenet-o_56,bracteole_bractlet_0.99998057.jpg,ood_wild,train
imagenet-o_57,sunflower_helianthus_0.9992305.jpg,ood_wild,train
imagenet-o_58,gumbo_okra_0.97982144.jpg,ood_wild,val
imagenet-o_59,drill_press_0.9986389.jpg,ood_wild,train
imagenet-o_60,oilfield_0.99839884.jpg,ood_wild,train
imagenet-o_61,taillight_tail_lamp_rear_light_rear_lamp_0.9999528.jpg,ood_wild,val
imagenet-o_62,telephone_system_phone_system_0.9993193.jpg,ood_wild,val
imagenet-o_63,motorized_wheelchair_0.9989949.jpg,ood_wild,train
imagenet-o_64,test_room_testing_room_0.9997725.jpg,ood_wild,train
imagenet-o_65,volva_0.9982046.jpg,ood_wild,train
imagenet-o_66,loser_0.9994199.jpg,ood_wild,train
imagenet-o_67,dongle_0.99204296.jpg,ood_wild,train
imagenet-o_68,bunk_bed_bunk_0.99969447.jpg,ood_wild,train
imagenet-o_69,Canadian_0.9994831.jpg,ood_wild,train
imagenet-o_70,graffito_graffiti_0.999811.jpg,ood_wild,train
imagenet-o_71,chromatic_color_chromatic_colour_spectral_color_spectral_colour_0.9987282.jpg,ood_wild,train
imagenet-o_72,nosh_0.99991655.jpg,ood_wild,train
imagenet-o_73,peppermint_peppermint_candy_0.9962089.jpg,ood_wild,train
imagenet-o_74,roller_tumbler_tumbler_pigeon_0.99809116.jpg,ood_wild,val
imagenet-o_75,Primus_stove_Primus_0.9994717.jpg,ood_wild,train
imagenet-o_76,silver_tree_Tarrietia_argyrodendron_0.9992718.jpg,ood_wild,val
imagenet-o_77,encaustic_0.99992394.jpg,ood_wild,train
imagenet-o_78,bedpan_0.9940095.jpg,ood_wild,train
imagenet-o_79,building_complex_complex_0.9932266.jpg,ood_wild,train
imagenet-o_80,cinnamon_roll_cinnamon_bun_cinnamon_snail_0.9988263.jpg,ood_wild,train
imagenet-o_81,grate_grating_0.9999963.jpg,ood_wild,train
imagenet-o_82,apple_butter_0.9993937.jpg,ood_wild,train
imagenet-o_83,brochette_0.9997702.jpg,ood_wild,train
imagenet-o_84,Easter_egg_0.9781146.jpg,ood_wild,train
imagenet-o_85,bacon-lettuce-tomato_sandwich_BLT_0.97444236.jpg,ood_wild,val
imagenet-o_86,crucian_carp_Carassius_carassius_Carassius_vulgaris_0.99940515.jpg,ood_wild,train
imagenet-o_87,black_walnut_0.9936639.jpg,ood_wild,train
imagenet-o_88,hose_0.99558747.jpg,ood_wild,train
imagenet-o_89,playpen_pen_0.99792296.jpg,ood_wild,train
imagenet-o_90,seashell_0.9988727.jpg,ood_wild,train
imagenet-o_91,pepper_0.98049873.jpg,ood_wild,train
imagenet-o_92,caribou_reindeer_Greenland_caribou_Rangifer_tarandus_0.99949014.jpg,ood_wild,train
imagenet-o_93,cash_register_register_0.9984547.jpg,ood_wild,train
imagenet-o_94,block_cube_0.9999498.jpg,ood_wild,train
imagenet-o_95,pale_yellow_straw_wheat_0.9997776.jpg,ood_wild,train
imagenet-o_96,liquid_crystal_display_LCD_0.9999969.jpg,ood_wild,val
imagenet-o_97,tinfoil_tin_foil_1.0.jpg,ood_wild,train
imagenet-o_98,Klansman_Ku_Kluxer_Kluxer_0.9999974.jpg,ood_wild,val
imagenet-o_99,goulash_Hungarian_goulash_gulyas_0.95701873.jpg,ood_wild,train
imagenet-o_100,snap_bean_snap_0.995223.jpg,ood_wild,train
imagenet-o_101,candy_cane_0.99966526.jpg,ood_wild,train
imagenet-o_102,peripheral_computer_peripheral_peripheral_device_0.9945581.jpg,ood_wild,train
imagenet-o_103,cog_sprocket_0.9985625.jpg,ood_wild,train
imagenet-o_104,juice_0.9800457.jpg,ood_wild,train
imagenet-o_105,orangeade_0.9779081.jpg,ood_wild,train
imagenet-o_106,earplug_0.9987301.jpg,ood_wild,train
imagenet-o_107,spicemill_0.9954847.jpg,ood_wild,train
imagenet-o_108,Indian_red_0.9933831.jpg,ood_wild,train
imagenet-o_109,baker_bread_maker_0.9941555.jpg,ood_wild,train
imagenet-o_110,chair_0.99902105.jpg,ood_wild,train
imagenet-o_111,fried_rice_Chinese_fried_rice_0.9934987.jpg,ood_wild,train
imagenet-o_112,fish_0.9937715.jpg,ood_wild,train
imagenet-o_113,thong_0.9968957.jpg,ood_wild,train
imagenet-o_114,electrolytic_electrolytic_capacitor_electrolytic_condenser_0.95255643.jpg,ood_wild,train
imagenet-o_115,checker_chequer_0.9998388.jpg,ood_wild,train
imagenet-o_116,echinocactus_barrel_cactus_0.9995621.jpg,ood_wild,train
imagenet-o_117,crowbar_wrecking_bar_pry_pry_bar_0.98692095.jpg,ood_wild,train
imagenet-o_118,frigate_0.99677986.jpg,ood_wild,train
imagenet-o_119,armlet_arm_band_0.9976745.jpg,ood_wild,val
imagenet-o_120,greens_green_leafy_vegetable_0.99926347.jpg,ood_wild,train
imagenet-o_121,cube_regular_hexahedron_0.9973067.jpg,ood_wild,train
imagenet-o_122,curler_hair_curler_roller_crimper_0.9944882.jpg,ood_wild,train
imagenet-o_123,hardball_0.9864525.jpg,ood_wild,train
imagenet-o_124,ceiling_0.97891814.jpg,ood_wild,train
imagenet-o_125,broomcorn_millet_hog_millet_Panicum_miliaceum_0.9892357.jpg,ood_wild,train
imagenet-o_126,baby_buggy_baby_carriage_carriage_perambulator_pram_stroller_go-cart_pushchair_pusher_0.9965862.jpg,ood_wild,train
imagenet-o_127,common_horsetail_field_horsetail_Equisetum_arvense_0.9958872.jpg,ood_wild,val
imagenet-o_128,cake_mix_0.9846379.jpg,ood_wild,val
imagenet-o_129,buffer_polisher_0.9997745.jpg,ood_wild,train
imagenet-o_130,camshaft_0.9600028.jpg,ood_wild,train
imagenet-o_131,fireball_0.9913796.jpg,ood_wild,train
imagenet-o_132,bay_window_bow_window_0.9999924.jpg,ood_wild,train
imagenet-o_133,magnetic_pole_0.99991786.jpg,ood_wild,train
imagenet-o_134,gable_gable_end_gable_wall_0.99628556.jpg,ood_wild,train
imagenet-o_135,clothespin_clothes_pin_clothes_peg_0.972353.jpg,ood_wild,train
imagenet-o_136,American_agave_Agave_americana_0.9803344.jpg,ood_wild,train
imagenet-o_137,bacon-lettuce-tomato_sandwich_BLT_0.99299365.jpg,ood_wild,train
imagenet-o_138,junction_barrier_barrier_strip_0.997678.jpg,ood_wild,train
imagenet-o_139,anise_aniseed_anise_seed_0.99975747.jpg,ood_wild,train
imagenet-o_140,headstock_0.99845374.jpg,ood_wild,train
imagenet-o_141,canyon_canon_0.99951077.jpg,ood_wild,train
imagenet-o_142,jalousie_0.98438174.jpg,ood_wild,train
imagenet-o_143,applesauce_apple_sauce_0.9776319.jpg,ood_wild,train
imagenet-o_144,laser_optical_maser_0.9999943.jpg,ood_wild,val
imagenet-o_145,batik_0.99590755.jpg,ood_wild,train
imagenet-o_146,eiderdown_duvet_continental_quilt_0.9995722.jpg,ood_wild,val
imagenet-o_147,seabag_0.9992798.jpg,ood_wild,val
imagenet-o_148,jujube_Chinese_date_Chinese_jujube_0.9996817.jpg,ood_wild,train
imagenet-o_149,grab_bar_0.99839765.jpg,ood_wild,train
imagenet-o_150,trap_0.9986619.jpg,ood_wild,train
imagenet-o_151,hoe_0.99996746.jpg,ood_wild,train
imagenet-o_152,cinnamon_roll_cinnamon_bun_cinnamon_snail_0.99819946.jpg,ood_wild,train
imagenet-o_153,greengrocery_0.9958261.jpg,ood_wild,train
imagenet-o_154,candy_confect_0.93781334.jpg,ood_wild,train
imagenet-o_155,beach_towel_0.99954456.jpg,ood_wild,train
imagenet-o_156,butter_knife_0.99987495.jpg,ood_wild,train
imagenet-o_157,tamarind_tamarindo_0.9959115.jpg,ood_wild,val
imagenet-o_158,avocado_alligator_pear_avocado_pear_aguacate_0.9986261.jpg,ood_wild,train
imagenet-o_159,snow_gum_ghost_gum_white_ash_Eucalyptus_coriacea_Eucalyptus_pauciflora_0.9905419.jpg,ood_wild,train
imagenet-o_160,juggler_0.99995947.jpg,ood_wild,train
imagenet-o_161,nopal_0.99954504.jpg,ood_wild,train
imagenet-o_162,bobsledding_0.9986053.jpg,ood_wild,train
imagenet-o_163,alarm_warning_device_alarm_system_0.9488902.jpg,ood_wild,val
imagenet-o_164,forest_tent_caterpillar_Malacosoma_disstria_0.9999279.jpg,ood_wild,train
imagenet-o_165,cockle_0.9936249.jpg,ood_wild,train
imagenet-o_166,torpedo_0.9993498.jpg,ood_wild,train
imagenet-o_167,purifier_0.9988877.jpg,ood_wild,train
imagenet-o_168,igloo_iglu_0.9994862.jpg,ood_wild,train
imagenet-o_169,snack_food_0.9957769.jpg,ood_wild,train
imagenet-o_170,buffer_buffer_storage_buffer_store_0.9990188.jpg,ood_wild,train
imagenet-o_171,cycad_0.9981528.jpg,ood_wild,train
imagenet-o_172,hairpin_0.99778926.jpg,ood_wild,train
imagenet-o_173,faucet_spigot_0.99830294.jpg,ood_wild,train
imagenet-o_174,comb_0.99927324.jpg,ood_wild,train
imagenet-o_175,softball_playground_ball_0.9804914.jpg,ood_wild,train
imagenet-o_176,swastika_Hakenkreuz_0.9972609.jpg,ood_wild,val
imagenet-o_177,cookie_sheet_baking_tray_0.9936107.jpg,ood_wild,train
imagenet-o_178,equalizer_equaliser_0.9871481.jpg,ood_wild,train
imagenet-o_179,spur_gear_spur_wheel_0.97860867.jpg,ood_wild,train
imagenet-o_180,easel_0.99939597.jpg,ood_wild,train
imagenet-o_181,horseshoe_shoe_0.9920657.jpg,ood_wild,train
imagenet-o_182,cabinet_0.9996885.jpg,ood_wild,train
imagenet-o_183,sport_kite_stunt_kite_0.99985313.jpg,ood_wild,train
imagenet-o_184,cassia_bark_Chinese_cinnamon_0.9967223.jpg,ood_wild,train
imagenet-o_185,universal_joint_universal_0.9965295.jpg,ood_wild,train
imagenet-o_186,visual_display_unit_VDU_0.9916659.jpg,ood_wild,train
imagenet-o_187,cycad_0.9999603.jpg,ood_wild,train
imagenet-o_188,caster_castor_0.9980129.jpg,ood_wild,val
imagenet-o_189,Allen_wrench_0.9868526.jpg,ood_wild,train
imagenet-o_190,wood_grain_woodgrain_woodiness_0.98962677.jpg,ood_wild,train
imagenet-o_191,towel_rack_towel_horse_0.9945591.jpg,ood_wild,train
imagenet-o_192,gourd_calabash_0.97787124.jpg,ood_wild,train
imagenet-o_193,sconce_0.99401844.jpg,ood_wild,train
imagenet-o_194,plate_scale_shell_0.99860793.jpg,ood_wild,val
imagenet-o_195,bowling_alley_0.9993542.jpg,ood_wild,train
imagenet-o_196,concrete_0.9998073.jpg,ood_wild,train
imagenet-o_197,candied_apple_candy_apple_taffy_apple_caramel_apple_toffee_apple_0.9980294.jpg,ood_wild,train
imagenet-o_198,reliquary_0.9960355.jpg,ood_wild,val
imagenet-o_199,bantamweight_0.99997044.jpg,ood_wild,train
imagenet-o_200,graffito_graffiti_0.9998099.jpg,ood_wild,train
imagenet-o_201,baptismal_font_baptistry_baptistery_font_0.99831235.jpg,ood_wild,train
imagenet-o_202,herringbone_herringbone_pattern_0.9999981.jpg,ood_wild,train
imagenet-o_203,cookie_cutter_0.9972531.jpg,ood_wild,val
imagenet-o_204,diskette_floppy_floppy_disk_0.9983417.jpg,ood_wild,train
imagenet-o_205,steam_turbine_0.9995633.jpg,ood_wild,train
imagenet-o_206,fresh_bean_0.9525586.jpg,ood_wild,val
imagenet-o_207,cherry_tomato_0.9884024.jpg,ood_wild,val
imagenet-o_208,beam_0.88049287.jpg,ood_wild,val
imagenet-o_209,ellipse_oval_0.99996066.jpg,ood_wild,train
imagenet-o_210,jar_0.9996773.jpg,ood_wild,train
imagenet-o_211,operating_table_0.99950886.jpg,ood_wild,train
imagenet-o_212,kale_kail_cole_0.954693.jpg,ood_wild,train
imagenet-o_213,air_filter_air_cleaner_0.9956.jpg,ood_wild,train
imagenet-o_214,cartridge_holder_cartridge_clip_clip_magazine_0.99916315.jpg,ood_wild,val
imagenet-o_215,chintz_0.994638.jpg,ood_wild,train
imagenet-o_216,chip_poker_chip_0.9999882.jpg,ood_wild,train
imagenet-o_217,tooth_0.9914603.jpg,ood_wild,train
imagenet-o_218,framework_0.9994294.jpg,ood_wild,train
imagenet-o_219,lanyard_laniard_0.9993948.jpg,ood_wild,val
imagenet-o_220,air_conditioner_air_conditioning_0.9427736.jpg,ood_wild,train
imagenet-o_221,jew's_harp_jews'_harp_mouth_bow_0.9998505.jpg,ood_wild,train
imagenet-o_222,butter_dish_0.9871387.jpg,ood_wild,val
imagenet-o_223,embryo_conceptus_fertilized_egg_0.99978966.jpg,ood_wild,train
imagenet-o_224,wagon_tire_0.99823904.jpg,ood_wild,train
imagenet-o_225,Alpine_lady_fern_Athyrium_distentifolium_0.99772996.jpg,ood_wild,train
imagenet-o_226,hand_glass_hand_mirror_0.99609023.jpg,ood_wild,train
imagenet-o_227,filament_0.9990663.jpg,ood_wild,train
imagenet-o_228,candlestick_candle_holder_0.9842594.jpg,ood_wild,val
imagenet-o_229,cartridge_fuse_0.9973666.jpg,ood_wild,train
imagenet-o_230,jewfish_Mycteroperca_bonaci_0.9998417.jpg,ood_wild,train
imagenet-o_231,theropod_theropod_dinosaur_bird-footed_dinosaur_0.999297.jpg,ood_wild,train
imagenet-o_232,timepiece_timekeeper_horologe_0.9991602.jpg,ood_wild,train
imagenet-o_233,solar_array_solar_battery_solar_panel_0.9865064.jpg,ood_wild,train
imagenet-o_234,planchet_coin_blank_0.9993767.jpg,ood_wild,train
imagenet-o_235,bath_salts_0.9970126.jpg,ood_wild,train
imagenet-o_236,paper_clip_paperclip_gem_clip_0.997407.jpg,ood_wild,train
imagenet-o_237,overall_0.99763834.jpg,ood_wild,train
imagenet-o_238,box_office_ticket_office_ticket_booth_0.9980731.jpg,ood_wild,train
imagenet-o_239,zoysia_0.9655677.jpg,ood_wild,val
imagenet-o_240,attic_0.99611276.jpg,ood_wild,train
imagenet-o_241,yellow_adder's_tongue_trout_lily_amberbell_Erythronium_americanum_0.99782085.jpg,ood_wild,train
imagenet-o_242,cellophane_0.99975115.jpg,ood_wild,train
imagenet-o_243,ceratosaur_ceratosaurus_0.99999106.jpg,ood_wild,train
imagenet-o_244,lass_lassie_young_girl_jeune_fille_0.9998679.jpg,ood_wild,train
imagenet-o_245,banksia_0.9964977.jpg,ood_wild,val
imagenet-o_246,cage_coop_0.9999852.jpg,ood_wild,train
imagenet-o_247,gumbo_okra_0.983065.jpg,ood_wild,train
imagenet-o_248,bathyscaphe_bathyscaph_bathyscape_0.99957293.jpg,ood_wild,train
imagenet-o_249,button_0.9999497.jpg,ood_wild,train
imagenet-o_250,sewage_disposal_plant_disposal_plant_0.9998393.jpg,ood_wild,val
imagenet-o_251,quetzal_quetzal_bird_0.99996567.jpg,ood_wild,val
imagenet-o_252,spice_rack_0.99776316.jpg,ood_wild,train
imagenet-o_253,bicycle_wheel_0.9992999.jpg,ood_wild,train
imagenet-o_254,snare_drum_snare_side_drum_0.99987745.jpg,ood_wild,train
imagenet-o_255,capsule_0.9807374.jpg,ood_wild,train
imagenet-o_256,mammillaria_0.99765563.jpg,ood_wild,train
imagenet-o_257,car_bomb_0.99780875.jpg,ood_wild,train
imagenet-o_258,window_blind_0.9897536.jpg,ood_wild,train
imagenet-o_259,pomelo_shaddock_0.99805117.jpg,ood_wild,train
imagenet-o_260,bullion_0.997959.jpg,ood_wild,train
imagenet-o_261,carryall_holdall_tote_tote_bag_0.9999325.jpg,ood_wild,train
imagenet-o_262,arthrogram_0.99926585.jpg,ood_wild,train
imagenet-o_263,loop_0.99763846.jpg,ood_wild,train
imagenet-o_264,bullet_slug_0.9951981.jpg,ood_wild,train
imagenet-o_265,electric_mixer_0.9997762.jpg,ood_wild,train
imagenet-o_266,gluten_bread_0.99361706.jpg,ood_wild,train
imagenet-o_267,frond_0.99969447.jpg,ood_wild,train
imagenet-o_268,battleship_battlewagon_0.9999852.jpg,ood_wild,val
imagenet-o_269,map_0.9992052.jpg,ood_wild,train
imagenet-o_270,stair-carpet_0.9999608.jpg,ood_wild,val
imagenet-o_271,rhombus_rhomb_diamond_0.99825865.jpg,ood_wild,train
imagenet-o_272,jello_Jell-O_0.99697936.jpg,ood_wild,train
imagenet-o_273,star_0.9997601.jpg,ood_wild,train
imagenet-o_274,polo_shirt_sport_shirt_0.9846922.jpg,ood_wild,train
imagenet-o_275,refreshment_0.99406356.jpg,ood_wild,train
imagenet-o_276,satin_0.98470217.jpg,ood_wild,val
imagenet-o_277,brine_shrimp_Artemia_salina_0.999961.jpg,ood_wild,train
imagenet-o_278,chain_concatenation_0.99968445.jpg,ood_wild,train
imagenet-o_279,table-tennis_table_ping-pong_table_pingpong_table_0.99433523.jpg,ood_wild,val
imagenet-o_280,cartridge_0.99708986.jpg,ood_wild,train
imagenet-o_281,drawing_chalk_0.99988234.jpg,ood_wild,train
imagenet-o_282,closed-circuit_television_0.99704933.jpg,ood_wild,train
imagenet-o_283,whip_0.9999293.jpg,ood_wild,val
imagenet-o_284,millet_0.9999386.jpg,ood_wild,train
imagenet-o_285,surgical_instrument_0.9981998.jpg,ood_wild,train
imagenet-o_286,nude_nude_painting_0.99991727.jpg,ood_wild,val
imagenet-o_287,flashlight_torch_0.99461126.jpg,ood_wild,train
imagenet-o_288,fairy_ring_fairy_circle_0.99916553.jpg,ood_wild,train
imagenet-o_289,drop_cloth_0.9998915.jpg,ood_wild,train
imagenet-o_290,ticking_0.9910739.jpg,ood_wild,train
imagenet-o_291,tooth_fungus_0.99901533.jpg,ood_wild,val
imagenet-o_292,egg_eggs_0.9706022.jpg,ood_wild,train
imagenet-o_293,silo_0.99964595.jpg,ood_wild,train
imagenet-o_294,dendrite_0.93461937.jpg,ood_wild,train
imagenet-o_295,air_conditioner_air_conditioning_0.9990707.jpg,ood_wild,train
imagenet-o_296,bit_0.99993646.jpg,ood_wild,train
imagenet-o_297,fudge_0.9993512.jpg,ood_wild,train
imagenet-o_298,candy_corn_0.99786.jpg,ood_wild,train
imagenet-o_299,anthurium_tailflower_tail-flower_0.97951996.jpg,ood_wild,train
imagenet-o_300,water-base_paint_0.99987257.jpg,ood_wild,train
imagenet-o_301,luggage_rack_roof_rack_0.9904169.jpg,ood_wild,val
imagenet-o_302,amphitheater_amphitheatre_0.9999995.jpg,ood_wild,train
imagenet-o_303,water_jump_0.99898094.jpg,ood_wild,train
imagenet-o_304,chain_store_0.9992731.jpg,ood_wild,val
imagenet-o_305,canary_seed_0.99991465.jpg,ood_wild,train
imagenet-o_306,triangle_trigon_trilateral_0.993419.jpg,ood_wild,val
imagenet-o_307,earplug_0.97487134.jpg,ood_wild,train
imagenet-o_308,hot_line_0.9951532.jpg,ood_wild,train
imagenet-o_309,cigar_cutter_0.9974341.jpg,ood_wild,train
imagenet-o_310,air_conditioner_air_conditioning_0.9926311.jpg,ood_wild,val
imagenet-o_311,pendant_earring_drop_earring_eardrop_0.9993111.jpg,ood_wild,val
imagenet-o_312,clamshell_grapple_0.99975806.jpg,ood_wild,train
imagenet-o_313,A_battery_0.9366812.jpg,ood_wild,train
imagenet-o_314,can_tin_tin_can_0.9999347.jpg,ood_wild,val
imagenet-o_315,plow_horse_plough_horse_0.99936455.jpg,ood_wild,train
imagenet-o_316,spark_arrester_sparker_0.98264587.jpg,ood_wild,train
imagenet-o_317,cartridge_belt_0.9956928.jpg,ood_wild,train
imagenet-o_318,pitch_pipe_0.97990453.jpg,ood_wild,train
imagenet-o_319,reticle_reticule_graticule_0.9938583.jpg,ood_wild,train
imagenet-o_320,Burberry_0.99593395.jpg,ood_wild,train
imagenet-o_321,sugar_refined_sugar_0.99949634.jpg,ood_wild,train
imagenet-o_322,gold_fern_Pityrogramma_chrysophylla_0.99171984.jpg,ood_wild,val
imagenet-o_323,right_triangle_right-angled_triangle_0.9974777.jpg,ood_wild,train
imagenet-o_324,pachyderm_0.99975795.jpg,ood_wild,train
imagenet-o_325,yacca_yacca_podocarp_Podocarpus_coriaceus_0.99839103.jpg,ood_wild,train
imagenet-o_326,tongue_depressor_0.999199.jpg,ood_wild,train
imagenet-o_327,pleat_plait_0.99855584.jpg,ood_wild,train
imagenet-o_328,package_store_liquor_store_off-licence_0.9992706.jpg,ood_wild,train
imagenet-o_329,cereal_oat_Avena_sativa_0.9998404.jpg,ood_wild,train
imagenet-o_330,assembly_hall_0.98408604.jpg,ood_wild,train
imagenet-o_331,brass_0.9932662.jpg,ood_wild,train
imagenet-o_332,Boletus_pallidus_0.9993656.jpg,ood_wild,train
imagenet-o_333,table-tennis_racquet_table-tennis_bat_pingpong_paddle_0.9998047.jpg,ood_wild,train
imagenet-o_334,airdock_hangar_repair_shed_0.99994016.jpg,ood_wild,train
imagenet-o_335,light-emitting_diode_LED_0.9972543.jpg,ood_wild,train
imagenet-o_336,concrete_0.9999963.jpg,ood_wild,train
imagenet-o_337,lead_pencil_0.9455213.jpg,ood_wild,train
imagenet-o_338,ovoid_0.99789065.jpg,ood_wild,train
imagenet-o_339,heart_0.9792092.jpg,ood_wild,train
imagenet-o_340,emesis_basin_0.9934109.jpg,ood_wild,train
imagenet-o_341,accelerator_accelerator_pedal_gas_pedal_gas_throttle_gun_0.9984384.jpg,ood_wild,val
imagenet-o_342,dustpan_0.92130953.jpg,ood_wild,train
imagenet-o_343,plant_flora_plant_life_0.98885393.jpg,ood_wild,train
imagenet-o_344,interstellar_space_0.9991642.jpg,ood_wild,train
imagenet-o_345,backbench_0.97433984.jpg,ood_wild,val
imagenet-o_346,discharge_pipe_0.9947924.jpg,ood_wild,train
imagenet-o_347,safety_rail_guardrail_0.9962431.jpg,ood_wild,train
imagenet-o_348,flame_fish_flamefish_Apogon_maculatus_0.99878496.jpg,ood_wild,val
imagenet-o_349,cigarette_holder_0.9881052.jpg,ood_wild,val
imagenet-o_350,lentil_0.97609544.jpg,ood_wild,train
imagenet-o_351,tarmacadam_tarmac_macadam_0.99722505.jpg,ood_wild,train
imagenet-o_352,chlorella_0.996055.jpg,ood_wild,train
imagenet-o_353,wether_0.99981374.jpg,ood_wild,train
imagenet-o_354,millipede_millepede_milliped_0.9999697.jpg,ood_wild,train
imagenet-o_355,jar_0.9966097.jpg,ood_wild,train
imagenet-o_356,charcoal_wood_coal_0.99940836.jpg,ood_wild,train
imagenet-o_357,Arizona_sycamore_Platanus_wrightii_0.9996673.jpg,ood_wild,train
imagenet-o_358,gum_ball_0.99638534.jpg,ood_wild,val
imagenet-o_359,mazer_0.99573463.jpg,ood_wild,train
imagenet-o_360,handcart_pushcart_cart_go-cart_0.95652604.jpg,ood_wild,val
imagenet-o_361,polygon_polygonal_shape_0.97553366.jpg,ood_wild,train
imagenet-o_362,ice_ax_ice_axe_piolet_0.9872256.jpg,ood_wild,train
imagenet-o_363,basking_shark_Cetorhinus_maximus_0.9992066.jpg,ood_wild,train
imagenet-o_364,line_0.9981669.jpg,ood_wild,val
imagenet-o_365,S-shape_0.9999201.jpg,ood_wild,train
imagenet-o_366,marrow_marrow_squash_vegetable_marrow_0.9992648.jpg,ood_wild,train
imagenet-o_367,candy_corn_0.99747807.jpg,ood_wild,train
imagenet-o_368,Chinese_gooseberry_kiwi_kiwi_vine_Actinidia_chinensis_Actinidia_deliciosa_0.99428564.jpg,ood_wild,train
imagenet-o_369,tanager_0.99870455.jpg,ood_wild,train
imagenet-o_370,nut_0.9997439.jpg,ood_wild,train
imagenet-o_371,joist_0.9993387.jpg,ood_wild,train
imagenet-o_372,bodkin_0.99808705.jpg,ood_wild,train
imagenet-o_373,spindle_mandrel_mandril_arbor_0.9996152.jpg,ood_wild,train
imagenet-o_374,wafer_0.999292.jpg,ood_wild,train
imagenet-o_375,truss_0.9994553.jpg,ood_wild,train
imagenet-o_376,backgammon_board_0.9984529.jpg,ood_wild,train
imagenet-o_377,playground_0.9928197.jpg,ood_wild,train
imagenet-o_378,candy_corn_0.973264.jpg,ood_wild,train
imagenet-o_379,redbud_Cercis_canadensis_0.9998136.jpg,ood_wild,train
imagenet-o_380,bones_castanets_clappers_finger_cymbals_0.9978362.jpg,ood_wild,train
imagenet-o_381,antenna_aerial_transmitting_aerial_0.99923825.jpg,ood_wild,train
imagenet-o_382,chromatic_color_chromatic_colour_spectral_color_spectral_colour_0.9943165.jpg,ood_wild,val
imagenet-o_383,waxwork_wax_figure_0.9999119.jpg,ood_wild,val
imagenet-o_384,boiling_water_reactor_BWR_0.99184215.jpg,ood_wild,val
imagenet-o_385,toggle_joint_0.999665.jpg,ood_wild,train
imagenet-o_386,candy_corn_0.99896514.jpg,ood_wild,val
imagenet-o_387,puzzle_0.99994123.jpg,ood_wild,train
imagenet-o_388,spheroid_ellipsoid_of_revolution_0.99999905.jpg,ood_wild,train
imagenet-o_389,bomber_grinder_hero_hero_sandwich_hoagie_hoagy_Cuban_sandwich_Italian_sandwich_poor_boy_sub_submarine_submarine_sandwich_torpedo_wedge_zep_0.9991654.jpg,ood_wild,val
imagenet-o_390,bayberry_candleberry_swamp_candleberry_waxberry_Myrica_pensylvanica_0.9989355.jpg,ood_wild,train
imagenet-o_391,artillery_shell_0.9942841.jpg,ood_wild,val
imagenet-o_392,red_spruce_eastern_spruce_yellow_spruce_Picea_rubens_0.9801875.jpg,ood_wild,train
imagenet-o_393,bone_ivory_pearl_off-white_0.9951971.jpg,ood_wild,train
imagenet-o_394,briefcase_0.9911073.jpg,ood_wild,train
imagenet-o_395,jelly_0.99945575.jpg,ood_wild,train
imagenet-o_396,planchet_coin_blank_0.9067302.jpg,ood_wild,train
imagenet-o_397,cot_camp_bed_0.99999726.jpg,ood_wild,train
imagenet-o_398,centrifuge_extractor_separator_0.9985316.jpg,ood_wild,train
imagenet-o_399,frittata_0.99247545.jpg,ood_wild,train
imagenet-o_400,rivet_0.99972194.jpg,ood_wild,train
imagenet-o_401,shinny_shinney_0.99942577.jpg,ood_wild,train
imagenet-o_402,Italian_parsley_flat-leaf_parsley_Petroselinum_crispum_neapolitanum_0.99543035.jpg,ood_wild,val
imagenet-o_403,common_duckweed_lesser_duckweed_Lemna_minor_0.99922216.jpg,ood_wild,train
imagenet-o_404,baster_0.99377596.jpg,ood_wild,train
imagenet-o_405,temporary_hookup_patch_0.99725586.jpg,ood_wild,train
imagenet-o_406,radio_antenna_radio_aerial_0.97727156.jpg,ood_wild,train
imagenet-o_407,hall_of_residence_0.98953044.jpg,ood_wild,train
imagenet-o_408,shuttlecock_bird_birdie_shuttle_0.998985.jpg,ood_wild,val
imagenet-o_409,pallet_0.9960226.jpg,ood_wild,train
imagenet-o_410,gravestone_headstone_tombstone_0.9999192.jpg,ood_wild,train
imagenet-o_411,bunting_0.99928015.jpg,ood_wild,train
imagenet-o_412,atomizer_atomiser_spray_sprayer_nebulizer_nebuliser_0.99822766.jpg,ood_wild,train
imagenet-o_413,double_door_0.9978371.jpg,ood_wild,train
imagenet-o_414,scaffolding_staging_0.99867505.jpg,ood_wild,train
imagenet-o_415,battery_stamp_battery_0.999263.jpg,ood_wild,train
imagenet-o_416,exercise_bike_exercycle_0.9998369.jpg,ood_wild,train
imagenet-o_417,wire_0.9987777.jpg,ood_wild,train
imagenet-o_418,cargo_ship_cargo_vessel_0.9996785.jpg,ood_wild,train
imagenet-o_419,ice_water_ice_0.99904746.jpg,ood_wild,train
imagenet-o_420,air_hammer_jackhammer_pneumatic_hammer_0.9978911.jpg,ood_wild,val
imagenet-o_421,toy_0.9990507.jpg,ood_wild,train
imagenet-o_422,wagon_tire_0.9977919.jpg,ood_wild,train
imagenet-o_423,arum_aroid_0.9953685.jpg,ood_wild,train
imagenet-o_424,fanjet_fan-jet_fanjet_engine_turbojet_turbojet_engine_turbofan_turbofan_engine_0.9981761.jpg,ood_wild,train
imagenet-o_425,European_hornbeam_Carpinus_betulus_0.99427694.jpg,ood_wild,train
imagenet-o_426,honeydew_honeydew_melon_0.9962948.jpg,ood_wild,train
imagenet-o_427,digital_display_alphanumeric_display_0.99998224.jpg,ood_wild,train
imagenet-o_428,sponge_cloth_0.9679098.jpg,ood_wild,train
imagenet-o_429,windmill_0.99726653.jpg,ood_wild,val
imagenet-o_430,window_0.9999559.jpg,ood_wild,train
imagenet-o_431,blower_0.93791765.jpg,ood_wild,train
imagenet-o_432,adonis_0.99964094.jpg,ood_wild,train
imagenet-o_433,snowsuit_0.9988174.jpg,ood_wild,train
imagenet-o_434,roof_0.9995783.jpg,ood_wild,train
imagenet-o_435,cold_frame_0.99788433.jpg,ood_wild,train
imagenet-o_436,rowanberry_0.9936551.jpg,ood_wild,train
imagenet-o_437,baton_wand_0.9975178.jpg,ood_wild,train
imagenet-o_438,taffeta_0.99836236.jpg,ood_wild,train
imagenet-o_439,dongle_0.99832326.jpg,ood_wild,train
imagenet-o_440,lime_0.98575115.jpg,ood_wild,train
imagenet-o_441,whistle_0.9891804.jpg,ood_wild,train
imagenet-o_442,felt-tip_pen_felt-tipped_pen_felt_tip_Magic_Marker_0.99048156.jpg,ood_wild,train
imagenet-o_443,barley-sugar_barley_candy_0.9992611.jpg,ood_wild,val
imagenet-o_444,Spam_0.99851507.jpg,ood_wild,train
imagenet-o_445,bristle_brush_0.9994918.jpg,ood_wild,train
imagenet-o_446,chip_poker_chip_0.9928444.jpg,ood_wild,train
imagenet-o_447,nude_mouse_0.9999939.jpg,ood_wild,train
imagenet-o_448,common_horehound_white_horehound_Marrubium_vulgare_0.99746454.jpg,ood_wild,train
imagenet-o_449,welder's_mask_0.99974424.jpg,ood_wild,val
imagenet-o_450,chocolate_ice_cream_0.9991374.jpg,ood_wild,train
imagenet-o_451,hairbrush_0.9982017.jpg,ood_wild,val
imagenet-o_452,double_door_0.99344736.jpg,ood_wild,train
imagenet-o_453,glockenspiel_orchestral_bells_0.9994949.jpg,ood_wild,train
imagenet-o_454,brake_pedal_0.9974721.jpg,ood_wild,train
imagenet-o_455,millstone_0.9948225.jpg,ood_wild,train
imagenet-o_456,verdigris_0.99938834.jpg,ood_wild,val
imagenet-o_457,gurnard_0.9999795.jpg,ood_wild,train
imagenet-o_458,catsup_ketchup_cetchup_tomato_ketchup_0.99385506.jpg,ood_wild,val
imagenet-o_459,light-emitting_diode_LED_0.9964322.jpg,ood_wild,train
imagenet-o_460,green_pea_garden_pea_0.9964206.jpg,ood_wild,val
imagenet-o_461,brass_0.98996055.jpg,ood_wild,train
imagenet-o_462,lock-gate_0.9987558.jpg,ood_wild,train
imagenet-o_463,lollipop_sucker_all-day_sucker_0.9914391.jpg,ood_wild,val
imagenet-o_464,automation_0.9995351.jpg,ood_wild,train
imagenet-o_465,rake_handle_0.99941385.jpg,ood_wild,val
imagenet-o_466,compact_disk_compact_disc_CD_0.9989747.jpg,ood_wild,train
imagenet-o_467,corn_poppy_field_poppy_Flanders_poppy_Papaver_rhoeas_0.9886064.jpg,ood_wild,train
imagenet-o_468,auxiliary_boiler_donkey_boiler_0.99891996.jpg,ood_wild,train
imagenet-o_469,K_ration_0.9995732.jpg,ood_wild,train
imagenet-o_470,clothespin_clothes_pin_clothes_peg_0.9981918.jpg,ood_wild,train
imagenet-o_471,potty_seat_potty_chair_0.99881136.jpg,ood_wild,train
imagenet-o_472,binder_ligature_0.99661785.jpg,ood_wild,val
imagenet-o_473,Atlantic_manta_Manta_birostris_0.9978942.jpg,ood_wild,train
imagenet-o_474,star_1.0.jpg,ood_wild,train
imagenet-o_475,hockey_stick_0.9995796.jpg,ood_wild,train
imagenet-o_476,bit_0.99999547.jpg,ood_wild,train
imagenet-o_477,fruit_cocktail_0.99998605.jpg,ood_wild,train
imagenet-o_478,sponge_cloth_0.9712942.jpg,ood_wild,train
imagenet-o_479,boysenberry_boysenberry_bush_0.99275255.jpg,ood_wild,train
imagenet-o_480,ashtray_0.94050664.jpg,ood_wild,train
imagenet-o_481,morel_0.99584806.jpg,ood_wild,train
imagenet-o_482,tonometer_0.9999542.jpg,ood_wild,train
imagenet-o_483,besom_0.9968466.jpg,ood_wild,train
imagenet-o_484,strip_0.9995307.jpg,ood_wild,train
imagenet-o_485,wainscoting_wainscotting_0.99888307.jpg,ood_wild,train
imagenet-o_486,watermelon_0.9992305.jpg,ood_wild,val
imagenet-o_487,partition_divider_0.9999535.jpg,ood_wild,train
imagenet-o_488,linear_leaf_elongate_leaf_0.9999894.jpg,ood_wild,train
imagenet-o_489,date_0.9983456.jpg,ood_wild,train
imagenet-o_490,brittle_star_brittle-star_serpent_star_0.9999076.jpg,ood_wild,val
imagenet-o_491,New_Zealand_spinach_Tetragonia_tetragonioides_Tetragonia_expansa_0.9999982.jpg,ood_wild,train
imagenet-o_492,marble_0.99726474.jpg,ood_wild,val
imagenet-o_493,checker_chequer_0.99937195.jpg,ood_wild,train
imagenet-o_494,mender_repairer_fixer_0.99998736.jpg,ood_wild,val
imagenet-o_495,rack_stand_0.9984378.jpg,ood_wild,val
imagenet-o_496,papaya_0.9976412.jpg,ood_wild,train
imagenet-o_497,grape_0.99473155.jpg,ood_wild,train
imagenet-o_498,mealworm_0.9983479.jpg,ood_wild,train
imagenet-o_499,triangle_trigon_trilateral_0.9868699.jpg,ood_wild,train
imagenet-o_500,Pharaoh_Pharaoh_of_Egypt_0.9997497.jpg,ood_wild,train
imagenet-o_501,ski_tow_ski_lift_lift_0.9846683.jpg,ood_wild,val
imagenet-o_502,disk_disc_0.99867177.jpg,ood_wild,train
imagenet-o_503,giant_bamboo_kyo-chiku_Dendrocalamus_giganteus_0.9913988.jpg,ood_wild,train
imagenet-o_504,deodar_deodar_cedar_Himalayan_cedar_Cedrus_deodara_0.9979693.jpg,ood_wild,val
imagenet-o_505,Emmenthal_Emmental_Emmenthaler_Emmentaler_0.99590814.jpg,ood_wild,train
imagenet-o_506,fruit_drink_ade_0.9791702.jpg,ood_wild,val
imagenet-o_507,lime_lime_tree_Citrus_aurantifolia_0.98015606.jpg,ood_wild,val
imagenet-o_508,chain_fern_0.9797577.jpg,ood_wild,val
imagenet-o_509,bartlett_bartlett_pear_0.9770896.jpg,ood_wild,train
imagenet-o_510,miller_milling_machine_0.9981591.jpg,ood_wild,train
imagenet-o_511,decagon_0.99964356.jpg,ood_wild,val
imagenet-o_512,boxfish_trunkfish_0.99581844.jpg,ood_wild,val
imagenet-o_513,pallette_palette_0.9886015.jpg,ood_wild,train
imagenet-o_514,disk_clutch_0.96723473.jpg,ood_wild,train
imagenet-o_515,brush_0.9975001.jpg,ood_wild,val
imagenet-o_516,fruit_drink_ade_0.99228173.jpg,ood_wild,train
imagenet-o_517,schnapps_schnaps_0.99540377.jpg,ood_wild,val
imagenet-o_518,extension_telephone_extension_extension_phone_0.98872364.jpg,ood_wild,train
imagenet-o_519,foster-son_foster_son_0.99737096.jpg,ood_wild,train
imagenet-o_520,reflector_0.99812216.jpg,ood_wild,train
imagenet-o_521,battle_dress_0.9992248.jpg,ood_wild,train
imagenet-o_522,wine_bucket_wine_cooler_0.9999987.jpg,ood_wild,train
imagenet-o_523,tread_0.9993094.jpg,ood_wild,val
imagenet-o_524,tobogganing_0.99919945.jpg,ood_wild,train
imagenet-o_525,canteen_0.9998926.jpg,ood_wild,val
imagenet-o_526,julienne_julienne_vegetable_0.96110326.jpg,ood_wild,val
imagenet-o_527,ninepin_skittle_skittle_pin_0.99436295.jpg,ood_wild,val
imagenet-o_528,chip_microchip_micro_chip_silicon_chip_microprocessor_chip_0.9998241.jpg,ood_wild,train
imagenet-o_529,prairie_sunflower_Helianthus_petiolaris_0.9883399.jpg,ood_wild,train
imagenet-o_530,stamp_0.9999567.jpg,ood_wild,train
imagenet-o_531,ganglion_cell_gangliocyte_0.9950088.jpg,ood_wild,train
imagenet-o_532,keyhole_limpet_Fissurella_apertura_Diodora_apertura_0.97029257.jpg,ood_wild,train
imagenet-o_533,Bacillus_anthracis_anthrax_bacillus_0.99604934.jpg,ood_wild,val
imagenet-o_534,lentil_0.9994511.jpg,ood_wild,val
imagenet-o_535,batiste_0.99971575.jpg,ood_wild,train
imagenet-o_536,tableware_0.996811.jpg,ood_wild,train
imagenet-o_537,cockle_0.9976369.jpg,ood_wild,train
imagenet-o_538,baby_bed_baby's_bed_0.96888745.jpg,ood_wild,train
imagenet-o_539,common_duckweed_lesser_duckweed_Lemna_minor_0.9997837.jpg,ood_wild,train
imagenet-o_540,pear_0.9993104.jpg,ood_wild,val
imagenet-o_541,bassinet_0.9988549.jpg,ood_wild,train
imagenet-o_542,storm_window_storm_sash_0.9992224.jpg,ood_wild,train
imagenet-o_543,hairbrush_0.9999652.jpg,ood_wild,train
imagenet-o_544,gunnysack_gunny_sack_burlap_bag_0.99728036.jpg,ood_wild,train
imagenet-o_545,cornpone_pone_0.9862324.jpg,ood_wild,train
imagenet-o_546,field_soybean_0.9966588.jpg,ood_wild,train
imagenet-o_547,celery_0.9963558.jpg,ood_wild,train
imagenet-o_548,graham_cracker_0.9999658.jpg,ood_wild,train
imagenet-o_549,module_0.9996389.jpg,ood_wild,val
imagenet-o_550,temporary_hookup_patch_0.9974649.jpg,ood_wild,train
imagenet-o_551,column_tower_pillar_0.99518174.jpg,ood_wild,val
imagenet-o_552,skyscraper_0.9980525.jpg,ood_wild,train
imagenet-o_553,neon_lamp_neon_induction_lamp_neon_tube_0.96709055.jpg,ood_wild,train
imagenet-o_554,scoop_0.9995801.jpg,ood_wild,train
imagenet-o_555,primary_color_for_light_primary_colour_for_light_0.9992217.jpg,ood_wild,val
imagenet-o_556,chocolate_egg_0.99966276.jpg,ood_wild,train
imagenet-o_557,staple_gun_staplegun_tacker_0.9978911.jpg,ood_wild,train
imagenet-o_558,baluster_0.9997372.jpg,ood_wild,train
imagenet-o_559,pumpkin_seed_0.9911685.jpg,ood_wild,train
imagenet-o_560,alocasia_elephant's_ear_elephant_ear_0.9999734.jpg,ood_wild,val
imagenet-o_561,bunk_feed_bunk_0.9861012.jpg,ood_wild,train
imagenet-o_562,brass_0.99994135.jpg,ood_wild,train
imagenet-o_563,light_bulb_lightbulb_bulb_incandescent_lamp_electric_light_electric-light_bulb_0.9642972.jpg,ood_wild,train
imagenet-o_564,grater_0.9979372.jpg,ood_wild,train
imagenet-o_565,soul_patch_Attilio_0.98455215.jpg,ood_wild,val
imagenet-o_566,sugar_refined_sugar_0.9967548.jpg,ood_wild,train
imagenet-o_567,oeil_de_boeuf_0.9984029.jpg,ood_wild,train
imagenet-o_568,amusement_arcade_0.99711955.jpg,ood_wild,train
imagenet-o_569,wedge_wedge_shape_cuneus_0.9990144.jpg,ood_wild,train
imagenet-o_570,arthrogram_0.99541736.jpg,ood_wild,train
imagenet-o_571,cartridge_fuse_0.9915434.jpg,ood_wild,val
imagenet-o_572,zebra_finch_Poephila_castanotis_0.99985635.jpg,ood_wild,train
imagenet-o_573,earthworm_angleworm_fishworm_fishing_worm_wiggler_nightwalker_nightcrawler_crawler_dew_worm_red_worm_0.99940133.jpg,ood_wild,train
imagenet-o_574,acorn_barnacle_rock_barnacle_Balanus_balanoides_0.9901484.jpg,ood_wild,train
imagenet-o_575,trivet_0.98172337.jpg,ood_wild,train
imagenet-o_576,falafel_felafel_0.99972564.jpg,ood_wild,train
imagenet-o_577,snuffbox_0.9997892.jpg,ood_wild,val
imagenet-o_578,stained-glass_window_0.99999964.jpg,ood_wild,train
imagenet-o_579,camouflage_0.99917763.jpg,ood_wild,val
imagenet-o_580,incubator_brooder_0.99925965.jpg,ood_wild,train
imagenet-o_581,cabinet_locker_storage_locker_0.99690044.jpg,ood_wild,train
imagenet-o_582,green_pea_garden_pea_0.9989673.jpg,ood_wild,train
imagenet-o_583,glume_0.9995968.jpg,ood_wild,train
imagenet-o_584,jacket_0.9954118.jpg,ood_wild,val
imagenet-o_585,Parker_House_roll_0.9984865.jpg,ood_wild,val
imagenet-o_586,bite_plate_biteplate_0.9999913.jpg,ood_wild,train
imagenet-o_587,pigfish_hogfish_Orthopristis_chrysopterus_0.9954868.jpg,ood_wild,train
imagenet-o_588,pinball_machine_pin_table_0.99961853.jpg,ood_wild,train
imagenet-o_589,cheese_cutter_0.997965.jpg,ood_wild,val
imagenet-o_590,snowfield_0.9999993.jpg,ood_wild,train
imagenet-o_591,tuning_fork_0.99966526.jpg,ood_wild,train
imagenet-o_592,starter_starter_motor_starting_motor_0.9991278.jpg,ood_wild,train
imagenet-o_593,crown_diadem_0.997995.jpg,ood_wild,train
imagenet-o_594,signboard_sign_0.9956527.jpg,ood_wild,train
imagenet-o_595,fencing_sword_0.99571866.jpg,ood_wild,train
imagenet-o_596,amphitheater_amphitheatre_0.99999964.jpg,ood_wild,train
imagenet-o_597,lentil_0.9804261.jpg,ood_wild,train
imagenet-o_598,canyon_canon_0.9999925.jpg,ood_wild,train
imagenet-o_599,backscratcher_0.99802446.jpg,ood_wild,val
imagenet-o_600,histiocyte_0.97814375.jpg,ood_wild,train
imagenet-o_601,cream_cheese_0.9932922.jpg,ood_wild,train
imagenet-o_602,henroost_0.9999316.jpg,ood_wild,train
imagenet-o_603,wild_spinach_0.9913352.jpg,ood_wild,train
imagenet-o_604,hurricane_lamp_hurricane_lantern_tornado_lantern_storm_lantern_storm_lamp_0.9992429.jpg,ood_wild,train
imagenet-o_605,serving_cart_0.9976877.jpg,ood_wild,train
imagenet-o_606,wild_horse_0.9976162.jpg,ood_wild,train
imagenet-o_607,sweet_melon_muskmelon_sweet_melon_vine_Cucumis_melo_0.9996383.jpg,ood_wild,train
imagenet-o_608,contour_feather_0.99204785.jpg,ood_wild,train
imagenet-o_609,centrifugal_pump_0.99958056.jpg,ood_wild,train
imagenet-o_610,ice_water_ice_0.9998776.jpg,ood_wild,train
imagenet-o_611,cell_0.999772.jpg,ood_wild,train
imagenet-o_612,dinner_dress_dinner_gown_formal_evening_gown_0.9991448.jpg,ood_wild,val
imagenet-o_613,oolong_0.99441344.jpg,ood_wild,train
imagenet-o_614,aqua_vitae_ardent_spirits_0.99016935.jpg,ood_wild,train
imagenet-o_615,boutique_dress_shop_0.9988815.jpg,ood_wild,train
imagenet-o_616,bowling_equipment_0.99046373.jpg,ood_wild,val
imagenet-o_617,common_European_dogwood_red_dogwood_blood-twig_pedwood_Cornus_sanguinea_0.9886059.jpg,ood_wild,train
imagenet-o_618,pampas_grass_Cortaderia_selloana_0.99987817.jpg,ood_wild,train
imagenet-o_619,mammillaria_0.9988287.jpg,ood_wild,train
imagenet-o_620,brake_shoe_shoe_skid_0.99892956.jpg,ood_wild,train
imagenet-o_621,stockroom_stock_room_0.9576981.jpg,ood_wild,val
imagenet-o_622,reddish_brown_sepia_burnt_sienna_Venetian_red_mahogany_0.9996159.jpg,ood_wild,train
imagenet-o_623,canvas_tent_canvas_canvass_0.99828714.jpg,ood_wild,train
imagenet-o_624,coatrack_coat_rack_hatrack_0.9999722.jpg,ood_wild,val
imagenet-o_625,octagon_0.9986607.jpg,ood_wild,train
imagenet-o_626,Wiffle_Wiffle_Ball_0.9981846.jpg,ood_wild,train
imagenet-o_627,caster_castor_0.997001.jpg,ood_wild,val
imagenet-o_628,candy_egg_0.9998684.jpg,ood_wild,train
imagenet-o_629,distributor_cap_0.99502665.jpg,ood_wild,train
imagenet-o_630,jello_Jell-O_0.99991333.jpg,ood_wild,val
imagenet-o_631,mantilla_0.99775606.jpg,ood_wild,train
imagenet-o_632,armature_0.9739018.jpg,ood_wild,train
imagenet-o_633,barley-sugar_barley_candy_0.9992067.jpg,ood_wild,val
imagenet-o_634,sash_window_sash_0.9981858.jpg,ood_wild,train
imagenet-o_635,darning_needle_embroidery_needle_0.9994665.jpg,ood_wild,val
imagenet-o_636,false_lily_of_the_valley_Maianthemum_canadense_0.99974734.jpg,ood_wild,train
imagenet-o_637,primary_color_for_light_primary_colour_for_light_0.996837.jpg,ood_wild,train
imagenet-o_638,oil_slick_0.9992668.jpg,ood_wild,train
imagenet-o_639,almond_tree_0.99512815.jpg,ood_wild,train
imagenet-o_640,dagger_sticker_0.9999778.jpg,ood_wild,train
imagenet-o_641,brine_shrimp_Artemia_salina_0.9999784.jpg,ood_wild,val
imagenet-o_642,swatter_flyswatter_flyswat_0.99942744.jpg,ood_wild,val
imagenet-o_643,hardtack_pilot_biscuit_pilot_bread_sea_biscuit_ship_biscuit_0.9992487.jpg,ood_wild,train
imagenet-o_644,jordan_almond_0.99863476.jpg,ood_wild,train
imagenet-o_645,cankerworm_0.9997309.jpg,ood_wild,train
imagenet-o_646,crimson_ruby_deep_red_0.9776863.jpg,ood_wild,val
imagenet-o_647,headstock_0.9994505.jpg,ood_wild,train
imagenet-o_648,green_alder_Alnus_veridis_crispa_Alnus_crispa_0.99993503.jpg,ood_wild,train
imagenet-o_649,mouthpiece_gumshield_0.9864964.jpg,ood_wild,val
imagenet-o_650,early_warning_system_0.99219817.jpg,ood_wild,train
imagenet-o_651,proportional_counter_tube_proportional_counter_0.9997968.jpg,ood_wild,train
imagenet-o_652,telephone_system_phone_system_0.99435174.jpg,ood_wild,val
imagenet-o_653,sack_sacque_0.9877437.jpg,ood_wild,train
imagenet-o_654,cookie_cutter_0.99959105.jpg,ood_wild,val
imagenet-o_655,photomicrograph_0.9905302.jpg,ood_wild,train
imagenet-o_656,cookie_cutter_0.9977629.jpg,ood_wild,train
imagenet-o_657,chickpea_garbanzo_0.993523.jpg,ood_wild,train
imagenet-o_658,dendrite_0.99721164.jpg,ood_wild,train
imagenet-o_659,turnover_0.9996044.jpg,ood_wild,train
imagenet-o_660,propeller_propellor_0.99092263.jpg,ood_wild,train
imagenet-o_661,yardarm_0.99994826.jpg,ood_wild,train
imagenet-o_662,Atlantic_walrus_Odobenus_rosmarus_0.99999666.jpg,ood_wild,train
imagenet-o_663,stuffed_tomato_hot_stuffed_tomato_0.9997073.jpg,ood_wild,train
imagenet-o_664,wiring_0.99696547.jpg,ood_wild,val
imagenet-o_665,coil_spring_volute_spring_0.99987495.jpg,ood_wild,train
imagenet-o_666,chafing_dish_0.9985353.jpg,ood_wild,train
imagenet-o_667,woodwind_woodwind_instrument_wood_0.984539.jpg,ood_wild,train
imagenet-o_668,Candida_albicans_Monilia_albicans_0.9698583.jpg,ood_wild,train
imagenet-o_669,face_veil_0.9984848.jpg,ood_wild,train
imagenet-o_670,cowrie_cowry_0.99920315.jpg,ood_wild,train
imagenet-o_671,supernova_0.968036.jpg,ood_wild,val
imagenet-o_672,barrel_cactus_0.99205023.jpg,ood_wild,train
imagenet-o_673,chicken_wire_0.9985441.jpg,ood_wild,train
imagenet-o_674,western_larch_western_tamarack_Oregon_larch_Larix_occidentalis_0.9988212.jpg,ood_wild,val
imagenet-o_675,matrix_0.96869063.jpg,ood_wild,val
imagenet-o_676,bow_bowknot_0.9999769.jpg,ood_wild,train
imagenet-o_677,rockfish_0.9999442.jpg,ood_wild,train
imagenet-o_678,shotgun_shell_0.9967571.jpg,ood_wild,train
imagenet-o_679,lentil_soup_0.9892364.jpg,ood_wild,train
imagenet-o_680,purple_onion_red_onion_0.9999058.jpg,ood_wild,train
imagenet-o_681,head_louse_Pediculus_capitis_0.9990126.jpg,ood_wild,train
imagenet-o_682,Guarnerius_0.9995167.jpg,ood_wild,train
imagenet-o_683,chemical_reactor_0.99958855.jpg,ood_wild,train
imagenet-o_684,regular_polyhedron_regular_convex_solid_regular_convex_polyhedron_Platonic_body_Platonic_solid_ideal_solid_0.99979836.jpg,ood_wild,train
imagenet-o_685,creepy-crawly_0.9998759.jpg,ood_wild,train
imagenet-o_686,fetus_foetus_0.9982827.jpg,ood_wild,train
imagenet-o_687,telecommunication_telecom_0.9813911.jpg,ood_wild,train
imagenet-o_688,flat_bench_0.99519557.jpg,ood_wild,train
imagenet-o_689,sugar_candy_0.99368626.jpg,ood_wild,train
imagenet-o_690,token_0.99417627.jpg,ood_wild,train
imagenet-o_691,capacitor_capacitance_condenser_electrical_condenser_0.9987858.jpg,ood_wild,val
imagenet-o_692,stuffed_mushroom_0.9871458.jpg,ood_wild,val
imagenet-o_693,magnetic_disk_magnetic_disc_disk_disc_0.9999194.jpg,ood_wild,train
imagenet-o_694,handbell_0.9994295.jpg,ood_wild,train
imagenet-o_695,truffle_chocolate_truffle_0.95898926.jpg,ood_wild,train
imagenet-o_696,call_phone_call_telephone_call_0.9956156.jpg,ood_wild,train
imagenet-o_697,push-bike_0.99981755.jpg,ood_wild,train
imagenet-o_698,food_nutrient_0.9997603.jpg,ood_wild,train
imagenet-o_699,sieve_screen_0.9664522.jpg,ood_wild,train
imagenet-o_700,shoehorn_0.99848217.jpg,ood_wild,train
imagenet-o_701,diabetic_diet_0.9979761.jpg,ood_wild,val
imagenet-o_702,bleu_blue_cheese_0.9999198.jpg,ood_wild,train
imagenet-o_703,savings_bank_coin_bank_money_box_bank_0.999665.jpg,ood_wild,train
imagenet-o_704,denture_dental_plate_plate_0.9994887.jpg,ood_wild,train
imagenet-o_705,regular_polyhedron_regular_convex_solid_regular_convex_polyhedron_Platonic_body_Platonic_solid_ideal_solid_0.99639374.jpg,ood_wild,train
imagenet-o_706,crystal_watch_crystal_watch_glass_0.9982493.jpg,ood_wild,train
imagenet-o_707,hurdle_0.99998987.jpg,ood_wild,train
imagenet-o_708,grapefruit_0.9869805.jpg,ood_wild,train
imagenet-o_709,fast_food_0.99951255.jpg,ood_wild,val
imagenet-o_710,crampon_crampoon_climbing_iron_climber_0.9900209.jpg,ood_wild,train
imagenet-o_711,aftershaft_0.99997187.jpg,ood_wild,val
imagenet-o_712,ellipse_oval_0.99743396.jpg,ood_wild,train
imagenet-o_713,brush_0.9652927.jpg,ood_wild,train
imagenet-o_714,polish_gloss_glossiness_burnish_0.99639267.jpg,ood_wild,val
imagenet-o_715,common_ginger_Canton_ginger_stem_ginger_Zingiber_officinale_0.99827886.jpg,ood_wild,val
imagenet-o_716,armature_0.957363.jpg,ood_wild,train
imagenet-o_717,potty_seat_potty_chair_0.99721515.jpg,ood_wild,train
imagenet-o_718,cuckoopint_lords-and-ladies_jack-in-the-pulpit_Arum_maculatum_0.9999169.jpg,ood_wild,train
imagenet-o_719,charcoal_wood_coal_0.99911374.jpg,ood_wild,val
imagenet-o_720,scallop_shell_0.99440986.jpg,ood_wild,train
imagenet-o_721,gilt_gilding_0.97167283.jpg,ood_wild,train
imagenet-o_722,mixing_faucet_0.9997814.jpg,ood_wild,train
imagenet-o_723,rammer_0.9981871.jpg,ood_wild,train
imagenet-o_724,crow's_nest_0.9950654.jpg,ood_wild,train
imagenet-o_725,oatmeal_rolled_oats_0.9956053.jpg,ood_wild,train
imagenet-o_726,wicker_wickerwork_caning_0.99999774.jpg,ood_wild,val
imagenet-o_727,flash_memory_0.9990891.jpg,ood_wild,train
imagenet-o_728,aphelion_0.9997141.jpg,ood_wild,val
imagenet-o_729,poppy_seed_0.99844056.jpg,ood_wild,train
imagenet-o_730,scrambled_eggs_0.9929964.jpg,ood_wild,train
imagenet-o_731,bristle_brush_0.9899685.jpg,ood_wild,train
imagenet-o_732,complementary_color_complementary_0.9953538.jpg,ood_wild,train
imagenet-o_733,basking_shark_Cetorhinus_maximus_0.9999802.jpg,ood_wild,train
imagenet-o_734,gantry_gauntry_0.99417335.jpg,ood_wild,val
imagenet-o_735,dried_apricot_0.9841614.jpg,ood_wild,train
imagenet-o_736,star_0.994911.jpg,ood_wild,train
imagenet-o_737,bungee_bungee_cord_0.9994267.jpg,ood_wild,train
imagenet-o_738,Easter_egg_0.99829835.jpg,ood_wild,val
imagenet-o_739,memory_device_storage_device_0.9987921.jpg,ood_wild,train
imagenet-o_740,mace_0.9999708.jpg,ood_wild,train
imagenet-o_741,rapier_tuck_0.9987374.jpg,ood_wild,train
imagenet-o_742,enamel_0.9996487.jpg,ood_wild,train
imagenet-o_743,condensation_pump_diffusion_pump_0.99985754.jpg,ood_wild,train
imagenet-o_744,Clydesdale_0.999183.jpg,ood_wild,train
imagenet-o_745,runner_0.99095684.jpg,ood_wild,train
imagenet-o_746,triskelion_triskele_0.99290705.jpg,ood_wild,val
imagenet-o_747,rabbitfish_Chimaera_monstrosa_0.9957553.jpg,ood_wild,train
imagenet-o_748,chandelier_pendant_pendent_0.99804366.jpg,ood_wild,train
imagenet-o_749,avocado_alligator_pear_avocado_pear_aguacate_0.9954396.jpg,ood_wild,train
imagenet-o_750,aviary_bird_sanctuary_volary_0.9965971.jpg,ood_wild,val
imagenet-o_751,fetus_foetus_0.99158585.jpg,ood_wild,train
imagenet-o_752,sunflower_seed_0.9927313.jpg,ood_wild,train
imagenet-o_753,bean_0.999218.jpg,ood_wild,train
imagenet-o_754,toilet_powder_bath_powder_dusting_powder_0.9981048.jpg,ood_wild,train
imagenet-o_755,Sharpie_0.9558651.jpg,ood_wild,train
imagenet-o_756,Spanish_bayonet_Yucca_aloifolia_0.9990213.jpg,ood_wild,train
imagenet-o_757,waterspout_0.9999459.jpg,ood_wild,train
imagenet-o_758,vegetable_veggie_veg_0.9999995.jpg,ood_wild,train
imagenet-o_759,doughnut_donut_sinker_0.99672997.jpg,ood_wild,train
imagenet-o_760,Chinese_lantern_0.9989176.jpg,ood_wild,train
imagenet-o_761,pinball_machine_pin_table_0.9999317.jpg,ood_wild,train
imagenet-o_762,tooth_0.99894255.jpg,ood_wild,train
imagenet-o_763,pin_0.9976319.jpg,ood_wild,train
imagenet-o_764,CD-R_compact_disc_recordable_CD-WO_compact_disc_write-once_0.9810955.jpg,ood_wild,train
imagenet-o_765,stapler_stapling_machine_0.99463165.jpg,ood_wild,train
imagenet-o_766,staghorn_coral_stag's-horn_coral_0.9996853.jpg,ood_wild,train
imagenet-o_767,Wiffle_Wiffle_Ball_0.98823184.jpg,ood_wild,train
imagenet-o_768,weight_free_weight_exercising_weight_0.9940671.jpg,ood_wild,train
imagenet-o_769,wing_nut_wing-nut_wing_screw_butterfly_nut_thumbnut_0.9869332.jpg,ood_wild,val
imagenet-o_770,cannelloni_0.999328.jpg,ood_wild,train
imagenet-o_771,straight_razor_0.96910024.jpg,ood_wild,train
imagenet-o_772,cold_chisel_set_chisel_0.99956805.jpg,ood_wild,val
imagenet-o_773,lollipop_sucker_all-day_sucker_0.96236837.jpg,ood_wild,val
imagenet-o_774,sweet_melon_muskmelon_sweet_melon_vine_Cucumis_melo_0.97843915.jpg,ood_wild,train
imagenet-o_775,knoll_mound_hillock_hummock_hammock_0.99987197.jpg,ood_wild,train
imagenet-o_776,antimacassar_0.99988914.jpg,ood_wild,val
imagenet-o_777,call_waiting_0.99964225.jpg,ood_wild,train
imagenet-o_778,scarlet_tanager_Piranga_olivacea_redbird_firebird_0.9850852.jpg,ood_wild,val
imagenet-o_779,life_buoy_lifesaver_life_belt_life_ring_0.99988914.jpg,ood_wild,train
imagenet-o_780,alpine_ash_mountain_oak_Eucalyptus_delegatensis_0.99998045.jpg,ood_wild,train
imagenet-o_781,scaling_ladder_0.9999422.jpg,ood_wild,train
imagenet-o_782,canvas_tent_canvas_canvass_0.9989109.jpg,ood_wild,train
imagenet-o_783,altarpiece_reredos_0.99918145.jpg,ood_wild,train
imagenet-o_784,mammillaria_0.9955829.jpg,ood_wild,train
imagenet-o_785,ballet_dancer_0.99952316.jpg,ood_wild,train
imagenet-o_786,ceiling_0.9933662.jpg,ood_wild,train
imagenet-o_787,peeper_0.9984475.jpg,ood_wild,train
imagenet-o_788,reliquary_0.99617225.jpg,ood_wild,train
imagenet-o_789,comfit_0.99251914.jpg,ood_wild,val
imagenet-o_790,tenpin_0.9995098.jpg,ood_wild,train
imagenet-o_791,cog_sprocket_0.99833566.jpg,ood_wild,train
imagenet-o_792,batik_0.9871417.jpg,ood_wild,train
imagenet-o_793,shrimp_0.9982932.jpg,ood_wild,val
imagenet-o_794,box_camera_box_Kodak_0.99507153.jpg,ood_wild,train
imagenet-o_795,call-in_0.9999372.jpg,ood_wild,train
imagenet-o_796,three-quarter_binding_0.9949634.jpg,ood_wild,train
imagenet-o_797,housefly_house_fly_Musca_domestica_0.99275005.jpg,ood_wild,train
imagenet-o_798,anjou_0.9991974.jpg,ood_wild,train
imagenet-o_799,stained-glass_window_0.9932179.jpg,ood_wild,train
imagenet-o_800,television_antenna_tv-antenna_0.9999567.jpg,ood_wild,train
imagenet-o_801,bridge_span_0.99970394.jpg,ood_wild,train
imagenet-o_802,cooler_0.9831544.jpg,ood_wild,train
imagenet-o_803,house_of_cards_cardhouse_card-house_cardcastle_0.99729013.jpg,ood_wild,train
imagenet-o_804,nonpareil_0.9414754.jpg,ood_wild,train
imagenet-o_805,speedometer_speed_indicator_0.98283976.jpg,ood_wild,val
imagenet-o_806,comfit_0.9953246.jpg,ood_wild,train
imagenet-o_807,lettuce_0.9904636.jpg,ood_wild,train
imagenet-o_808,equator_0.9999889.jpg,ood_wild,train
imagenet-o_809,motor_0.9959074.jpg,ood_wild,val
imagenet-o_810,jalousie_0.9877176.jpg,ood_wild,train
imagenet-o_811,polar_glacier_0.9993649.jpg,ood_wild,train
imagenet-o_812,draft_beer_draught_beer_0.9944174.jpg,ood_wild,train
imagenet-o_813,hutch_0.99675554.jpg,ood_wild,train
imagenet-o_814,chewing_gum_gum_0.9999.jpg,ood_wild,train
imagenet-o_815,grape_0.98447096.jpg,ood_wild,train
imagenet-o_816,engine_0.993056.jpg,ood_wild,val
imagenet-o_817,ball_0.9833778.jpg,ood_wild,val
imagenet-o_818,broomstick_broom_handle_0.9966293.jpg,ood_wild,train
imagenet-o_819,gag_muzzle_0.99998295.jpg,ood_wild,train
imagenet-o_820,archerfish_Toxotes_jaculatrix_0.9968875.jpg,ood_wild,train
imagenet-o_821,skirt_0.9999912.jpg,ood_wild,train
imagenet-o_822,chalk_0.9610375.jpg,ood_wild,val
imagenet-o_823,pinata_0.9997545.jpg,ood_wild,train
imagenet-o_824,electrical_system_0.99885225.jpg,ood_wild,train
imagenet-o_825,erecting_prism_0.9911594.jpg,ood_wild,val
imagenet-o_826,calculator_calculating_machine_0.9998884.jpg,ood_wild,train
imagenet-o_827,danish_danish_pastry_0.99453664.jpg,ood_wild,val
imagenet-o_828,bomb_0.99862194.jpg,ood_wild,train
imagenet-o_829,hydroplane_racing_0.9998621.jpg,ood_wild,train
imagenet-o_830,pedestrian_crossing_zebra_crossing_0.998836.jpg,ood_wild,val
imagenet-o_831,Cheops_Khufu_0.9999511.jpg,ood_wild,train
imagenet-o_832,watermelon_0.9862519.jpg,ood_wild,train
imagenet-o_833,quadrate_0.9992036.jpg,ood_wild,train
imagenet-o_834,barbecue_barbeque_0.9999391.jpg,ood_wild,train
imagenet-o_835,X_chromosome_0.9962054.jpg,ood_wild,train
imagenet-o_836,radicchio_0.9999163.jpg,ood_wild,train
imagenet-o_837,gastrula_0.9920002.jpg,ood_wild,train
imagenet-o_838,cup_0.98766077.jpg,ood_wild,train
imagenet-o_839,pomelo_pomelo_tree_pummelo_shaddock_Citrus_maxima_Citrus_grandis_Citrus_decumana_0.99817383.jpg,ood_wild,val
imagenet-o_840,stick_0.99397874.jpg,ood_wild,train
imagenet-o_841,American_agave_Agave_americana_0.98914415.jpg,ood_wild,val
imagenet-o_842,lentil_lentil_plant_Lens_culinaris_0.99934655.jpg,ood_wild,train
imagenet-o_843,coupling_coupler_0.9973997.jpg,ood_wild,val
imagenet-o_844,merozoite_0.99452645.jpg,ood_wild,train
imagenet-o_845,bread_and_butter_pickle_0.9969959.jpg,ood_wild,train
imagenet-o_846,ameba_amoeba_0.98932195.jpg,ood_wild,train
imagenet-o_847,toolbox_tool_chest_tool_cabinet_tool_case_0.99733764.jpg,ood_wild,train
imagenet-o_848,cinnamon_0.996318.jpg,ood_wild,train
imagenet-o_849,snifter_brandy_snifter_brandy_glass_0.9999218.jpg,ood_wild,val
imagenet-o_850,accelerator_particle_accelerator_atom_smasher_0.9997482.jpg,ood_wild,train
imagenet-o_851,tattoo_0.9999502.jpg,ood_wild,val
imagenet-o_852,common_limpet_Patella_vulgata_0.9989071.jpg,ood_wild,train
imagenet-o_853,cowfish_Lactophrys_quadricornis_0.9993279.jpg,ood_wild,train
imagenet-o_854,crowbar_wrecking_bar_pry_pry_bar_0.999228.jpg,ood_wild,train
imagenet-o_855,amplifier_0.9930702.jpg,ood_wild,train
imagenet-o_856,Greek_fire_0.9948266.jpg,ood_wild,train
imagenet-o_857,drive_0.9753547.jpg,ood_wild,train
imagenet-o_858,quahog_quahaug_hard-shell_clam_hard_clam_round_clam_Venus_mercenaria_Mercenaria_mercenaria_0.9990823.jpg,ood_wild,train
imagenet-o_859,blastocyst_blastodermic_vessicle_0.98037934.jpg,ood_wild,train
imagenet-o_860,flan_0.99990857.jpg,ood_wild,val
imagenet-o_861,Monterey_pine_Pinus_radiata_0.99632543.jpg,ood_wild,val
imagenet-o_862,octopus_devilfish_0.928734.jpg,ood_wild,train
imagenet-o_863,searchlight_0.9936791.jpg,ood_wild,train
imagenet-o_864,fruit_tree_0.99540436.jpg,ood_wild,train
imagenet-o_865,filament_0.99322695.jpg,ood_wild,train
imagenet-o_866,bedstraw_0.98752624.jpg,ood_wild,train
imagenet-o_867,gum_ball_0.99990773.jpg,ood_wild,train
imagenet-o_868,camouflage_0.9996209.jpg,ood_wild,train
imagenet-o_869,bread_knife_0.99933606.jpg,ood_wild,train
imagenet-o_870,ferrule_collet_0.9943803.jpg,ood_wild,train
imagenet-o_871,sweetmeat_0.9999552.jpg,ood_wild,val
imagenet-o_872,shirttail_0.9939031.jpg,ood_wild,train
imagenet-o_873,engine_0.9988655.jpg,ood_wild,train
imagenet-o_874,sampan_0.99917114.jpg,ood_wild,train
imagenet-o_875,webbing_0.9997521.jpg,ood_wild,train
imagenet-o_876,schnitzel_Wiener_schnitzel_0.98961765.jpg,ood_wild,train
imagenet-o_877,light_light_source_0.9685656.jpg,ood_wild,train
imagenet-o_878,enclosure_0.99998057.jpg,ood_wild,train
imagenet-o_879,soap_dish_0.99945897.jpg,ood_wild,train
imagenet-o_880,can_tin_tin_can_0.9984565.jpg,ood_wild,train
imagenet-o_881,interstellar_space_0.98072135.jpg,ood_wild,train
imagenet-o_882,yard_marker_0.99765706.jpg,ood_wild,train
imagenet-o_883,loaf_of_bread_loaf_0.997832.jpg,ood_wild,val
imagenet-o_884,hairdresser_hairstylist_stylist_styler_0.9999887.jpg,ood_wild,train
imagenet-o_885,wrist_pad_0.9944752.jpg,ood_wild,train
imagenet-o_886,duckboard_0.9731173.jpg,ood_wild,val
imagenet-o_887,dewdrop_0.99344677.jpg,ood_wild,val
imagenet-o_888,cranberry_juice_0.999853.jpg,ood_wild,val
imagenet-o_889,chip_poker_chip_0.9999616.jpg,ood_wild,val
imagenet-o_890,amusement_park_funfair_pleasure_ground_0.99778736.jpg,ood_wild,train
imagenet-o_891,lovage_Levisticum_officinale_0.9861632.jpg,ood_wild,train
imagenet-o_892,pennant_pennon_streamer_waft_0.9971806.jpg,ood_wild,train
imagenet-o_893,jello_Jell-O_0.8824753.jpg,ood_wild,val
imagenet-o_894,chiffon_0.9999316.jpg,ood_wild,train
imagenet-o_895,printed_circuit_0.99052835.jpg,ood_wild,val
imagenet-o_896,woolly_bear_moth_0.9999968.jpg,ood_wild,train
imagenet-o_897,bongo_bongo_drum_0.9733949.jpg,ood_wild,val
imagenet-o_898,beanbag_0.9993754.jpg,ood_wild,train
imagenet-o_899,transistor_junction_transistor_electronic_transistor_0.9355913.jpg,ood_wild,val
imagenet-o_900,casserole_0.97769105.jpg,ood_wild,train
imagenet-o_901,baseball_equipment_0.97039247.jpg,ood_wild,val
imagenet-o_902,viscose_rayon_viscose_0.9998398.jpg,ood_wild,val
imagenet-o_903,high-rise_tower_block_0.9984459.jpg,ood_wild,train
imagenet-o_904,pestle_0.99994814.jpg,ood_wild,train
imagenet-o_905,step_stair_0.97268885.jpg,ood_wild,val
imagenet-o_906,chessman_chess_piece_0.9958941.jpg,ood_wild,train
imagenet-o_907,mixer_0.9998276.jpg,ood_wild,train
imagenet-o_908,person_individual_someone_somebody_mortal_soul_0.99961275.jpg,ood_wild,val
imagenet-o_909,watch_case_0.9994671.jpg,ood_wild,train
imagenet-o_910,Cassegrainian_telescope_Gregorian_telescope_0.9610031.jpg,ood_wild,val
imagenet-o_911,discomycete_cup_fungus_0.9976736.jpg,ood_wild,train
imagenet-o_912,drapery_0.9995863.jpg,ood_wild,train
imagenet-o_913,broad_bean_horse_bean_0.9992392.jpg,ood_wild,train
imagenet-o_914,wolffish_wolf_fish_catfish_0.99998105.jpg,ood_wild,val
imagenet-o_915,bulldog_clip_alligator_clip_0.99216664.jpg,ood_wild,train
imagenet-o_916,footwear_footgear_0.9968196.jpg,ood_wild,train
imagenet-o_917,tattoo_0.9997459.jpg,ood_wild,val
imagenet-o_918,blastula_blastosphere_0.9982382.jpg,ood_wild,train
imagenet-o_919,telecommunication_system_telecom_system_telecommunication_equipment_telecom_equipment_0.99999416.jpg,ood_wild,train
imagenet-o_920,windshield_windscreen_0.99999094.jpg,ood_wild,train
imagenet-o_921,ameba_amoeba_0.99764556.jpg,ood_wild,val
imagenet-o_922,eau_de_vie_0.9456725.jpg,ood_wild,val
imagenet-o_923,slide_playground_slide_sliding_board_0.9982615.jpg,ood_wild,train
imagenet-o_924,rotor_0.9999094.jpg,ood_wild,train
imagenet-o_925,flame_flower_flame-flower_flameflower_Talinum_aurantiacum_0.99777263.jpg,ood_wild,train
imagenet-o_926,fireman_firefighter_fire_fighter_fire-eater_0.9999597.jpg,ood_wild,train
imagenet-o_927,block_cube_0.98988986.jpg,ood_wild,train
imagenet-o_928,block_cube_0.9977678.jpg,ood_wild,train
imagenet-o_929,squeezer_0.99649566.jpg,ood_wild,val
imagenet-o_930,hearth_fireside_0.99319386.jpg,ood_wild,train
imagenet-o_931,case_display_case_showcase_vitrine_0.9992347.jpg,ood_wild,train
imagenet-o_932,Bletilla_striata_Bletia_striata_0.99870956.jpg,ood_wild,train
imagenet-o_933,Cheops_Khufu_0.9999665.jpg,ood_wild,train
imagenet-o_934,grape_juice_0.99928147.jpg,ood_wild,val
imagenet-o_935,sugar_candy_0.9957606.jpg,ood_wild,train
imagenet-o_936,birdbath_0.9780238.jpg,ood_wild,train
imagenet-o_937,Red_Delicious_0.99878365.jpg,ood_wild,train
imagenet-o_938,active_0.9999366.jpg,ood_wild,train
imagenet-o_939,anthill_formicary_0.9996263.jpg,ood_wild,train
imagenet-o_940,sledding_0.99911386.jpg,ood_wild,train
imagenet-o_941,cellulose_tape_Scotch_tape_Sellotape_0.99992704.jpg,ood_wild,train
imagenet-o_942,tape_tapeline_tape_measure_0.9848069.jpg,ood_wild,val
imagenet-o_943,brake_pedal_0.99848384.jpg,ood_wild,val
imagenet-o_944,egg_eggs_0.9935912.jpg,ood_wild,train
imagenet-o_945,temporary_hookup_patch_0.9998154.jpg,ood_wild,val
imagenet-o_946,banana_banana_tree_0.9979748.jpg,ood_wild,train
imagenet-o_947,copper_copper_color_0.99916685.jpg,ood_wild,train
imagenet-o_948,cotton_candy_spun_sugar_candyfloss_0.9989109.jpg,ood_wild,train
imagenet-o_949,fire_tower_0.99998605.jpg,ood_wild,train
imagenet-o_950,bread_and_butter_pickle_0.99971443.jpg,ood_wild,train
imagenet-o_951,baseball_glove_glove_baseball_mitt_mitt_0.99708515.jpg,ood_wild,val
imagenet-o_952,knife_blade_0.9992204.jpg,ood_wild,train
imagenet-o_953,fairy_light_0.99288696.jpg,ood_wild,train
imagenet-o_954,television_camera_tv_camera_camera_0.99891496.jpg,ood_wild,train
imagenet-o_955,calligrapher_calligraphist_0.9880475.jpg,ood_wild,train
imagenet-o_956,tambour_0.9997373.jpg,ood_wild,train
imagenet-o_957,Sauvignon_blanc_0.98295087.jpg,ood_wild,train
imagenet-o_958,reamer_juicer_juice_reamer_0.99540114.jpg,ood_wild,train
imagenet-o_959,electric_lamp_0.995738.jpg,ood_wild,train
imagenet-o_960,hail_0.9568325.jpg,ood_wild,train
imagenet-o_961,washhouse_0.9947825.jpg,ood_wild,train
imagenet-o_962,siphonophore_0.99948716.jpg,ood_wild,train
imagenet-o_963,Chinese_gooseberry_kiwi_kiwi_vine_Actinidia_chinensis_Actinidia_deliciosa_0.99948525.jpg,ood_wild,val
imagenet-o_964,glow_tube_0.99910456.jpg,ood_wild,val
imagenet-o_965,reader_0.998323.jpg,ood_wild,train
imagenet-o_966,tomato_0.97362286.jpg,ood_wild,val
imagenet-o_967,gear_gear_wheel_geared_wheel_cogwheel_0.9974216.jpg,ood_wild,train
imagenet-o_968,cordage_0.9948468.jpg,ood_wild,train
imagenet-o_969,evaporative_cooler_0.90004957.jpg,ood_wild,train
imagenet-o_970,garlic_bread_0.99966383.jpg,ood_wild,train
imagenet-o_971,digital_audiotape_DAT_0.9995474.jpg,ood_wild,val
imagenet-o_972,grate_grating_0.9836923.jpg,ood_wild,train
imagenet-o_973,bench_0.999954.jpg,ood_wild,train
imagenet-o_974,hammock_sack_0.99620855.jpg,ood_wild,train
imagenet-o_975,nougat_bar_0.9996269.jpg,ood_wild,train
imagenet-o_976,embryonic_cell_formative_cell_0.9988225.jpg,ood_wild,train
imagenet-o_977,haft_helve_0.99730587.jpg,ood_wild,train
imagenet-o_978,allice_shad_allis_shad_allice_allis_Alosa_alosa_0.99993765.jpg,ood_wild,train
imagenet-o_979,barley_barleycorn_0.99880195.jpg,ood_wild,val
imagenet-o_980,armrest_0.99799037.jpg,ood_wild,train
imagenet-o_981,hadrosaur_hadrosaurus_duck-billed_dinosaur_0.99932086.jpg,ood_wild,train
imagenet-o_982,salsa_0.99907815.jpg,ood_wild,train
imagenet-o_983,shoulder_patch_0.9697286.jpg,ood_wild,train
imagenet-o_984,kidney_bean_frijol_frijole_0.9997009.jpg,ood_wild,train
imagenet-o_985,crosscut_saw_crosscut_handsaw_cutoff_saw_0.99769944.jpg,ood_wild,val
imagenet-o_986,varicella_zoster_virus_0.9994086.jpg,ood_wild,train
imagenet-o_987,rheometer_0.9976361.jpg,ood_wild,train
imagenet-o_988,lentil_0.99965763.jpg,ood_wild,train
imagenet-o_989,peppermint_peppermint_candy_0.99470794.jpg,ood_wild,val
imagenet-o_990,lobster_pot_0.9977307.jpg,ood_wild,train
imagenet-o_991,scatter_rug_throw_rug_0.99989474.jpg,ood_wild,train
imagenet-o_992,divot_0.99880016.jpg,ood_wild,val
imagenet-o_993,sugar_snap_pea_snap_pea_0.9779048.jpg,ood_wild,train
imagenet-o_994,bristle_brush_0.99351454.jpg,ood_wild,train
imagenet-o_995,piston_rod_0.9989593.jpg,ood_wild,train
imagenet-o_996,accelerator_accelerator_pedal_gas_pedal_gas_throttle_gun_0.9996253.jpg,ood_wild,train
imagenet-o_997,shaver_electric_shaver_electric_razor_0.99970514.jpg,ood_wild,train
imagenet-o_998,electric_mixer_0.99940777.jpg,ood_wild,train
imagenet-o_999,playbox_play-box_0.999734.jpg,ood_wild,train
imagenet-o_1000,cracker_0.99955624.jpg,ood_wild,train
imagenet-o_1001,Chinese_anise_star_anise_star_aniseed_0.99981314.jpg,ood_wild,train
imagenet-o_1002,bay_window_bow_window_0.99292105.jpg,ood_wild,train
imagenet-o_1003,smoke_screen_smokescreen_0.9958604.jpg,ood_wild,val
imagenet-o_1004,bulb_0.9901085.jpg,ood_wild,val
imagenet-o_1005,eyeshadow_0.99942386.jpg,ood_wild,train
imagenet-o_1006,axle_0.999338.jpg,ood_wild,train
imagenet-o_1007,electric_chair_chair_death_chair_hot_seat_0.97762007.jpg,ood_wild,train
imagenet-o_1008,support_column_0.99875104.jpg,ood_wild,val
imagenet-o_1009,batting_cage_cage_0.9993747.jpg,ood_wild,val
imagenet-o_1010,hatbox_0.9989668.jpg,ood_wild,train
imagenet-o_1011,cowbarn_cowshed_cow_barn_cowhouse_byre_0.9996741.jpg,ood_wild,train
imagenet-o_1012,safety_valve_relief_valve_escape_valve_escape_cock_escape_0.99729025.jpg,ood_wild,train
imagenet-o_1013,watermelon_0.99351525.jpg,ood_wild,train
imagenet-o_1014,caller_ID_0.9945563.jpg,ood_wild,val
imagenet-o_1015,acute_triangle_acute-angled_triangle_0.9905233.jpg,ood_wild,train
imagenet-o_1016,etagere_0.9991379.jpg,ood_wild,train
imagenet-o_1017,tinfoil_tin_foil_0.9771969.jpg,ood_wild,train
imagenet-o_1018,asparagus_fern_Asparagus_setaceous_Asparagus_plumosus_0.9984491.jpg,ood_wild,val
imagenet-o_1019,juniper_berry_0.9978689.jpg,ood_wild,val
imagenet-o_1020,readout_read-out_0.9999783.jpg,ood_wild,train
imagenet-o_1021,gas_heater_0.9583961.jpg,ood_wild,train
imagenet-o_1022,Cassegrainian_telescope_Gregorian_telescope_0.9993895.jpg,ood_wild,train
imagenet-o_1023,battery_electric_battery_0.99994755.jpg,ood_wild,val
imagenet-o_1024,crampon_crampoon_0.9967038.jpg,ood_wild,train
imagenet-o_1025,support_0.9997168.jpg,ood_wild,train
imagenet-o_1026,barricade_0.9984584.jpg,ood_wild,train
imagenet-o_1027,strawberry_daiquiri_0.99966717.jpg,ood_wild,val
imagenet-o_1028,walking_fern_walking_leaf_Asplenium_rhizophyllum_Camptosorus_rhizophyllus_0.99983823.jpg,ood_wild,val
imagenet-o_1029,Weston_cell_cadmium_cell_0.94366246.jpg,ood_wild,train
imagenet-o_1030,meander_0.9996691.jpg,ood_wild,val
imagenet-o_1031,papaw_pawpaw_0.99908006.jpg,ood_wild,train
imagenet-o_1032,desert_selaginella_Selaginella_eremophila_0.99987304.jpg,ood_wild,val
imagenet-o_1033,vitamin_C_C_ascorbic_acid_0.9976044.jpg,ood_wild,val
imagenet-o_1034,olive_green_olive-green_0.9997032.jpg,ood_wild,train
imagenet-o_1035,button_0.8929398.jpg,ood_wild,val
imagenet-o_1036,lather_0.9998511.jpg,ood_wild,train
imagenet-o_1037,facing_cladding_0.99773407.jpg,ood_wild,train
imagenet-o_1038,sweet_cherry_Prunus_avium_0.995624.jpg,ood_wild,train
imagenet-o_1039,tights_leotards_0.99942505.jpg,ood_wild,train
imagenet-o_1040,Wiffle_Wiffle_Ball_0.9525193.jpg,ood_wild,train
imagenet-o_1041,scarlet_runner_scarlet_runner_bean_runner_bean_English_runner_bean_0.99058455.jpg,ood_wild,train
imagenet-o_1042,wild_rice_Indian_rice_0.9944155.jpg,ood_wild,train
imagenet-o_1043,voting_booth_0.9983204.jpg,ood_wild,train
imagenet-o_1044,clove_garlic_clove_0.99877554.jpg,ood_wild,train
imagenet-o_1045,lymphocyte_lymph_cell_0.9999529.jpg,ood_wild,train
imagenet-o_1046,reflector_0.99999416.jpg,ood_wild,train
imagenet-o_1047,yam_yam_plant_0.99987495.jpg,ood_wild,val
imagenet-o_1048,bellows_0.9995734.jpg,ood_wild,val
imagenet-o_1049,scarf_0.99256223.jpg,ood_wild,val
imagenet-o_1050,cousin_first_cousin_cousin-german_full_cousin_0.997306.jpg,ood_wild,train
imagenet-o_1051,negative_0.9980394.jpg,ood_wild,train
imagenet-o_1052,reddish_orange_0.99961483.jpg,ood_wild,train
imagenet-o_1053,raisin_bread_0.99710613.jpg,ood_wild,train
imagenet-o_1054,doorplate_0.9962901.jpg,ood_wild,train
imagenet-o_1055,socket_0.99986553.jpg,ood_wild,train
imagenet-o_1056,wheel_0.98954993.jpg,ood_wild,train
imagenet-o_1057,analog_watch_0.9977041.jpg,ood_wild,train
imagenet-o_1058,bangle_bauble_gaud_gewgaw_novelty_fallal_trinket_0.9995914.jpg,ood_wild,train
imagenet-o_1059,thumbtack_drawing_pin_pushpin_0.99969864.jpg,ood_wild,val
imagenet-o_1060,rock_candy_0.99100643.jpg,ood_wild,val
imagenet-o_1061,kid_glove_suede_glove_0.9894077.jpg,ood_wild,train
imagenet-o_1062,ring_0.99548244.jpg,ood_wild,train
imagenet-o_1063,autoradiograph_0.9999244.jpg,ood_wild,train
imagenet-o_1064,ellipsoid_0.99108046.jpg,ood_wild,val
imagenet-o_1065,shirttail_0.99995387.jpg,ood_wild,train
imagenet-o_1066,umbrella_fern_fan_fern_Sticherus_flabellatus_Gleichenia_flabellata_0.9610196.jpg,ood_wild,train
imagenet-o_1067,level_spirit_level_0.9768215.jpg,ood_wild,train
imagenet-o_1068,grains_of_paradise_Guinea_grains_Guinea_pepper_melagueta_pepper_Aframomum_melegueta_0.9933031.jpg,ood_wild,train
imagenet-o_1069,ethernet_0.9948309.jpg,ood_wild,train
imagenet-o_1070,Maryland_chicken_0.9979119.jpg,ood_wild,val
imagenet-o_1071,window_blind_0.98949945.jpg,ood_wild,train
imagenet-o_1072,candelabrum_candelabra_0.99539965.jpg,ood_wild,train
imagenet-o_1073,whole_wheat_flour_graham_flour_graham_whole_meal_flour_0.9912463.jpg,ood_wild,train
imagenet-o_1074,flatbread_0.9891711.jpg,ood_wild,train
imagenet-o_1075,truncated_cone_0.96458215.jpg,ood_wild,train
imagenet-o_1076,litchi_litchi_nut_litchee_lichi_leechee_lichee_lychee_0.9993679.jpg,ood_wild,train
imagenet-o_1077,egg_yolk_yolk_0.99170566.jpg,ood_wild,val
imagenet-o_1078,fireball_0.99972695.jpg,ood_wild,train
imagenet-o_1079,benefactor_helper_0.99847394.jpg,ood_wild,train
imagenet-o_1080,vitamin_B2_vitamin_G_riboflavin_lactoflavin_ovoflavin_hepatoflavin_0.99961925.jpg,ood_wild,val
imagenet-o_1081,asparagus_0.9954442.jpg,ood_wild,val
imagenet-o_1082,treacle_golden_syrup_0.999485.jpg,ood_wild,val
imagenet-o_1083,fodder_0.99978775.jpg,ood_wild,train
imagenet-o_1084,tabi_tabis_0.9995814.jpg,ood_wild,train
imagenet-o_1085,terrarium_0.98967814.jpg,ood_wild,train
imagenet-o_1086,demerara_demerara_sugar_0.9997651.jpg,ood_wild,train
imagenet-o_1087,push-bike_0.9994499.jpg,ood_wild,train
imagenet-o_1088,broth_0.997959.jpg,ood_wild,train
imagenet-o_1089,cookie_cutter_0.99916625.jpg,ood_wild,train
imagenet-o_1090,tetra_0.99716717.jpg,ood_wild,train
imagenet-o_1091,adapter_adaptor_0.99828064.jpg,ood_wild,train
imagenet-o_1092,Venn_diagram_Venn's_diagram_0.9990723.jpg,ood_wild,train
imagenet-o_1093,hockey_stick_0.99949956.jpg,ood_wild,val
imagenet-o_1094,charcuterie_0.9985312.jpg,ood_wild,train
imagenet-o_1095,bling_bling_bling_0.9999219.jpg,ood_wild,train
imagenet-o_1096,cable_television_cable_0.99290997.jpg,ood_wild,train
imagenet-o_1097,giant_tortoise_0.9998708.jpg,ood_wild,train
imagenet-o_1098,bubble_gum_0.9998487.jpg,ood_wild,val
imagenet-o_1099,maraschino_maraschino_cherry_0.9995634.jpg,ood_wild,train
imagenet-o_1100,green_olive_0.9634103.jpg,ood_wild,train
imagenet-o_1101,papaya_0.9976156.jpg,ood_wild,train
imagenet-o_1102,surge_suppressor_surge_protector_spike_suppressor_spike_arrester_lightning_arrester_0.9994831.jpg,ood_wild,train
imagenet-o_1103,burdock_clotbur_0.9990656.jpg,ood_wild,train
imagenet-o_1104,acacia_0.999716.jpg,ood_wild,train
imagenet-o_1105,cigar_band_0.99786156.jpg,ood_wild,val
imagenet-o_1106,cashew_cashew_nut_0.9945756.jpg,ood_wild,train
imagenet-o_1107,gearset_0.98950326.jpg,ood_wild,val
imagenet-o_1108,tanager_0.9999342.jpg,ood_wild,train
imagenet-o_1109,taster_taste_tester_taste-tester_sampler_0.9411962.jpg,ood_wild,train
imagenet-o_1110,spoon_0.9998555.jpg,ood_wild,val
imagenet-o_1111,Nigerian_0.99956316.jpg,ood_wild,train
imagenet-o_1112,hallstand_0.9995541.jpg,ood_wild,train
imagenet-o_1113,stove_bolt_0.9919151.jpg,ood_wild,train
imagenet-o_1114,supernova_0.98724747.jpg,ood_wild,train
imagenet-o_1115,coil_spring_volute_spring_0.98507106.jpg,ood_wild,train
imagenet-o_1116,bathrobe_0.9991391.jpg,ood_wild,train
imagenet-o_1117,enamel_0.99201655.jpg,ood_wild,train
imagenet-o_1118,chalice_goblet_0.99999905.jpg,ood_wild,train
imagenet-o_1119,Brie_0.9479045.jpg,ood_wild,train
imagenet-o_1120,handsaw_hand_saw_carpenter's_saw_0.9999858.jpg,ood_wild,train
imagenet-o_1121,cowpea_black-eyed_pea_0.96211505.jpg,ood_wild,train
imagenet-o_1122,wirework_grillwork_0.99999344.jpg,ood_wild,train
imagenet-o_1123,cylinder_0.99277776.jpg,ood_wild,train
imagenet-o_1124,talcum_talcum_powder_0.99293.jpg,ood_wild,train
imagenet-o_1125,curtain_drape_drapery_mantle_pall_0.99579805.jpg,ood_wild,train
imagenet-o_1126,light-emitting_diode_LED_0.99682343.jpg,ood_wild,train
imagenet-o_1127,soil_dirt_0.99526054.jpg,ood_wild,train
imagenet-o_1128,hula-hoop_0.9947364.jpg,ood_wild,train
imagenet-o_1129,spoon_0.99991703.jpg,ood_wild,train
imagenet-o_1130,coordinate_axis_0.9998648.jpg,ood_wild,train
imagenet-o_1131,tulle_0.99133766.jpg,ood_wild,train
imagenet-o_1132,scanner_digital_scanner_image_scanner_0.99942636.jpg,ood_wild,val
imagenet-o_1133,flageolet_haricot_0.99105084.jpg,ood_wild,val
imagenet-o_1134,shuffleboard_shovelboard_0.999681.jpg,ood_wild,train
imagenet-o_1135,line_0.9914346.jpg,ood_wild,train
imagenet-o_1136,tap_spigot_0.9988262.jpg,ood_wild,train
imagenet-o_1137,sugar_candy_0.9991897.jpg,ood_wild,val
imagenet-o_1138,furnishing_trappings_0.9986557.jpg,ood_wild,train
imagenet-o_1139,radish_plant_radish_0.9996755.jpg,ood_wild,train
imagenet-o_1140,juice_0.9823741.jpg,ood_wild,train
imagenet-o_1141,horn_0.99980456.jpg,ood_wild,train
imagenet-o_1142,circular_saw_buzz_saw_0.99990845.jpg,ood_wild,train
imagenet-o_1143,bricks_and_mortar_0.9959532.jpg,ood_wild,train
imagenet-o_1144,pudding_0.99124557.jpg,ood_wild,train
imagenet-o_1145,sled_sledge_sleigh_0.99933285.jpg,ood_wild,train
imagenet-o_1146,queen_0.9982761.jpg,ood_wild,train
imagenet-o_1147,foodstuff_food_product_0.99182105.jpg,ood_wild,train
imagenet-o_1148,palmyra_palmyra_palm_toddy_palm_wine_palm_lontar_longar_palm_Borassus_flabellifer_0.99813676.jpg,ood_wild,train
imagenet-o_1149,propeller_propellor_0.9916338.jpg,ood_wild,val
imagenet-o_1150,bearing_0.9975533.jpg,ood_wild,val
imagenet-o_1151,monstrance_ostensorium_0.9993279.jpg,ood_wild,train
imagenet-o_1152,phial_vial_ampule_ampul_ampoule_0.99842024.jpg,ood_wild,train
imagenet-o_1153,bread-bin_breadbox_0.99978346.jpg,ood_wild,train
imagenet-o_1154,power_line_power_cable_0.99186784.jpg,ood_wild,train
imagenet-o_1155,herb_Paris_Paris_quadrifolia_0.998555.jpg,ood_wild,train
imagenet-o_1156,vibrator_0.999858.jpg,ood_wild,train
imagenet-o_1157,dosser_street_person_0.99289507.jpg,ood_wild,val
imagenet-o_1158,jello_Jell-O_0.9937582.jpg,ood_wild,train
imagenet-o_1159,astrocyte_0.9880409.jpg,ood_wild,train
imagenet-o_1160,crucian_carp_Carassius_carassius_Carassius_vulgaris_0.9970816.jpg,ood_wild,val
imagenet-o_1161,binocular_microscope_0.9943146.jpg,ood_wild,train
imagenet-o_1162,caramel_0.99517065.jpg,ood_wild,train
imagenet-o_1163,boiler_steam_boiler_0.99989724.jpg,ood_wild,train
imagenet-o_1164,reformer_0.9999962.jpg,ood_wild,train
imagenet-o_1165,servo_servomechanism_servosystem_0.9628549.jpg,ood_wild,train
imagenet-o_1166,clothesbrush_0.97537506.jpg,ood_wild,train
imagenet-o_1167,thyme_0.98914766.jpg,ood_wild,train
imagenet-o_1168,net_melon_netted_melon_nutmeg_melon_Cucumis_melo_reticulatus_0.99196625.jpg,ood_wild,train
imagenet-o_1169,cladode_cladophyll_phylloclad_phylloclade_0.98789364.jpg,ood_wild,train
imagenet-o_1170,footstool_footrest_ottoman_tuffet_0.99785596.jpg,ood_wild,train
imagenet-o_1171,water_scooter_sea_scooter_scooter_0.9970982.jpg,ood_wild,train
imagenet-o_1172,locker_0.99976987.jpg,ood_wild,train
imagenet-o_1173,caranday_caranda_caranda_palm_wax_palm_Copernicia_australis_Copernicia_alba_0.99975437.jpg,ood_wild,train
imagenet-o_1174,beach_towel_0.99804425.jpg,ood_wild,train
imagenet-o_1175,Chinese_puzzle_0.9996537.jpg,ood_wild,val
imagenet-o_1176,wing_nut_wing-nut_wing_screw_butterfly_nut_thumbnut_0.990983.jpg,ood_wild,train
imagenet-o_1177,chalk_0.9990175.jpg,ood_wild,train
imagenet-o_1178,Venus's_flytrap_Venus's_flytraps_Dionaea_muscipula_0.99180776.jpg,ood_wild,train
imagenet-o_1179,broad_bean_horse_bean_0.9807184.jpg,ood_wild,val
imagenet-o_1180,piano_keyboard_fingerboard_clavier_0.99993134.jpg,ood_wild,val
imagenet-o_1181,garter_belt_suspender_belt_0.99447614.jpg,ood_wild,train
imagenet-o_1182,cherry_0.99597543.jpg,ood_wild,train
imagenet-o_1183,paper_clip_paperclip_gem_clip_0.9976131.jpg,ood_wild,val
imagenet-o_1184,swastika_Hakenkreuz_0.9998047.jpg,ood_wild,val
imagenet-o_1185,mortise_joint_mortise-and-tenon_joint_0.9998361.jpg,ood_wild,train
imagenet-o_1186,broom_beard_grass_prairie_grass_wire_grass_Andropogon_scoparius_Schizachyrium_scoparium_0.9995617.jpg,ood_wild,train
imagenet-o_1187,astrocyte_0.9998118.jpg,ood_wild,val
imagenet-o_1188,four-wheeler_0.9950336.jpg,ood_wild,val
imagenet-o_1189,reamer_0.9917032.jpg,ood_wild,train
imagenet-o_1190,butter_dish_0.99970907.jpg,ood_wild,train
imagenet-o_1191,bullhorn_loud_hailer_loud-hailer_0.9995421.jpg,ood_wild,train
imagenet-o_1192,sandblaster_0.99383646.jpg,ood_wild,train
imagenet-o_1193,fireball_0.99950147.jpg,ood_wild,train
imagenet-o_1194,sprocket_0.9733734.jpg,ood_wild,train
imagenet-o_1195,angle_bracket_angle_iron_0.9991399.jpg,ood_wild,train
imagenet-o_1196,baggage_0.99272656.jpg,ood_wild,train
imagenet-o_1197,jello_Jell-O_0.98308426.jpg,ood_wild,train
imagenet-o_1198,ferrule_collet_0.9997241.jpg,ood_wild,train
imagenet-o_1199,turnover_0.9987357.jpg,ood_wild,train
imagenet-o_1200,hole_hollow_0.9999429.jpg,ood_wild,train
imagenet-o_1201,cross_0.9993868.jpg,ood_wild,val
imagenet-o_1202,tarpaulin_tarp_0.9987174.jpg,ood_wild,val
imagenet-o_1203,water_faucet_water_tap_tap_hydrant_0.999503.jpg,ood_wild,val
imagenet-o_1204,noisemaker_0.99596727.jpg,ood_wild,train
imagenet-o_1205,benedick_benedict_0.99888104.jpg,ood_wild,train
imagenet-o_1206,barrette_0.97947156.jpg,ood_wild,val
imagenet-o_1207,paper_chain_0.9901849.jpg,ood_wild,val
imagenet-o_1208,wheat_wheat_berry_0.99999404.jpg,ood_wild,train
imagenet-o_1209,tunicate_urochordate_urochord_0.9995983.jpg,ood_wild,train
imagenet-o_1210,tongue_depressor_0.99981314.jpg,ood_wild,val
imagenet-o_1211,herpes_varicella_zoster_herpes_varicella_zoster_virus_0.99952006.jpg,ood_wild,train
imagenet-o_1212,godown_0.9978257.jpg,ood_wild,train
imagenet-o_1213,parts_bin_0.98907894.jpg,ood_wild,train
imagenet-o_1214,accomplice_confederate_0.99856025.jpg,ood_wild,train
imagenet-o_1215,recess_niche_0.9637189.jpg,ood_wild,train
imagenet-o_1216,sprocket_sprocket_wheel_0.99890757.jpg,ood_wild,train
imagenet-o_1217,converging_lens_convex_lens_0.9838853.jpg,ood_wild,val
imagenet-o_1218,scaffolding_staging_0.99307704.jpg,ood_wild,train
imagenet-o_1219,printer_cable_0.96958727.jpg,ood_wild,train
imagenet-o_1220,false_teeth_0.9709037.jpg,ood_wild,train
imagenet-o_1221,Homo_erectus_0.99577624.jpg,ood_wild,val
imagenet-o_1222,seabag_0.9999856.jpg,ood_wild,val
imagenet-o_1223,trackball_0.99680054.jpg,ood_wild,val
imagenet-o_1224,bazaar_bazar_0.9999225.jpg,ood_wild,train
imagenet-o_1225,chenille_0.9937115.jpg,ood_wild,train
imagenet-o_1226,star_0.999974.jpg,ood_wild,train
imagenet-o_1227,jelly_0.99171174.jpg,ood_wild,train
imagenet-o_1228,sassafras_0.9980233.jpg,ood_wild,val
imagenet-o_1229,blinker_flasher_0.99455476.jpg,ood_wild,train
imagenet-o_1230,challah_hallah_0.9999695.jpg,ood_wild,train
imagenet-o_1231,kohlrabi_turnip_cabbage_0.99570173.jpg,ood_wild,train
imagenet-o_1232,radicchio_0.9999609.jpg,ood_wild,train
imagenet-o_1233,adapter_adaptor_0.9971.jpg,ood_wild,train
imagenet-o_1234,O_ring_0.99177706.jpg,ood_wild,train
imagenet-o_1235,spray_gun_0.9998122.jpg,ood_wild,train
imagenet-o_1236,worm_0.99996734.jpg,ood_wild,train
imagenet-o_1237,catacomb_0.9993358.jpg,ood_wild,train
imagenet-o_1238,scanner_electronic_scanner_0.9988256.jpg,ood_wild,train
imagenet-o_1239,dried_apricot_0.99970764.jpg,ood_wild,val
imagenet-o_1240,sea_feather_0.99974567.jpg,ood_wild,train
imagenet-o_1241,automobile_horn_car_horn_motor_horn_horn_hooter_0.9996984.jpg,ood_wild,train
imagenet-o_1242,candied_apple_candy_apple_taffy_apple_caramel_apple_toffee_apple_0.9975883.jpg,ood_wild,val
imagenet-o_1243,photosphere_0.9952282.jpg,ood_wild,train
imagenet-o_1244,microfossil_0.98786455.jpg,ood_wild,val
imagenet-o_1245,wire_cutter_0.9987596.jpg,ood_wild,val
imagenet-o_1246,calabash_0.99301684.jpg,ood_wild,train
imagenet-o_1247,ring_halo_annulus_doughnut_anchor_ring_0.9994512.jpg,ood_wild,train
imagenet-o_1248,Zimbabwean_0.99933225.jpg,ood_wild,train
imagenet-o_1249,key_0.99816483.jpg,ood_wild,train
imagenet-o_1250,soap_dish_0.9992211.jpg,ood_wild,train
imagenet-o_1251,column_pillar_0.9999188.jpg,ood_wild,train
imagenet-o_1252,universal_joint_universal_0.9967589.jpg,ood_wild,train
imagenet-o_1253,California_sycamore_Platanus_racemosa_0.99996674.jpg,ood_wild,train
imagenet-o_1254,backup_system_0.99886024.jpg,ood_wild,val
imagenet-o_1255,chip_poker_chip_0.99999225.jpg,ood_wild,train
imagenet-o_1256,savings_bank_coin_bank_money_box_bank_0.99428034.jpg,ood_wild,train
imagenet-o_1257,towel_rail_towel_bar_0.9876649.jpg,ood_wild,train
imagenet-o_1258,rain_gauge_rain_gage_pluviometer_udometer_0.9996145.jpg,ood_wild,train
imagenet-o_1259,O_ring_0.998248.jpg,ood_wild,val
imagenet-o_1260,control_tower_0.99979717.jpg,ood_wild,train
imagenet-o_1261,squash_0.9976775.jpg,ood_wild,val
imagenet-o_1262,girandole_girandola_0.9831223.jpg,ood_wild,train
imagenet-o_1263,deer_cervid_0.9996419.jpg,ood_wild,train
imagenet-o_1264,guy_guy_cable_guy_wire_guy_rope_0.9974655.jpg,ood_wild,val
imagenet-o_1265,child_kid_youngster_minor_shaver_nipper_small_fry_tiddler_tike_tyke_fry_nestling_0.999265.jpg,ood_wild,train
imagenet-o_1266,foot_brake_0.9953393.jpg,ood_wild,train
imagenet-o_1267,barley_barleycorn_0.9907827.jpg,ood_wild,train
imagenet-o_1268,table_knife_0.9989674.jpg,ood_wild,val
imagenet-o_1269,integrated_circuit_microcircuit_0.9770058.jpg,ood_wild,train
imagenet-o_1270,triangle_trigon_trilateral_0.9991025.jpg,ood_wild,train
imagenet-o_1271,cattle_guard_cattle_grid_0.9981838.jpg,ood_wild,train
imagenet-o_1272,bisexual_bisexual_person_0.9965228.jpg,ood_wild,train
imagenet-o_1273,cleaners_dry_cleaners_0.99704903.jpg,ood_wild,train
imagenet-o_1274,paneling_panelling_pane_0.9999591.jpg,ood_wild,train
imagenet-o_1275,O_ring_0.99783427.jpg,ood_wild,train
imagenet-o_1276,light_beer_0.9989378.jpg,ood_wild,train
imagenet-o_1277,crimson_ruby_deep_red_0.99218386.jpg,ood_wild,train
imagenet-o_1278,measuring_stick_measure_measuring_rod_0.9808148.jpg,ood_wild,val
imagenet-o_1279,ropewalker_ropedancer_0.99991083.jpg,ood_wild,val
imagenet-o_1280,heat_pump_0.9869099.jpg,ood_wild,train
imagenet-o_1281,jade_green_jade_0.98943627.jpg,ood_wild,train
imagenet-o_1282,dial_0.992174.jpg,ood_wild,train
imagenet-o_1283,eukaryote_eucaryote_0.99991417.jpg,ood_wild,train
imagenet-o_1284,basket_basketball_hoop_hoop_0.9913066.jpg,ood_wild,train
imagenet-o_1285,gastrula_0.99999666.jpg,ood_wild,train
imagenet-o_1286,hydroxide_ion_hydroxyl_ion_0.9978807.jpg,ood_wild,train
imagenet-o_1287,clove_0.99739337.jpg,ood_wild,train
imagenet-o_1288,matzo_matzoh_matzah_unleavened_bread_0.99868137.jpg,ood_wild,train
imagenet-o_1289,Afro-wig_0.9972023.jpg,ood_wild,train
imagenet-o_1290,passe-partout_0.9952472.jpg,ood_wild,train
imagenet-o_1291,scaffolding_staging_0.99860954.jpg,ood_wild,train
imagenet-o_1292,oatmeal_rolled_oats_0.99861515.jpg,ood_wild,train
imagenet-o_1293,prickly_pear_prickly_pear_cactus_0.98625284.jpg,ood_wild,train
imagenet-o_1294,hairbrush_0.9869753.jpg,ood_wild,train
imagenet-o_1295,heart_0.9993649.jpg,ood_wild,train
imagenet-o_1296,Arenaviridae_0.99908924.jpg,ood_wild,train
imagenet-o_1297,stick_cinnamon_0.9727021.jpg,ood_wild,val
imagenet-o_1298,muffler_0.9992804.jpg,ood_wild,train
imagenet-o_1299,barrel_drum_0.9998996.jpg,ood_wild,train
imagenet-o_1300,manhole_0.9999393.jpg,ood_wild,train
imagenet-o_1301,gas_ring_0.9968424.jpg,ood_wild,val
imagenet-o_1302,mincer_mincing_machine_0.9997032.jpg,ood_wild,train
imagenet-o_1303,edger_0.9739162.jpg,ood_wild,train
imagenet-o_1304,diet_0.99922657.jpg,ood_wild,val
imagenet-o_1305,server_host_0.9975337.jpg,ood_wild,train
imagenet-o_1306,triangle_trigon_trilateral_0.99263024.jpg,ood_wild,train
imagenet-o_1307,hula-hoop_0.9998105.jpg,ood_wild,train
imagenet-o_1308,gold_plate_0.9999143.jpg,ood_wild,val
imagenet-o_1309,pistia_water_lettuce_water_cabbage_Pistia_stratiotes_Pistia_stratoites_0.99572986.jpg,ood_wild,train
imagenet-o_1310,bullet_slug_0.9999573.jpg,ood_wild,val
imagenet-o_1311,truffle_chocolate_truffle_0.9977149.jpg,ood_wild,train
imagenet-o_1312,fireman_firefighter_fire_fighter_fire-eater_0.9996692.jpg,ood_wild,train
imagenet-o_1313,electronic_device_0.96170264.jpg,ood_wild,train
imagenet-o_1314,top_cover_0.99679023.jpg,ood_wild,train
imagenet-o_1315,microfossil_0.995846.jpg,ood_wild,val
imagenet-o_1316,cannonball_cannon_ball_round_shot_0.99971527.jpg,ood_wild,train
imagenet-o_1317,sights_0.99095786.jpg,ood_wild,train
imagenet-o_1318,cock_of_the_rock_Rupicola_rupicola_0.98926336.jpg,ood_wild,train
imagenet-o_1319,wastepaper_basket_waste-paper_basket_wastebasket_waste_basket_circular_file_0.9927632.jpg,ood_wild,train
imagenet-o_1320,persimmon_persimmon_tree_0.9883045.jpg,ood_wild,train
imagenet-o_1321,poker_plant_Kniphofia_uvaria_0.9942561.jpg,ood_wild,train
imagenet-o_1322,array_raiment_regalia_0.9999275.jpg,ood_wild,train
imagenet-o_1323,Frisbee_0.9998362.jpg,ood_wild,val
imagenet-o_1324,tee_golf_tee_0.9993523.jpg,ood_wild,train
imagenet-o_1325,microscope_0.99072343.jpg,ood_wild,val
imagenet-o_1326,paprika_0.9865405.jpg,ood_wild,train
imagenet-o_1327,canteen_0.9961816.jpg,ood_wild,train
imagenet-o_1328,fence_fencing_0.9999975.jpg,ood_wild,train
imagenet-o_1329,flashlight_torch_0.9779675.jpg,ood_wild,train
imagenet-o_1330,dado_0.9835585.jpg,ood_wild,train
imagenet-o_1331,department_store_emporium_0.99992824.jpg,ood_wild,train
imagenet-o_1332,alarm_warning_device_alarm_system_0.9949993.jpg,ood_wild,train
imagenet-o_1333,wild_calla_water_arum_Calla_palustris_0.98879004.jpg,ood_wild,train
imagenet-o_1334,tessera_0.9859591.jpg,ood_wild,val
imagenet-o_1335,floor_0.9898018.jpg,ood_wild,train
imagenet-o_1336,knitting_needle_0.9994917.jpg,ood_wild,train
imagenet-o_1337,perforation_0.9906556.jpg,ood_wild,train
imagenet-o_1338,wineglass_0.9999988.jpg,ood_wild,val
imagenet-o_1339,shower_0.99692804.jpg,ood_wild,train
imagenet-o_1340,popcorn_Zea_mays_everta_0.9911588.jpg,ood_wild,val
imagenet-o_1341,pylon_power_pylon_0.99904126.jpg,ood_wild,train
imagenet-o_1342,intergalactic_space_0.9985393.jpg,ood_wild,train
imagenet-o_1343,Pharaoh_Pharaoh_of_Egypt_0.99731207.jpg,ood_wild,train
imagenet-o_1344,beanie_beany_0.9935783.jpg,ood_wild,train
imagenet-o_1345,Mason_jar_0.9932753.jpg,ood_wild,train
imagenet-o_1346,douche_douche_bag_0.99868375.jpg,ood_wild,train
imagenet-o_1347,fruit_salad_0.99740964.jpg,ood_wild,train
imagenet-o_1348,wood_thrush_Hylocichla_mustelina_0.99874.jpg,ood_wild,train
imagenet-o_1349,tack_0.990956.jpg,ood_wild,train
imagenet-o_1350,horn_0.9760971.jpg,ood_wild,train
imagenet-o_1351,benthos_0.99794227.jpg,ood_wild,train
imagenet-o_1352,bomber_grinder_hero_hero_sandwich_hoagie_hoagy_Cuban_sandwich_Italian_sandwich_poor_boy_sub_submarine_submarine_sandwich_torpedo_wedge_zep_0.9987704.jpg,ood_wild,train
imagenet-o_1353,rabbitfish_Chimaera_monstrosa_0.97126186.jpg,ood_wild,val
imagenet-o_1354,lute_0.99883515.jpg,ood_wild,train
imagenet-o_1355,necklet_0.99240243.jpg,ood_wild,val
imagenet-o_1356,gold_plate_0.9990402.jpg,ood_wild,train
imagenet-o_1357,walrus_seahorse_sea_horse_0.9985207.jpg,ood_wild,val
imagenet-o_1358,dish_dish_aerial_dish_antenna_saucer_0.998276.jpg,ood_wild,train
imagenet-o_1359,neon_lamp_neon_induction_lamp_neon_tube_0.9996131.jpg,ood_wild,val
imagenet-o_1360,couch_0.99998033.jpg,ood_wild,train
imagenet-o_1361,sacking_bagging_0.9982431.jpg,ood_wild,train
imagenet-o_1362,nail_polish_nail_enamel_nail_varnish_0.996774.jpg,ood_wild,train
imagenet-o_1363,paddle_0.99917346.jpg,ood_wild,train
imagenet-o_1364,sake_saki_rice_beer_0.9999701.jpg,ood_wild,val
imagenet-o_1365,heat_sink_0.99484813.jpg,ood_wild,train
imagenet-o_1366,air_conditioner_air_conditioning_0.99925655.jpg,ood_wild,train
imagenet-o_1367,plug_male_plug_0.99703014.jpg,ood_wild,val
imagenet-o_1368,wrinkle_furrow_crease_crinkle_seam_line_0.99770325.jpg,ood_wild,train
imagenet-o_1369,cleaning_pad_0.99911827.jpg,ood_wild,val
imagenet-o_1370,sprocket_sprocket_wheel_0.9873469.jpg,ood_wild,train
imagenet-o_1371,paintbox_0.996949.jpg,ood_wild,train
imagenet-o_1372,baby_shoe_0.9951119.jpg,ood_wild,train
imagenet-o_1373,honey_bun_sticky_bun_caramel_bun_schnecken_0.9993445.jpg,ood_wild,train
imagenet-o_1374,cellophane_0.9936645.jpg,ood_wild,val
imagenet-o_1375,argyle_argyll_0.99998033.jpg,ood_wild,train
imagenet-o_1376,angelfish_0.99775153.jpg,ood_wild,train
imagenet-o_1377,earplug_0.9878144.jpg,ood_wild,train
imagenet-o_1378,tooth_0.99992406.jpg,ood_wild,train
imagenet-o_1379,American_maidenhair_fern_five-fingered_maidenhair_fern_Adiantum_pedatum_0.99614966.jpg,ood_wild,train
imagenet-o_1380,brace_0.9997396.jpg,ood_wild,train
imagenet-o_1381,broad_bean_horse_bean_0.9874556.jpg,ood_wild,train
imagenet-o_1382,wafer_0.99996173.jpg,ood_wild,val
imagenet-o_1383,tomato_sauce_0.99663687.jpg,ood_wild,train
imagenet-o_1384,auger_gimlet_screw_auger_wimble_0.9978523.jpg,ood_wild,train
imagenet-o_1385,after-shave_after-shave_lotion_0.9976815.jpg,ood_wild,train
imagenet-o_1386,sunbonnet_0.99985623.jpg,ood_wild,val
imagenet-o_1387,jam_0.9988355.jpg,ood_wild,train
imagenet-o_1388,canopic_jar_canopic_vase_0.9945029.jpg,ood_wild,train
imagenet-o_1389,plate_collection_plate_0.999995.jpg,ood_wild,train
imagenet-o_1390,yellow_squash_0.9996587.jpg,ood_wild,train
imagenet-o_1391,bungee_bungee_cord_0.9435766.jpg,ood_wild,train
imagenet-o_1392,juniper_berry_0.9888755.jpg,ood_wild,train
imagenet-o_1393,rattail_cactus_rat's-tail_cactus_Aporocactus_flagelliformis_0.998326.jpg,ood_wild,train
imagenet-o_1394,tachometer_tach_0.99083215.jpg,ood_wild,train
imagenet-o_1395,swordtail_helleri_topminnow_Xyphophorus_helleri_0.99978024.jpg,ood_wild,val
imagenet-o_1396,reaction-propulsion_engine_reaction_engine_0.987507.jpg,ood_wild,train
imagenet-o_1397,vest_waistcoat_0.9961689.jpg,ood_wild,train
imagenet-o_1398,Sno-cat_0.9997477.jpg,ood_wild,train
imagenet-o_1399,folder_0.9984365.jpg,ood_wild,train
imagenet-o_1400,rolling_pin_0.99978834.jpg,ood_wild,train
imagenet-o_1401,indigo_0.9878318.jpg,ood_wild,val
imagenet-o_1402,reliquary_0.9992964.jpg,ood_wild,train
imagenet-o_1403,sperm_whale_cachalot_black_whale_Physeter_catodon_0.9998623.jpg,ood_wild,val
imagenet-o_1404,cypress_vine_star-glory_Indian_pink_Ipomoea_quamoclit_Quamoclit_pennata_0.99991226.jpg,ood_wild,train
imagenet-o_1405,water_0.999634.jpg,ood_wild,val
imagenet-o_1406,impeller_0.9957015.jpg,ood_wild,train
imagenet-o_1407,sand_dollar_0.99979705.jpg,ood_wild,train
imagenet-o_1408,case_display_case_showcase_vitrine_0.9927654.jpg,ood_wild,val
imagenet-o_1409,dusty_miller_Senecio_cineraria_Cineraria_maritima_0.9763158.jpg,ood_wild,train
imagenet-o_1410,aisle_0.9961922.jpg,ood_wild,val
imagenet-o_1411,pinata_0.99963367.jpg,ood_wild,train
imagenet-o_1412,Guinness_0.96829903.jpg,ood_wild,train
imagenet-o_1413,ball_game_ballgame_0.99202275.jpg,ood_wild,train
imagenet-o_1414,telephone_receiver_receiver_0.99981624.jpg,ood_wild,train
imagenet-o_1415,hang_glider_0.99985695.jpg,ood_wild,train
imagenet-o_1416,banner_streamer_0.99871886.jpg,ood_wild,train
imagenet-o_1417,suede_cloth_suede_0.9926635.jpg,ood_wild,train
imagenet-o_1418,dental_implant_0.9944031.jpg,ood_wild,train
imagenet-o_1419,mosaic_0.9976674.jpg,ood_wild,train
imagenet-o_1420,worsted_0.999592.jpg,ood_wild,val
imagenet-o_1421,knife_0.99871457.jpg,ood_wild,train
imagenet-o_1422,baby_0.9982553.jpg,ood_wild,train
imagenet-o_1423,crapaud_South_American_bullfrog_Leptodactylus_pentadactylus_0.99993014.jpg,ood_wild,train
imagenet-o_1424,spirula_Spirula_peronii_0.9959281.jpg,ood_wild,val
imagenet-o_1425,Venn_diagram_Venn's_diagram_0.995507.jpg,ood_wild,train
imagenet-o_1426,goggles_0.9988894.jpg,ood_wild,train
imagenet-o_1427,bowling_shoe_0.9992994.jpg,ood_wild,train
imagenet-o_1428,lookout_observation_tower_lookout_station_observatory_0.9992861.jpg,ood_wild,train
imagenet-o_1429,adobe_adobe_brick_0.9999962.jpg,ood_wild,train
imagenet-o_1430,whiskey_sour_whisky_sour_0.9940719.jpg,ood_wild,train
imagenet-o_1431,sedum_0.9978058.jpg,ood_wild,train
imagenet-o_1432,queen_mother_0.9999442.jpg,ood_wild,val
imagenet-o_1433,triangle_trigon_trilateral_0.9991967.jpg,ood_wild,train
imagenet-o_1434,adhesive_bandage_0.9997788.jpg,ood_wild,train
imagenet-o_1435,roller_0.9991352.jpg,ood_wild,train
imagenet-o_1436,handsaw_hand_saw_carpenter's_saw_0.9999323.jpg,ood_wild,train
imagenet-o_1437,boarfish_Capros_aper_0.99399817.jpg,ood_wild,train
imagenet-o_1438,mixer_0.9992785.jpg,ood_wild,train
imagenet-o_1439,drapery_0.99634105.jpg,ood_wild,train
imagenet-o_1440,Stropharia_rugoso-annulata_0.99568605.jpg,ood_wild,train
imagenet-o_1441,concave_polyhedron_0.9959298.jpg,ood_wild,train
imagenet-o_1442,stained-glass_window_0.99911314.jpg,ood_wild,train
imagenet-o_1443,alarm_warning_device_alarm_system_0.99916124.jpg,ood_wild,train
imagenet-o_1444,aphelion_0.99667406.jpg,ood_wild,train
imagenet-o_1445,monkey_puzzle_chile_pine_Araucaria_araucana_0.9998714.jpg,ood_wild,train
imagenet-o_1446,imprint_0.997603.jpg,ood_wild,train
imagenet-o_1447,fire_0.9858898.jpg,ood_wild,train
imagenet-o_1448,hotel-casino_casino-hotel_0.9997923.jpg,ood_wild,train
imagenet-o_1449,Galloway_0.9983662.jpg,ood_wild,val
imagenet-o_1450,condominium_condo_0.99983084.jpg,ood_wild,train
imagenet-o_1451,veld_veldt_0.99923205.jpg,ood_wild,train
imagenet-o_1452,rust_rust_fungus_0.98760986.jpg,ood_wild,train
imagenet-o_1453,soap_dish_0.99895275.jpg,ood_wild,train
imagenet-o_1454,minute_hand_big_hand_0.9992575.jpg,ood_wild,train
imagenet-o_1455,sleigh_bell_cascabel_0.9974185.jpg,ood_wild,train
imagenet-o_1456,mussel_0.96564007.jpg,ood_wild,train
imagenet-o_1457,arabesque_0.9976878.jpg,ood_wild,train
imagenet-o_1458,garden_angelica_archangel_Angelica_Archangelica_0.99889034.jpg,ood_wild,val
imagenet-o_1459,doorbell_bell_buzzer_0.9858723.jpg,ood_wild,train
imagenet-o_1460,colander_cullender_0.9985739.jpg,ood_wild,train
imagenet-o_1461,bowling_ball_bowl_0.9939203.jpg,ood_wild,train
imagenet-o_1462,connection_connexion_connector_connecter_connective_0.9998202.jpg,ood_wild,train
imagenet-o_1463,baguet_baguette_0.9987031.jpg,ood_wild,train
imagenet-o_1464,casket_jewel_casket_0.9981008.jpg,ood_wild,train
imagenet-o_1465,backgammon_board_0.9865346.jpg,ood_wild,val
imagenet-o_1466,bullhorn_loud_hailer_loud-hailer_0.9995369.jpg,ood_wild,train
imagenet-o_1467,weatherglass_0.9991394.jpg,ood_wild,train
imagenet-o_1468,armlet_arm_band_0.9903216.jpg,ood_wild,val
imagenet-o_1469,avocado_avocado_tree_Persea_Americana_0.9750556.jpg,ood_wild,train
imagenet-o_1470,candy_confect_0.99352795.jpg,ood_wild,val
imagenet-o_1471,spice_0.9960334.jpg,ood_wild,train
imagenet-o_1472,clown_buffoon_0.9998591.jpg,ood_wild,train
imagenet-o_1473,shaving_brush_0.99971575.jpg,ood_wild,train
imagenet-o_1474,paper_0.99870634.jpg,ood_wild,train
imagenet-o_1475,rayon_0.9890276.jpg,ood_wild,val
imagenet-o_1476,dish_0.9954666.jpg,ood_wild,train
imagenet-o_1477,split_rail_fence_rail_0.99987984.jpg,ood_wild,train
imagenet-o_1478,eukaryote_eucaryote_0.9903066.jpg,ood_wild,train
imagenet-o_1479,egg_eggs_0.99789655.jpg,ood_wild,train
imagenet-o_1480,Easter_egg_0.9937494.jpg,ood_wild,train
imagenet-o_1481,portable_circular_saw_portable_saw_0.9054985.jpg,ood_wild,train
imagenet-o_1482,beard_lichen_beard_moss_Usnea_barbata_0.9936021.jpg,ood_wild,train
imagenet-o_1483,mouthpiece_gumshield_0.979916.jpg,ood_wild,train
imagenet-o_1484,panty_girdle_0.9997009.jpg,ood_wild,train
imagenet-o_1485,cemetery_graveyard_burial_site_burial_ground_burying_ground_memorial_park_necropolis_0.99993145.jpg,ood_wild,train
imagenet-o_1486,echinocactus_barrel_cactus_0.9917922.jpg,ood_wild,train
imagenet-o_1487,tea_cart_teacart_tea_trolley_tea_wagon_0.99992.jpg,ood_wild,val
imagenet-o_1488,sounder_0.99987614.jpg,ood_wild,train
imagenet-o_1489,maul_sledge_sledgehammer_0.99346775.jpg,ood_wild,train
imagenet-o_1490,fieldwork_0.9940048.jpg,ood_wild,train
imagenet-o_1491,heart_0.9968406.jpg,ood_wild,val
imagenet-o_1492,baseball_bat_lumber_0.9986206.jpg,ood_wild,train
imagenet-o_1493,stall_0.99843365.jpg,ood_wild,train
imagenet-o_1494,butty_0.9994716.jpg,ood_wild,train
imagenet-o_1495,shuffleboard_shovelboard_0.9977458.jpg,ood_wild,train
imagenet-o_1496,nan_naan_0.99995196.jpg,ood_wild,train
imagenet-o_1497,bin_0.9473619.jpg,ood_wild,val
imagenet-o_1498,headscarf_0.99691904.jpg,ood_wild,train
imagenet-o_1499,rockfish_0.9931846.jpg,ood_wild,val
imagenet-o_1500,hand_luggage_0.99723023.jpg,ood_wild,train
imagenet-o_1501,magnetic_needle_0.99840444.jpg,ood_wild,train
imagenet-o_1502,cinnabar_cinnabar_moth_Callimorpha_jacobeae_0.9999832.jpg,ood_wild,train
imagenet-o_1503,Yorkshire_pudding_0.97522175.jpg,ood_wild,train
imagenet-o_1504,stoup_stoop_0.99989676.jpg,ood_wild,train
imagenet-o_1505,roulette_wheel_wheel_0.9998173.jpg,ood_wild,train
imagenet-o_1506,finger_plate_escutcheon_scutcheon_0.9981304.jpg,ood_wild,train
imagenet-o_1507,brace_and_bit_0.9997106.jpg,ood_wild,train
imagenet-o_1508,schoolbag_0.99998796.jpg,ood_wild,train
imagenet-o_1509,handstamp_rubber_stamp_0.99943584.jpg,ood_wild,train
imagenet-o_1510,coal_seam_0.99976426.jpg,ood_wild,train
imagenet-o_1511,print_0.99995506.jpg,ood_wild,train
imagenet-o_1512,column_pillar_0.9824341.jpg,ood_wild,train
imagenet-o_1513,drill_rig_drilling_rig_oilrig_oil_rig_0.99755645.jpg,ood_wild,train
imagenet-o_1514,raspberry_raspberry_bush_0.988442.jpg,ood_wild,train
imagenet-o_1515,interplanetary_space_0.99840873.jpg,ood_wild,train
imagenet-o_1516,pegboard_0.9956097.jpg,ood_wild,train
imagenet-o_1517,onion_0.99881625.jpg,ood_wild,val
imagenet-o_1518,cultivator_tiller_0.9997062.jpg,ood_wild,train
imagenet-o_1519,bullet_slug_0.9987884.jpg,ood_wild,train
imagenet-o_1520,chaise_longue_chaise_daybed_0.9999312.jpg,ood_wild,train
imagenet-o_1521,incubator_brooder_0.9878769.jpg,ood_wild,val
imagenet-o_1522,clapperboard_0.99411523.jpg,ood_wild,val
imagenet-o_1523,attenuator_0.99242896.jpg,ood_wild,val
imagenet-o_1524,bow_bowknot_0.97362477.jpg,ood_wild,train
imagenet-o_1525,sprinkler_0.9988543.jpg,ood_wild,train
imagenet-o_1526,shoulder_patch_0.9946725.jpg,ood_wild,val
imagenet-o_1527,dildo_0.99996626.jpg,ood_wild,train
imagenet-o_1528,earplug_0.9368293.jpg,ood_wild,train
imagenet-o_1529,brake_lining_0.9995154.jpg,ood_wild,val
imagenet-o_1530,alternator_0.9928115.jpg,ood_wild,train
imagenet-o_1531,blender_liquidizer_liquidiser_0.9987116.jpg,ood_wild,val
imagenet-o_1532,bunk_0.9977192.jpg,ood_wild,train
imagenet-o_1533,censor_0.99871254.jpg,ood_wild,train
imagenet-o_1534,Dumpy_level_0.99881303.jpg,ood_wild,train
imagenet-o_1535,photosphere_0.98409915.jpg,ood_wild,val
imagenet-o_1536,calligrapher_calligraphist_0.9998136.jpg,ood_wild,train
imagenet-o_1537,crochet_needle_crochet_hook_0.99159735.jpg,ood_wild,train
imagenet-o_1538,earplug_0.9996238.jpg,ood_wild,train
imagenet-o_1539,ragweed_pollen_0.99993825.jpg,ood_wild,train
imagenet-o_1540,cannelloni_0.99728334.jpg,ood_wild,train
imagenet-o_1541,washboard_splashboard_0.98451185.jpg,ood_wild,train
imagenet-o_1542,gable_gable_end_gable_wall_0.9999286.jpg,ood_wild,train
imagenet-o_1543,lattice_latticework_fretwork_0.9959875.jpg,ood_wild,val
imagenet-o_1544,gefilte_fish_fish_ball_0.9971717.jpg,ood_wild,train
imagenet-o_1545,soapbox_0.9950069.jpg,ood_wild,val
imagenet-o_1546,keyhole_0.99833494.jpg,ood_wild,train
imagenet-o_1547,swatter_flyswatter_flyswat_0.99123585.jpg,ood_wild,train
imagenet-o_1548,spectacles_specs_eyeglasses_glasses_0.9983948.jpg,ood_wild,train
imagenet-o_1549,laser_optical_maser_0.9992149.jpg,ood_wild,train
imagenet-o_1550,American_red_plum_August_plum_goose_plum_Prunus_americana_0.9980823.jpg,ood_wild,train
imagenet-o_1551,headstock_0.99957544.jpg,ood_wild,val
imagenet-o_1552,bowling_ball_bowl_0.99639314.jpg,ood_wild,val
imagenet-o_1553,almond_0.99760604.jpg,ood_wild,train
imagenet-o_1554,American_wistaria_American_wisteria_Wisteria_frutescens_0.99582773.jpg,ood_wild,val
imagenet-o_1555,rabbitfish_Chimaera_monstrosa_0.9998951.jpg,ood_wild,val
imagenet-o_1556,billiard_ball_0.99917763.jpg,ood_wild,train
imagenet-o_1557,graining_woodgraining_0.9996953.jpg,ood_wild,train
imagenet-o_1558,battle_cruiser_0.99857974.jpg,ood_wild,train
imagenet-o_1559,rhinoceros_rhino_0.99931765.jpg,ood_wild,train
imagenet-o_1560,herb_herbaceous_plant_0.9991085.jpg,ood_wild,val
imagenet-o_1561,stool_0.9978802.jpg,ood_wild,val
imagenet-o_1562,fencing_mask_fencer's_mask_0.99998033.jpg,ood_wild,train
imagenet-o_1563,common_duckweed_lesser_duckweed_Lemna_minor_0.9785459.jpg,ood_wild,train
imagenet-o_1564,ascent_acclivity_rise_raise_climb_upgrade_0.9999528.jpg,ood_wild,train
imagenet-o_1565,American_raspberry_Rubus_strigosus_Rubus_idaeus_strigosus_0.9905448.jpg,ood_wild,train
imagenet-o_1566,avocado_alligator_pear_avocado_pear_aguacate_0.96393293.jpg,ood_wild,train
imagenet-o_1567,asterism_0.9985695.jpg,ood_wild,train
imagenet-o_1568,circle_0.9961255.jpg,ood_wild,val
imagenet-o_1569,porthole_0.9973169.jpg,ood_wild,train
imagenet-o_1570,litchi_litchi_nut_litchee_lichi_leechee_lichee_lychee_0.99931705.jpg,ood_wild,val
imagenet-o_1571,blastocyst_blastodermic_vessicle_0.9912776.jpg,ood_wild,train
imagenet-o_1572,tack_0.9999962.jpg,ood_wild,train
imagenet-o_1573,diverging_lens_concave_lens_0.99806017.jpg,ood_wild,train
imagenet-o_1574,cowberry_mountain_cranberry_lingonberry_lingenberry_lingberry_foxberry_Vaccinium_vitis-idaea_0.97824174.jpg,ood_wild,train
imagenet-o_1575,strawberry_tree_Irish_strawberry_Arbutus_unedo_0.99756503.jpg,ood_wild,train
imagenet-o_1576,window_0.99998057.jpg,ood_wild,val
imagenet-o_1577,savoy_cabbage_savoy_0.99356115.jpg,ood_wild,train
imagenet-o_1578,flashlight_battery_0.99973553.jpg,ood_wild,train
imagenet-o_1579,scouring_pad_0.9992095.jpg,ood_wild,train
imagenet-o_1580,centrifugal_pump_0.99281776.jpg,ood_wild,train
imagenet-o_1581,shell_0.9998945.jpg,ood_wild,train
imagenet-o_1582,capacitor_capacitance_condenser_electrical_condenser_0.9985997.jpg,ood_wild,val
imagenet-o_1583,push_button_push_button_0.98048073.jpg,ood_wild,train
imagenet-o_1584,net_network_mesh_meshing_meshwork_0.99702805.jpg,ood_wild,val
imagenet-o_1585,jukebox_nickelodeon_0.9999548.jpg,ood_wild,val
imagenet-o_1586,diode_semiconductor_diode_junction_rectifier_crystal_rectifier_0.9999951.jpg,ood_wild,train
imagenet-o_1587,casino_gambling_casino_0.9998548.jpg,ood_wild,train
imagenet-o_1588,surge_suppressor_surge_protector_spike_suppressor_spike_arrester_lightning_arrester_0.99489105.jpg,ood_wild,train
imagenet-o_1589,microprocessor_0.9962651.jpg,ood_wild,train
imagenet-o_1590,pentagon_0.9958774.jpg,ood_wild,train
imagenet-o_1591,okra_0.9809595.jpg,ood_wild,train
imagenet-o_1592,Blackburn_Blackburnian_warbler_Dendroica_fusca_0.99973696.jpg,ood_wild,val
imagenet-o_1593,steelyard_lever_scale_beam_scale_0.9890961.jpg,ood_wild,train
imagenet-o_1594,dress_hat_high_hat_opera_hat_silk_hat_stovepipe_top_hat_topper_beaver_0.99991965.jpg,ood_wild,train
imagenet-o_1595,shotgun_shell_0.9490726.jpg,ood_wild,val
imagenet-o_1596,pier_glass_pier_mirror_0.9975183.jpg,ood_wild,train
imagenet-o_1597,punt_0.99997914.jpg,ood_wild,train
imagenet-o_1598,green_greenness_viridity_0.96560436.jpg,ood_wild,train
imagenet-o_1599,coil_spring_volute_spring_0.99918336.jpg,ood_wild,train
imagenet-o_1600,thumb_0.9996556.jpg,ood_wild,train
imagenet-o_1601,generator_0.98950505.jpg,ood_wild,train
imagenet-o_1602,woolly_mammoth_northern_mammoth_Mammuthus_primigenius_0.999966.jpg,ood_wild,train
imagenet-o_1603,plate_scale_shell_0.9788567.jpg,ood_wild,train
imagenet-o_1604,chichipe_Lemaireocereus_chichipe_0.98974705.jpg,ood_wild,train
imagenet-o_1605,foundation_garment_foundation_0.99996674.jpg,ood_wild,train
imagenet-o_1606,blister_pack_bubble_pack_0.98346186.jpg,ood_wild,train
imagenet-o_1607,tongs_pair_of_tongs_0.9366345.jpg,ood_wild,train
imagenet-o_1608,curling_iron_0.9882669.jpg,ood_wild,train
imagenet-o_1609,nougat_0.99887747.jpg,ood_wild,train
imagenet-o_1610,proscenium_proscenium_wall_0.99950314.jpg,ood_wild,train
imagenet-o_1611,barbados_cherry_acerola_Surinam_cherry_West_Indian_cherry_Malpighia_glabra_0.98857135.jpg,ood_wild,val
imagenet-o_1612,seat_0.9999318.jpg,ood_wild,train
imagenet-o_1613,beanbag_0.99838984.jpg,ood_wild,train
imagenet-o_1614,flea_market_0.9997801.jpg,ood_wild,train
imagenet-o_1615,circlet_0.9990282.jpg,ood_wild,train
imagenet-o_1616,printer_cable_0.99673945.jpg,ood_wild,train
imagenet-o_1617,toiletry_toilet_articles_0.999493.jpg,ood_wild,train
imagenet-o_1618,aerialist_0.9992687.jpg,ood_wild,train
imagenet-o_1619,mold_mould_0.99936897.jpg,ood_wild,train
imagenet-o_1620,banner_streamer_0.9802184.jpg,ood_wild,train
imagenet-o_1621,wild_mango_dika_wild_mango_tree_Irvingia_gabonensis_0.9811198.jpg,ood_wild,train
imagenet-o_1622,tetrahedron_0.9814191.jpg,ood_wild,train
imagenet-o_1623,slot_machine_coin_machine_0.9998294.jpg,ood_wild,train
imagenet-o_1624,toothbrush_0.9921187.jpg,ood_wild,train
imagenet-o_1625,mount_setting_0.9994361.jpg,ood_wild,train
imagenet-o_1626,capacitor_capacitance_condenser_electrical_condenser_0.9999548.jpg,ood_wild,train
imagenet-o_1627,fabric_cloth_material_textile_0.999966.jpg,ood_wild,train
imagenet-o_1628,vise_bench_vise_0.9961994.jpg,ood_wild,train
imagenet-o_1629,dais_podium_pulpit_rostrum_ambo_stump_soapbox_0.999949.jpg,ood_wild,train
imagenet-o_1630,radiator_0.99916255.jpg,ood_wild,train
imagenet-o_1631,garlic_ail_0.9918217.jpg,ood_wild,train
imagenet-o_1632,vibrator_0.993131.jpg,ood_wild,train
imagenet-o_1633,vest_pocket_0.9995721.jpg,ood_wild,train
imagenet-o_1634,cane_sugar_0.9998665.jpg,ood_wild,val
imagenet-o_1635,clergyman_reverend_man_of_the_cloth_0.99927074.jpg,ood_wild,val
imagenet-o_1636,empty_0.9882274.jpg,ood_wild,train
imagenet-o_1637,cattle_egret_Bubulcus_ibis_0.9999479.jpg,ood_wild,train
imagenet-o_1638,brassie_0.9987.jpg,ood_wild,train
imagenet-o_1639,horse_racing_0.99826306.jpg,ood_wild,train
imagenet-o_1640,puff_paste_pate_feuillete_0.99905735.jpg,ood_wild,val
imagenet-o_1641,bushing_cylindrical_lining_0.9998485.jpg,ood_wild,val
imagenet-o_1642,light-emitting_diode_LED_0.96615815.jpg,ood_wild,train
imagenet-o_1643,cheeseboard_cheese_tray_0.9997763.jpg,ood_wild,train
imagenet-o_1644,block_cube_0.99904233.jpg,ood_wild,train
imagenet-o_1645,jalapeno_jalapeno_pepper_0.9971819.jpg,ood_wild,train
imagenet-o_1646,congress_boot_congress_shoe_congress_gaiter_0.9999833.jpg,ood_wild,train
imagenet-o_1647,mouthpiece_embouchure_0.9928231.jpg,ood_wild,train
imagenet-o_1648,porthole_0.99812144.jpg,ood_wild,train
imagenet-o_1649,atomizer_atomiser_spray_sprayer_nebulizer_nebuliser_0.9994791.jpg,ood_wild,train
imagenet-o_1650,cassia_bark_Chinese_cinnamon_0.97945786.jpg,ood_wild,train
imagenet-o_1651,photosphere_0.9639058.jpg,ood_wild,train
imagenet-o_1652,cog_sprocket_0.974624.jpg,ood_wild,train
imagenet-o_1653,berth_bunk_built_in_bed_0.9835224.jpg,ood_wild,val
imagenet-o_1654,noseband_nosepiece_0.9983529.jpg,ood_wild,train
imagenet-o_1655,wick_taper_0.95009786.jpg,ood_wild,train
imagenet-o_1656,android_humanoid_mechanical_man_0.97393984.jpg,ood_wild,train
imagenet-o_1657,firebox_0.99748445.jpg,ood_wild,train
imagenet-o_1658,wheel_0.9892932.jpg,ood_wild,val
imagenet-o_1659,kitchenware_0.98344004.jpg,ood_wild,val
imagenet-o_1660,pipe_tube_0.9977952.jpg,ood_wild,train
imagenet-o_1661,parhelion_mock_sun_sundog_0.9994036.jpg,ood_wild,train
imagenet-o_1662,brown_rice_0.9997831.jpg,ood_wild,train
imagenet-o_1663,attenuator_0.98216486.jpg,ood_wild,train
imagenet-o_1664,stair-carpet_0.999323.jpg,ood_wild,train
imagenet-o_1665,fish_stick_fish_finger_0.99928254.jpg,ood_wild,train
imagenet-o_1666,file_folder_0.98593116.jpg,ood_wild,train
imagenet-o_1667,Muslimah_0.9852444.jpg,ood_wild,train
imagenet-o_1668,cellophane_0.99987984.jpg,ood_wild,val
imagenet-o_1669,cog_0.9962845.jpg,ood_wild,train
imagenet-o_1670,printed_circuit_0.9999769.jpg,ood_wild,val
imagenet-o_1671,chamberpot_potty_thunder_mug_0.9999622.jpg,ood_wild,train
imagenet-o_1672,ancient_0.9982815.jpg,ood_wild,train
imagenet-o_1673,Australian_sea_lion_Zalophus_lobatus_0.9999602.jpg,ood_wild,train
imagenet-o_1674,safety_razor_0.9900413.jpg,ood_wild,train
imagenet-o_1675,flame_fish_flamefish_Apogon_maculatus_0.99478614.jpg,ood_wild,val
imagenet-o_1676,queen_0.99926966.jpg,ood_wild,train
imagenet-o_1677,protozoan_protozoon_0.95516926.jpg,ood_wild,train
imagenet-o_1678,cog_sprocket_0.95039564.jpg,ood_wild,train
imagenet-o_1679,shotgun_shell_0.9998524.jpg,ood_wild,train
imagenet-o_1680,Surinam_cherry_pitanga_Eugenia_uniflora_0.99762315.jpg,ood_wild,train
imagenet-o_1681,memory_computer_memory_storage_computer_storage_store_memory_board_0.9986541.jpg,ood_wild,train
imagenet-o_1682,bowling_ball_bowl_0.9989214.jpg,ood_wild,train
imagenet-o_1683,pistil_0.9993611.jpg,ood_wild,train
imagenet-o_1684,visiting_professor_0.9946169.jpg,ood_wild,train
imagenet-o_1685,acarus_genus_Acarus_0.9997265.jpg,ood_wild,train
imagenet-o_1686,cashew_cashew_tree_Anacardium_occidentale_0.9987571.jpg,ood_wild,train
imagenet-o_1687,locket_0.99272984.jpg,ood_wild,train
imagenet-o_1688,RAM_disk_0.9961515.jpg,ood_wild,val
imagenet-o_1689,tamp_tamper_tamping_bar_0.9946385.jpg,ood_wild,train
imagenet-o_1690,wing_nut_wing-nut_wing_screw_butterfly_nut_thumbnut_0.98403025.jpg,ood_wild,val
imagenet-o_1691,chocolate_mousse_0.9945062.jpg,ood_wild,train
imagenet-o_1692,control_controller_0.9978752.jpg,ood_wild,val
imagenet-o_1693,servo_servomechanism_servosystem_0.9882483.jpg,ood_wild,train
imagenet-o_1694,fifth_wheel_spare_0.99859077.jpg,ood_wild,train
imagenet-o_1695,flatcar_flatbed_flat_0.9945931.jpg,ood_wild,train
imagenet-o_1696,graffito_graffiti_0.9838568.jpg,ood_wild,train
imagenet-o_1697,nut_0.9939069.jpg,ood_wild,train
imagenet-o_1698,sky_0.9991868.jpg,ood_wild,train
imagenet-o_1699,DIP_switch_dual_inline_package_switch_0.9987239.jpg,ood_wild,train
imagenet-o_1700,olive_drab_0.9977106.jpg,ood_wild,train
imagenet-o_1701,pastry_pastry_dough_0.9999937.jpg,ood_wild,train
imagenet-o_1702,love-in-a-mist_Nigella_damascena_0.997997.jpg,ood_wild,train
imagenet-o_1703,dark_red_0.9924845.jpg,ood_wild,train
imagenet-o_1704,bug_0.99997497.jpg,ood_wild,val
imagenet-o_1705,cage_coop_0.9998604.jpg,ood_wild,train
imagenet-o_1706,cloche_0.9999254.jpg,ood_wild,train
imagenet-o_1707,bobbin_spool_reel_0.9998312.jpg,ood_wild,train
imagenet-o_1708,hand_luggage_0.9964734.jpg,ood_wild,train
imagenet-o_1709,Galilean_telescope_0.9965713.jpg,ood_wild,train
imagenet-o_1710,extension_cord_0.9901889.jpg,ood_wild,val
imagenet-o_1711,atom_bomb_atomic_bomb_A-bomb_fission_bomb_plutonium_bomb_0.9976422.jpg,ood_wild,train
imagenet-o_1712,paint_pigment_0.99983203.jpg,ood_wild,train
imagenet-o_1713,swastika_Hakenkreuz_0.9926293.jpg,ood_wild,train
imagenet-o_1714,frieze_0.99733186.jpg,ood_wild,train
imagenet-o_1715,queen_0.9999243.jpg,ood_wild,train
imagenet-o_1716,armhole_0.999974.jpg,ood_wild,val
imagenet-o_1717,star_0.9996499.jpg,ood_wild,train
imagenet-o_1718,ring_halo_annulus_doughnut_anchor_ring_0.99067605.jpg,ood_wild,val
imagenet-o_1719,circle_round_0.91138035.jpg,ood_wild,train
imagenet-o_1720,tambourine_0.9999509.jpg,ood_wild,train
imagenet-o_1721,hydrogen_bomb_H-bomb_fusion_bomb_thermonuclear_bomb_0.9994991.jpg,ood_wild,train
imagenet-o_1722,motor_0.98313415.jpg,ood_wild,val
imagenet-o_1723,groundsheet_ground_cloth_0.9990687.jpg,ood_wild,val
imagenet-o_1724,optical_instrument_0.9983467.jpg,ood_wild,train
imagenet-o_1725,toiletry_toilet_articles_0.975438.jpg,ood_wild,train
imagenet-o_1726,O_ring_0.9967505.jpg,ood_wild,train
imagenet-o_1727,bell_0.99955755.jpg,ood_wild,train
imagenet-o_1728,angelica_angelique_0.9993291.jpg,ood_wild,train
imagenet-o_1729,cookie_sheet_baking_tray_0.998235.jpg,ood_wild,train
imagenet-o_1730,cog_sprocket_0.999008.jpg,ood_wild,train
imagenet-o_1731,buffet_0.99997485.jpg,ood_wild,train
imagenet-o_1732,coupling_coupler_0.9998965.jpg,ood_wild,train
imagenet-o_1733,barrel_cactus_0.99928683.jpg,ood_wild,train
imagenet-o_1734,supercomputer_0.99319357.jpg,ood_wild,train
imagenet-o_1735,water_faucet_water_tap_tap_hydrant_0.99497664.jpg,ood_wild,val
imagenet-o_1736,dulcimer_0.99961936.jpg,ood_wild,train
imagenet-o_1737,tank_storage_tank_0.9999839.jpg,ood_wild,train
imagenet-o_1738,angle_of_refraction_0.99071926.jpg,ood_wild,val
imagenet-o_1739,cowpea_black-eyed_pea_0.9831094.jpg,ood_wild,train
imagenet-o_1740,compote_fruit_compote_0.99965215.jpg,ood_wild,train
imagenet-o_1741,driver_number_one_wood_0.96094745.jpg,ood_wild,train
imagenet-o_1742,damselfish_demoiselle_0.99999595.jpg,ood_wild,train
imagenet-o_1743,pipefitting_pipe_fitting_0.99981827.jpg,ood_wild,train
imagenet-o_1744,card_table_0.9997706.jpg,ood_wild,train
imagenet-o_1745,chipboard_hardboard_0.9997911.jpg,ood_wild,val
imagenet-o_1746,shoulder_pad_0.9999753.jpg,ood_wild,train
imagenet-o_1747,float_plasterer's_float_0.9997501.jpg,ood_wild,train
imagenet-o_1748,wagon_coaster_wagon_0.9931646.jpg,ood_wild,train
imagenet-o_1749,balance_equilibrium_equipoise_counterbalance_0.9995179.jpg,ood_wild,train
imagenet-o_1750,mail_train_0.9955264.jpg,ood_wild,val
imagenet-o_1751,slime_mold_slime_mould_0.99940026.jpg,ood_wild,train
imagenet-o_1752,Unknown_Soldier_0.9994766.jpg,ood_wild,train
imagenet-o_1753,trapezohedron_0.9982664.jpg,ood_wild,train
imagenet-o_1754,turnip_white_turnip_Brassica_rapa_0.996351.jpg,ood_wild,train
imagenet-o_1755,peach_peach_tree_Prunus_persica_0.992423.jpg,ood_wild,train
imagenet-o_1756,Marburg_virus_0.99870455.jpg,ood_wild,val
imagenet-o_1757,table_saw_0.99402547.jpg,ood_wild,val
imagenet-o_1758,capsule_0.99279505.jpg,ood_wild,train
imagenet-o_1759,chip_poker_chip_0.9969229.jpg,ood_wild,train
imagenet-o_1760,benthos_0.9994893.jpg,ood_wild,val
imagenet-o_1761,electronic_balance_0.9991997.jpg,ood_wild,val
imagenet-o_1762,pear_0.97505945.jpg,ood_wild,train
imagenet-o_1763,stadium_bowl_arena_sports_stadium_0.9998338.jpg,ood_wild,train
imagenet-o_1764,coffin_casket_0.9960121.jpg,ood_wild,train
imagenet-o_1765,octopus_devilfish_0.99900645.jpg,ood_wild,train
imagenet-o_1766,smoke_screen_smokescreen_0.9971942.jpg,ood_wild,train
imagenet-o_1767,basement_0.9999163.jpg,ood_wild,train
imagenet-o_1768,oolong_0.9705648.jpg,ood_wild,train
imagenet-o_1769,boiling_water_reactor_BWR_0.999913.jpg,ood_wild,train
imagenet-o_1770,tomato_juice_0.9992124.jpg,ood_wild,val
imagenet-o_1771,strongbox_deedbox_0.99771404.jpg,ood_wild,train
imagenet-o_1772,recliner_reclining_chair_lounger_0.99940825.jpg,ood_wild,val
imagenet-o_1773,pangolin_scaly_anteater_anteater_0.9998398.jpg,ood_wild,train
imagenet-o_1774,compress_0.9980375.jpg,ood_wild,train
imagenet-o_1775,matrix_0.9996221.jpg,ood_wild,train
imagenet-o_1776,kitten_kitty_0.99977654.jpg,ood_wild,train
imagenet-o_1777,Segway_Segway_Human_Transporter_Segway_HT_0.9996823.jpg,ood_wild,val
imagenet-o_1778,flashlight_battery_0.99766636.jpg,ood_wild,train
imagenet-o_1779,gouge_0.99985075.jpg,ood_wild,train
imagenet-o_1780,cheval_glass_0.99480903.jpg,ood_wild,train
imagenet-o_1781,convenience_store_0.99960464.jpg,ood_wild,train
imagenet-o_1782,gumdrop_0.9926351.jpg,ood_wild,val
imagenet-o_1783,truss_0.9953614.jpg,ood_wild,train
imagenet-o_1784,binding_book_binding_cover_back_0.9949065.jpg,ood_wild,train
imagenet-o_1785,pentagon_0.9881576.jpg,ood_wild,train
imagenet-o_1786,floor_flooring_0.99456066.jpg,ood_wild,val
imagenet-o_1787,cooling_tower_0.9996879.jpg,ood_wild,train
imagenet-o_1788,tortoise_0.9999702.jpg,ood_wild,train
imagenet-o_1789,marbleization_marbleisation_marbleizing_marbleising_0.9691031.jpg,ood_wild,val
imagenet-o_1790,tabletop_0.9974662.jpg,ood_wild,train
imagenet-o_1791,lion-jaw_forceps_0.99594504.jpg,ood_wild,train
imagenet-o_1792,rose_window_rosette_0.97594064.jpg,ood_wild,train
imagenet-o_1793,indicator_0.9999583.jpg,ood_wild,train
imagenet-o_1794,ethernet_0.99848914.jpg,ood_wild,train
imagenet-o_1795,chamberpot_potty_thunder_mug_0.989151.jpg,ood_wild,val
imagenet-o_1796,cardinal_tetra_Paracheirodon_axelrodi_0.99767953.jpg,ood_wild,train
imagenet-o_1797,candelabrum_candelabra_0.99943167.jpg,ood_wild,train
imagenet-o_1798,peach_0.99511164.jpg,ood_wild,train
imagenet-o_1799,couscous_0.9960478.jpg,ood_wild,train
imagenet-o_1800,single_bed_0.98574775.jpg,ood_wild,train
imagenet-o_1801,fish_and_chips_0.98715055.jpg,ood_wild,train
imagenet-o_1802,counter_tabulator_0.99832004.jpg,ood_wild,train
imagenet-o_1803,jack_0.99975115.jpg,ood_wild,train
imagenet-o_1804,dry_cell_0.9960318.jpg,ood_wild,train
imagenet-o_1805,beluga_hausen_white_sturgeon_Acipenser_huso_0.99998105.jpg,ood_wild,train
imagenet-o_1806,clothes_hamper_laundry_basket_clothes_basket_voider_0.9711023.jpg,ood_wild,train
imagenet-o_1807,bosc_0.95315623.jpg,ood_wild,train
imagenet-o_1808,oil_cake_0.99997187.jpg,ood_wild,train
imagenet-o_1809,key_0.9999145.jpg,ood_wild,val
imagenet-o_1810,ameba_amoeba_0.996968.jpg,ood_wild,val
imagenet-o_1811,telecommunication_telecom_0.99960095.jpg,ood_wild,val
imagenet-o_1812,artillery_shell_0.99923754.jpg,ood_wild,train
imagenet-o_1813,barnacle_cirriped_cirripede_0.99977726.jpg,ood_wild,train
imagenet-o_1814,candy_egg_0.99729973.jpg,ood_wild,val
imagenet-o_1815,scrub_brush_scrubbing_brush_scrubber_0.9965341.jpg,ood_wild,train
imagenet-o_1816,beaugregory_Pomacentrus_leucostictus_0.9996107.jpg,ood_wild,train
imagenet-o_1817,hole_hollow_0.9973519.jpg,ood_wild,train
imagenet-o_1818,baggage_claim_0.92598546.jpg,ood_wild,train
imagenet-o_1819,triggerfish_0.99303085.jpg,ood_wild,train
imagenet-o_1820,theropod_theropod_dinosaur_bird-footed_dinosaur_0.9999713.jpg,ood_wild,val
imagenet-o_1821,gilt_gilding_0.99539965.jpg,ood_wild,train
imagenet-o_1822,weatherman_weather_forecaster_0.99956185.jpg,ood_wild,val
imagenet-o_1823,column_pillar_0.9999529.jpg,ood_wild,train
imagenet-o_1824,baked_Alaska_0.99886465.jpg,ood_wild,train
imagenet-o_1825,quesadilla_0.9999455.jpg,ood_wild,train
imagenet-o_1826,chalk_0.99938345.jpg,ood_wild,train
imagenet-o_1827,scouring_pad_0.9972371.jpg,ood_wild,train
imagenet-o_1828,antiperspirant_0.9995747.jpg,ood_wild,train
imagenet-o_1829,clip_lead_0.9798623.jpg,ood_wild,train
imagenet-o_1830,sconce_0.9979127.jpg,ood_wild,train
imagenet-o_1831,window_frame_0.9994561.jpg,ood_wild,train
imagenet-o_1832,chalk_0.98147005.jpg,ood_wild,val
imagenet-o_1833,doorlock_0.96016276.jpg,ood_wild,train
imagenet-o_1834,cork_bottle_cork_0.98891664.jpg,ood_wild,train
imagenet-o_1835,resort_resort_hotel_holiday_resort_0.9949875.jpg,ood_wild,train
imagenet-o_1836,coriander_Chinese_parsley_cilantro_0.9990221.jpg,ood_wild,train
imagenet-o_1837,cock_of_the_rock_Rupicola_peruviana_0.9983499.jpg,ood_wild,train
imagenet-o_1838,puppeteer_0.99658126.jpg,ood_wild,train
imagenet-o_1839,windshield_windscreen_0.9993987.jpg,ood_wild,train
imagenet-o_1840,target_butt_0.9926964.jpg,ood_wild,train
imagenet-o_1841,wiper_wiper_arm_contact_arm_0.9994147.jpg,ood_wild,train
imagenet-o_1842,surgical_dressing_0.9996557.jpg,ood_wild,train
imagenet-o_1843,pack_0.99960643.jpg,ood_wild,train
imagenet-o_1844,measuring_stick_measure_measuring_rod_0.9851077.jpg,ood_wild,train
imagenet-o_1845,bullion_0.9668813.jpg,ood_wild,train
imagenet-o_1846,architrave_0.99831045.jpg,ood_wild,train
imagenet-o_1847,pylon_0.9997099.jpg,ood_wild,train
imagenet-o_1848,rabbit_ears_0.99921656.jpg,ood_wild,train
imagenet-o_1849,clothespin_clothes_pin_clothes_peg_0.9865882.jpg,ood_wild,train
imagenet-o_1850,ground_floor_first_floor_ground_level_0.9991441.jpg,ood_wild,train
imagenet-o_1851,panic_button_0.99764013.jpg,ood_wild,train
imagenet-o_1852,avocado_alligator_pear_avocado_pear_aguacate_0.975465.jpg,ood_wild,train
imagenet-o_1853,African_oil_palm_Elaeis_guineensis_0.99997365.jpg,ood_wild,train
imagenet-o_1854,lead_pencil_0.9996196.jpg,ood_wild,train
imagenet-o_1855,clevis_0.9976585.jpg,ood_wild,train
imagenet-o_1856,grab_bar_0.9999137.jpg,ood_wild,train
imagenet-o_1857,shotgun_shell_0.9980019.jpg,ood_wild,train
imagenet-o_1858,horn_0.9989613.jpg,ood_wild,val
imagenet-o_1859,cellophane_0.99984133.jpg,ood_wild,train
imagenet-o_1860,Jacob's_ladder_jack_ladder_pilot_ladder_0.9986504.jpg,ood_wild,train
imagenet-o_1861,battle-ax_battle-axe_0.9997433.jpg,ood_wild,train
imagenet-o_1862,granadilla_sweet_granadilla_Passiflora_ligularis_0.9901883.jpg,ood_wild,train
imagenet-o_1863,router_0.9843403.jpg,ood_wild,train
imagenet-o_1864,young_bird_0.99993026.jpg,ood_wild,train
imagenet-o_1865,fried_egg_0.9808425.jpg,ood_wild,val
imagenet-o_1866,troll_0.9476015.jpg,ood_wild,train
imagenet-o_1867,cafeteria_tray_0.9995561.jpg,ood_wild,val
imagenet-o_1868,cube_regular_hexahedron_0.99720603.jpg,ood_wild,train
imagenet-o_1869,oubliette_0.971962.jpg,ood_wild,train
imagenet-o_1870,foundry_metalworks_0.9971365.jpg,ood_wild,train
imagenet-o_1871,burner_0.9965274.jpg,ood_wild,train
imagenet-o_1872,frittata_0.9993449.jpg,ood_wild,val
imagenet-o_1873,crayon_wax_crayon_0.9873827.jpg,ood_wild,train
imagenet-o_1874,rattan_ratan_0.99979156.jpg,ood_wild,train
imagenet-o_1875,CD-R_compact_disc_recordable_CD-WO_compact_disc_write-once_0.9990331.jpg,ood_wild,train
imagenet-o_1876,rambutan_rambotan_rambutan_tree_Nephelium_lappaceum_0.9974861.jpg,ood_wild,train
imagenet-o_1877,ensign_0.9978167.jpg,ood_wild,val
imagenet-o_1878,flashlight_torch_0.9993005.jpg,ood_wild,train
imagenet-o_1879,embellishment_0.9888678.jpg,ood_wild,train
imagenet-o_1880,sage_green_0.9989573.jpg,ood_wild,val
imagenet-o_1881,snuffbox_0.99714124.jpg,ood_wild,train
imagenet-o_1882,salver_0.9875808.jpg,ood_wild,train
imagenet-o_1883,mainframe_mainframe_computer_0.99997604.jpg,ood_wild,train
imagenet-o_1884,leather_strip_0.99390244.jpg,ood_wild,train
imagenet-o_1885,butt_weld_butt-weld_0.982796.jpg,ood_wild,train
imagenet-o_1886,waterspout_0.99695456.jpg,ood_wild,train
imagenet-o_1887,aperture_0.9974074.jpg,ood_wild,val
imagenet-o_1888,bottlenose_dolphin_bottle-nosed_dolphin_bottlenose_0.9999881.jpg,ood_wild,train
imagenet-o_1889,sidecar_0.99966145.jpg,ood_wild,train
imagenet-o_1890,rainbow_0.99935275.jpg,ood_wild,train
imagenet-o_1891,swastika_Hakenkreuz_0.988746.jpg,ood_wild,train
imagenet-o_1892,X-ray_machine_0.99963856.jpg,ood_wild,train
imagenet-o_1893,hedge_trimmer_0.9858503.jpg,ood_wild,train
imagenet-o_1894,hawse_hawsehole_hawsepipe_0.9991949.jpg,ood_wild,val
imagenet-o_1895,wahoo_burning_bush_Euonymus_atropurpureus_0.9973417.jpg,ood_wild,val
imagenet-o_1896,server_host_0.9999089.jpg,ood_wild,train
imagenet-o_1897,architecture_0.9988373.jpg,ood_wild,train
imagenet-o_1898,lancet_window_0.9936752.jpg,ood_wild,train
imagenet-o_1899,convex_polygon_0.99190545.jpg,ood_wild,train
imagenet-o_1900,swab_0.97480243.jpg,ood_wild,train
imagenet-o_1901,stanchion_0.99926025.jpg,ood_wild,train
imagenet-o_1902,comb_0.9999205.jpg,ood_wild,train
imagenet-o_1903,belt_0.9769966.jpg,ood_wild,train
imagenet-o_1904,crosscut_saw_crosscut_handsaw_cutoff_saw_0.99454343.jpg,ood_wild,train
imagenet-o_1905,handcuff_cuff_handlock_manacle_0.99644995.jpg,ood_wild,val
imagenet-o_1906,echinoderm_0.9997055.jpg,ood_wild,train
imagenet-o_1907,rundle_spoke_rung_0.9991027.jpg,ood_wild,val
imagenet-o_1908,shelter_0.99984956.jpg,ood_wild,train
imagenet-o_1909,triptych_0.998287.jpg,ood_wild,train
imagenet-o_1910,stamp_0.9844796.jpg,ood_wild,train
imagenet-o_1911,board_member_0.99603707.jpg,ood_wild,train
imagenet-o_1912,pistil_0.99508613.jpg,ood_wild,train
imagenet-o_1913,ammunition_ammo_0.9939581.jpg,ood_wild,train
imagenet-o_1914,bullion_0.9787234.jpg,ood_wild,train
imagenet-o_1915,eggbeater_eggwhisk_0.99944943.jpg,ood_wild,train
imagenet-o_1916,rack_0.99914014.jpg,ood_wild,train
imagenet-o_1917,cracker_0.9998981.jpg,ood_wild,train
imagenet-o_1918,bowl_0.97195476.jpg,ood_wild,train
imagenet-o_1919,console_table_console_0.9793594.jpg,ood_wild,train
imagenet-o_1920,dolphin_0.9996773.jpg,ood_wild,val
imagenet-o_1921,superhighway_information_superhighway_0.9954704.jpg,ood_wild,train
imagenet-o_1922,meadow_spikemoss_basket_spikemoss_Selaginella_apoda_0.9852856.jpg,ood_wild,train
imagenet-o_1923,filling_0.98134685.jpg,ood_wild,train
imagenet-o_1924,mosquito_0.9998282.jpg,ood_wild,val
imagenet-o_1925,backbench_0.9973132.jpg,ood_wild,train
imagenet-o_1926,headpiece_0.9876171.jpg,ood_wild,val
imagenet-o_1927,hand_glass_hand_mirror_0.9979272.jpg,ood_wild,train
imagenet-o_1928,fire_alarm_smoke_alarm_0.99999285.jpg,ood_wild,val
imagenet-o_1929,accessory_accoutrement_accouterment_0.9958395.jpg,ood_wild,train
imagenet-o_1930,elderberry_0.99919087.jpg,ood_wild,val
imagenet-o_1931,wasp's_nest_wasps'_nest_hornet's_nest_hornets'_nest_0.9954709.jpg,ood_wild,val
imagenet-o_1932,vodka_martini_0.99939096.jpg,ood_wild,train
imagenet-o_1933,water_meter_0.9998982.jpg,ood_wild,train
imagenet-o_1934,distaff_0.99822074.jpg,ood_wild,train
imagenet-o_1935,medicine_ball_0.9999943.jpg,ood_wild,train
imagenet-o_1936,cannonball_cannon_ball_round_shot_0.99943286.jpg,ood_wild,train
imagenet-o_1937,Australian_sea_lion_Zalophus_lobatus_0.99996495.jpg,ood_wild,val
imagenet-o_1938,link_data_link_0.99950874.jpg,ood_wild,train
imagenet-o_1939,basement_cellar_0.999841.jpg,ood_wild,train
imagenet-o_1940,jack-in-the-box_0.9914659.jpg,ood_wild,train
imagenet-o_1941,soda_can_0.992638.jpg,ood_wild,train
imagenet-o_1942,mandibular_notch_0.99655104.jpg,ood_wild,train
imagenet-o_1943,coordinate_axis_0.99992776.jpg,ood_wild,train
imagenet-o_1944,printed_circuit_0.99882597.jpg,ood_wild,val
imagenet-o_1945,child_baby_0.9999291.jpg,ood_wild,train
imagenet-o_1946,spacecraft_ballistic_capsule_space_vehicle_0.99989855.jpg,ood_wild,train
imagenet-o_1947,climbing_frame_0.99447024.jpg,ood_wild,train
imagenet-o_1948,bean_edible_bean_0.99233526.jpg,ood_wild,train
imagenet-o_1949,gazette_0.9988482.jpg,ood_wild,val
imagenet-o_1950,cube_regular_hexahedron_0.99917066.jpg,ood_wild,train
imagenet-o_1951,frieze_0.9997408.jpg,ood_wild,train
imagenet-o_1952,American_agave_Agave_americana_0.99968517.jpg,ood_wild,train
imagenet-o_1953,analytical_balance_chemical_balance_0.9930235.jpg,ood_wild,train
imagenet-o_1954,bobbin_spool_reel_0.9999988.jpg,ood_wild,train
imagenet-o_1955,lath_0.99983263.jpg,ood_wild,train
imagenet-o_1956,confectionery_0.9823446.jpg,ood_wild,train
imagenet-o_1957,crane_fly_daddy_longlegs_0.9999186.jpg,ood_wild,val
imagenet-o_1958,seed_0.9999007.jpg,ood_wild,train
imagenet-o_1959,ballpark_park_0.9924798.jpg,ood_wild,train
imagenet-o_1960,brass_0.99838924.jpg,ood_wild,train
imagenet-o_1961,casing_case_0.9979882.jpg,ood_wild,train
imagenet-o_1962,floor_joist_0.9999974.jpg,ood_wild,train
imagenet-o_1963,electrolytic_electrolytic_capacitor_electrolytic_condenser_0.9961022.jpg,ood_wild,val
imagenet-o_1964,cashew_cashew_tree_Anacardium_occidentale_0.997068.jpg,ood_wild,val
imagenet-o_1965,anise_aniseed_anise_seed_0.9982529.jpg,ood_wild,train
imagenet-o_1966,tamp_tamper_tamping_bar_0.9969771.jpg,ood_wild,train
imagenet-o_1967,dolly_0.9956915.jpg,ood_wild,train
imagenet-o_1968,cereal_bowl_0.9951213.jpg,ood_wild,train
imagenet-o_1969,brioche_0.9998735.jpg,ood_wild,train
imagenet-o_1970,chromatic_color_chromatic_colour_spectral_color_spectral_colour_0.999962.jpg,ood_wild,val
imagenet-o_1971,hose_0.9972154.jpg,ood_wild,val
imagenet-o_1972,patchcord_0.99512225.jpg,ood_wild,train
imagenet-o_1973,fire_0.9739014.jpg,ood_wild,train
imagenet-o_1974,apricot_apricot_tree_0.9997478.jpg,ood_wild,train
imagenet-o_1975,blindfold_0.9999534.jpg,ood_wild,train
imagenet-o_1976,Abyssinian_banana_Ethiopian_banana_Ensete_ventricosum_Musa_ensete_0.99990404.jpg,ood_wild,train
imagenet-o_1977,knitting_needle_0.9977756.jpg,ood_wild,val
imagenet-o_1978,exhaust_fan_0.9974049.jpg,ood_wild,train
imagenet-o_1979,serial_port_0.99425805.jpg,ood_wild,train
imagenet-o_1980,pond_scum_0.99787855.jpg,ood_wild,train
imagenet-o_1981,barrel_cactus_0.9999893.jpg,ood_wild,train
imagenet-o_1982,nosh-up_0.99998534.jpg,ood_wild,train
imagenet-o_1983,twin_0.9627263.jpg,ood_wild,train
imagenet-o_1984,sprinkler_system_0.99947757.jpg,ood_wild,train
imagenet-o_1985,tricot_0.997488.jpg,ood_wild,val
imagenet-o_1986,chili_chili_con_carne_0.99999917.jpg,ood_wild,val
imagenet-o_1987,birdcage_0.9946616.jpg,ood_wild,val
imagenet-o_1988,air_hammer_jackhammer_pneumatic_hammer_0.97798425.jpg,ood_wild,val
imagenet-o_1989,garden_0.99304223.jpg,ood_wild,train
imagenet-o_1990,chintz_0.9947531.jpg,ood_wild,train
imagenet-o_1991,clarinet_0.9984034.jpg,ood_wild,train
imagenet-o_1992,dinner_bell_0.99582833.jpg,ood_wild,train
imagenet-o_1993,antenna_aerial_transmitting_aerial_0.98803383.jpg,ood_wild,train
imagenet-o_1994,tutti-frutti_0.9977812.jpg,ood_wild,train
imagenet-o_1995,yellow_mariposa_tulip_Calochortus_luteus_0.99964046.jpg,ood_wild,train
imagenet-o_1996,royal_tennis_real_tennis_court_tennis_0.9978607.jpg,ood_wild,train
imagenet-o_1997,earthball_false_truffle_puffball_hard-skinned_puffball_0.9988418.jpg,ood_wild,train
imagenet-o_1998,weatherglass_0.999864.jpg,ood_wild,train
imagenet-o_1999,false_truffle_0.9955966.jpg,ood_wild,train
