id,image_path,label,stage
standfordcars_0,04354.jpg,ood_test,test
standfordcars_1,02725.jpg,ood_test,test
standfordcars_2,07885.jpg,ood_test,test
standfordcars_3,06543.jpg,ood_test,test
standfordcars_4,00132.jpg,ood_test,test
standfordcars_5,00654.jpg,ood_test,test
standfordcars_6,06225.jpg,ood_test,test
standfordcars_7,02043.jpg,ood_test,test
standfordcars_8,04432.jpg,ood_test,test
standfordcars_9,02057.jpg,ood_test,test
standfordcars_10,05738.jpg,ood_test,test
standfordcars_11,04426.jpg,ood_test,test
standfordcars_12,03349.jpg,ood_test,test
standfordcars_13,00640.jpg,ood_test,test
standfordcars_14,00898.jpg,ood_test,test
standfordcars_15,06231.jpg,ood_test,test
standfordcars_16,01238.jpg,ood_test,test
standfordcars_17,07891.jpg,ood_test,test
standfordcars_18,06557.jpg,ood_test,test
standfordcars_19,07649.jpg,ood_test,test
standfordcars_20,00126.jpg,ood_test,test
standfordcars_21,04340.jpg,ood_test,test
standfordcars_22,02731.jpg,ood_test,test
standfordcars_23,01210.jpg,ood_test,test
standfordcars_24,07661.jpg,ood_test,test
standfordcars_25,03407.jpg,ood_test,test
standfordcars_26,04368.jpg,ood_test,test
standfordcars_27,05076.jpg,ood_test,test
standfordcars_28,02719.jpg,ood_test,test
standfordcars_29,05710.jpg,ood_test,test
standfordcars_30,03361.jpg,ood_test,test
standfordcars_31,00668.jpg,ood_test,test
standfordcars_32,07107.jpg,ood_test,test
standfordcars_33,06219.jpg,ood_test,test
standfordcars_34,01576.jpg,ood_test,test
standfordcars_35,07113.jpg,ood_test,test
standfordcars_36,01562.jpg,ood_test,test
standfordcars_37,05704.jpg,ood_test,test
standfordcars_38,03375.jpg,ood_test,test
standfordcars_39,03413.jpg,ood_test,test
standfordcars_40,05062.jpg,ood_test,test
standfordcars_41,01204.jpg,ood_test,test
standfordcars_42,07675.jpg,ood_test,test
standfordcars_43,07846.jpg,ood_test,test
standfordcars_44,06580.jpg,ood_test,test
standfordcars_45,05089.jpg,ood_test,test
standfordcars_46,04397.jpg,ood_test,test
standfordcars_47,05937.jpg,ood_test,test
standfordcars_48,02080.jpg,ood_test,test
standfordcars_49,01589.jpg,ood_test,test
standfordcars_50,00697.jpg,ood_test,test
standfordcars_51,00683.jpg,ood_test,test
standfordcars_52,05923.jpg,ood_test,test
standfordcars_53,02094.jpg,ood_test,test
standfordcars_54,04383.jpg,ood_test,test
standfordcars_55,07852.jpg,ood_test,test
standfordcars_56,06594.jpg,ood_test,test
standfordcars_57,02902.jpg,ood_test,test
standfordcars_58,00873.jpg,ood_test,test
standfordcars_59,00867.jpg,ood_test,test
standfordcars_60,02916.jpg,ood_test,test
standfordcars_61,04630.jpg,ood_test,test
standfordcars_62,02241.jpg,ood_test,test
standfordcars_63,01748.jpg,ood_test,test
standfordcars_64,06027.jpg,ood_test,test
standfordcars_65,07339.jpg,ood_test,test
standfordcars_66,01990.jpg,ood_test,test
standfordcars_67,00456.jpg,ood_test,test
standfordcars_68,06999.jpg,ood_test,test
standfordcars_69,00330.jpg,ood_test,test
standfordcars_70,06741.jpg,ood_test,test
standfordcars_71,02527.jpg,ood_test,test
standfordcars_72,05248.jpg,ood_test,test
standfordcars_73,04156.jpg,ood_test,test
standfordcars_74,03639.jpg,ood_test,test
standfordcars_75,02533.jpg,ood_test,test
standfordcars_76,04142.jpg,ood_test,test
standfordcars_77,00324.jpg,ood_test,test
standfordcars_78,06755.jpg,ood_test,test
standfordcars_79,06033.jpg,ood_test,test
standfordcars_80,01984.jpg,ood_test,test
standfordcars_81,00442.jpg,ood_test,test
standfordcars_82,04624.jpg,ood_test,test
standfordcars_83,02255.jpg,ood_test,test
standfordcars_84,01774.jpg,ood_test,test
standfordcars_85,08036.jpg,ood_test,test
standfordcars_86,07305.jpg,ood_test,test
standfordcars_87,03163.jpg,ood_test,test
standfordcars_88,05512.jpg,ood_test,test
standfordcars_89,05274.jpg,ood_test,test
standfordcars_90,03605.jpg,ood_test,test
standfordcars_91,07463.jpg,ood_test,test
standfordcars_92,01012.jpg,ood_test,test
standfordcars_93,00318.jpg,ood_test,test
standfordcars_94,07477.jpg,ood_test,test
standfordcars_95,06769.jpg,ood_test,test
standfordcars_96,01006.jpg,ood_test,test
standfordcars_97,05260.jpg,ood_test,test
standfordcars_98,03611.jpg,ood_test,test
standfordcars_99,03177.jpg,ood_test,test
standfordcars_100,04618.jpg,ood_test,test
standfordcars_101,05506.jpg,ood_test,test
standfordcars_102,02269.jpg,ood_test,test
standfordcars_103,01760.jpg,ood_test,test
standfordcars_104,08022.jpg,ood_test,test
standfordcars_105,07311.jpg,ood_test,test
standfordcars_106,01953.jpg,ood_test,test
standfordcars_107,00495.jpg,ood_test,test
standfordcars_108,02282.jpg,ood_test,test
standfordcars_109,04195.jpg,ood_test,test
standfordcars_110,03822.jpg,ood_test,test
standfordcars_111,06782.jpg,ood_test,test
standfordcars_112,06796.jpg,ood_test,test
standfordcars_113,07488.jpg,ood_test,test
standfordcars_114,04181.jpg,ood_test,test
standfordcars_115,03836.jpg,ood_test,test
standfordcars_116,02296.jpg,ood_test,test
standfordcars_117,03188.jpg,ood_test,test
standfordcars_118,01947.jpg,ood_test,test
standfordcars_119,00481.jpg,ood_test,test
standfordcars_120,04817.jpg,ood_test,test
standfordcars_121,06966.jpg,ood_test,test
standfordcars_122,06972.jpg,ood_test,test
standfordcars_123,04803.jpg,ood_test,test
standfordcars_124,02335.jpg,ood_test,test
standfordcars_125,04744.jpg,ood_test,test
standfordcars_126,00522.jpg,ood_test,test
standfordcars_127,06153.jpg,ood_test,test
standfordcars_128,06635.jpg,ood_test,test
standfordcars_129,00244.jpg,ood_test,test
standfordcars_130,04022.jpg,ood_test,test
standfordcars_131,03995.jpg,ood_test,test
standfordcars_132,02453.jpg,ood_test,test
standfordcars_133,03759.jpg,ood_test,test
standfordcars_134,04036.jpg,ood_test,test
standfordcars_135,03981.jpg,ood_test,test
standfordcars_136,05328.jpg,ood_test,test
standfordcars_137,02447.jpg,ood_test,test
standfordcars_138,06621.jpg,ood_test,test
standfordcars_139,00250.jpg,ood_test,test
standfordcars_140,00536.jpg,ood_test,test
standfordcars_141,07259.jpg,ood_test,test
standfordcars_142,06147.jpg,ood_test,test
standfordcars_143,01628.jpg,ood_test,test
standfordcars_144,02321.jpg,ood_test,test
standfordcars_145,04988.jpg,ood_test,test
standfordcars_146,04750.jpg,ood_test,test
standfordcars_147,07271.jpg,ood_test,test
standfordcars_148,01600.jpg,ood_test,test
standfordcars_149,02309.jpg,ood_test,test
standfordcars_150,05466.jpg,ood_test,test
standfordcars_151,04778.jpg,ood_test,test
standfordcars_152,03017.jpg,ood_test,test
standfordcars_153,03771.jpg,ood_test,test
standfordcars_154,05300.jpg,ood_test,test
standfordcars_155,01166.jpg,ood_test,test
standfordcars_156,06609.jpg,ood_test,test
standfordcars_157,07517.jpg,ood_test,test
standfordcars_158,00278.jpg,ood_test,test
standfordcars_159,01172.jpg,ood_test,test
standfordcars_160,07503.jpg,ood_test,test
standfordcars_161,03765.jpg,ood_test,test
standfordcars_162,05314.jpg,ood_test,test
standfordcars_163,05472.jpg,ood_test,test
standfordcars_164,03003.jpg,ood_test,test
standfordcars_165,07265.jpg,ood_test,test
standfordcars_166,01614.jpg,ood_test,test
standfordcars_167,06190.jpg,ood_test,test
standfordcars_168,01827.jpg,ood_test,test
standfordcars_169,04787.jpg,ood_test,test
standfordcars_170,05499.jpg,ood_test,test
standfordcars_171,03956.jpg,ood_test,test
standfordcars_172,02490.jpg,ood_test,test
standfordcars_173,00287.jpg,ood_test,test
standfordcars_174,01199.jpg,ood_test,test
standfordcars_175,00293.jpg,ood_test,test
standfordcars_176,03942.jpg,ood_test,test
standfordcars_177,02484.jpg,ood_test,test
standfordcars_178,04793.jpg,ood_test,test
standfordcars_179,06184.jpg,ood_test,test
standfordcars_180,01833.jpg,ood_test,test
standfordcars_181,04963.jpg,ood_test,test
standfordcars_182,06812.jpg,ood_test,test
standfordcars_183,06806.jpg,ood_test,test
standfordcars_184,04977.jpg,ood_test,test
standfordcars_185,02651.jpg,ood_test,test
standfordcars_186,04220.jpg,ood_test,test
standfordcars_187,02889.jpg,ood_test,test
standfordcars_188,00046.jpg,ood_test,test
standfordcars_189,07729.jpg,ood_test,test
standfordcars_190,06437.jpg,ood_test,test
standfordcars_191,01358.jpg,ood_test,test
standfordcars_192,06351.jpg,ood_test,test
standfordcars_193,00720.jpg,ood_test,test
standfordcars_194,05880.jpg,ood_test,test
standfordcars_195,03229.jpg,ood_test,test
standfordcars_196,04546.jpg,ood_test,test
standfordcars_197,05658.jpg,ood_test,test
standfordcars_198,02137.jpg,ood_test,test
standfordcars_199,05894.jpg,ood_test,test
standfordcars_200,04552.jpg,ood_test,test
standfordcars_201,02123.jpg,ood_test,test
standfordcars_202,06345.jpg,ood_test,test
standfordcars_203,00734.jpg,ood_test,test
standfordcars_204,00052.jpg,ood_test,test
standfordcars_205,06423.jpg,ood_test,test
standfordcars_206,02645.jpg,ood_test,test
standfordcars_207,04234.jpg,ood_test,test
standfordcars_208,07715.jpg,ood_test,test
standfordcars_209,01364.jpg,ood_test,test
standfordcars_210,05102.jpg,ood_test,test
standfordcars_211,03573.jpg,ood_test,test
standfordcars_212,03215.jpg,ood_test,test
standfordcars_213,05664.jpg,ood_test,test
standfordcars_214,01402.jpg,ood_test,test
standfordcars_215,07073.jpg,ood_test,test
standfordcars_216,01416.jpg,ood_test,test
standfordcars_217,06379.jpg,ood_test,test
standfordcars_218,07067.jpg,ood_test,test
standfordcars_219,00708.jpg,ood_test,test
standfordcars_220,03201.jpg,ood_test,test
standfordcars_221,05670.jpg,ood_test,test
standfordcars_222,02679.jpg,ood_test,test
standfordcars_223,05116.jpg,ood_test,test
standfordcars_224,04208.jpg,ood_test,test
standfordcars_225,03567.jpg,ood_test,test
standfordcars_226,07701.jpg,ood_test,test
standfordcars_227,01370.jpg,ood_test,test
standfordcars_228,07932.jpg,ood_test,test
standfordcars_229,00085.jpg,ood_test,test
standfordcars_230,02692.jpg,ood_test,test
standfordcars_231,05843.jpg,ood_test,test
standfordcars_232,04585.jpg,ood_test,test
standfordcars_233,06392.jpg,ood_test,test
standfordcars_234,07098.jpg,ood_test,test
standfordcars_235,06386.jpg,ood_test,test
standfordcars_236,05857.jpg,ood_test,test
standfordcars_237,04591.jpg,ood_test,test
standfordcars_238,03598.jpg,ood_test,test
standfordcars_239,02686.jpg,ood_test,test
standfordcars_240,07926.jpg,ood_test,test
standfordcars_241,00091.jpg,ood_test,test
standfordcars_242,02876.jpg,ood_test,test
standfordcars_243,00907.jpg,ood_test,test
standfordcars_244,00913.jpg,ood_test,test
standfordcars_245,02862.jpg,ood_test,test
standfordcars_246,00912.jpg,ood_test,test
standfordcars_247,02863.jpg,ood_test,test
standfordcars_248,02877.jpg,ood_test,test
standfordcars_249,00906.jpg,ood_test,test
standfordcars_250,04590.jpg,ood_test,test
standfordcars_251,05856.jpg,ood_test,test
standfordcars_252,06387.jpg,ood_test,test
standfordcars_253,07099.jpg,ood_test,test
standfordcars_254,00090.jpg,ood_test,test
standfordcars_255,07927.jpg,ood_test,test
standfordcars_256,02687.jpg,ood_test,test
standfordcars_257,03599.jpg,ood_test,test
standfordcars_258,02693.jpg,ood_test,test
standfordcars_259,00084.jpg,ood_test,test
standfordcars_260,07933.jpg,ood_test,test
standfordcars_261,06393.jpg,ood_test,test
standfordcars_262,04584.jpg,ood_test,test
standfordcars_263,05842.jpg,ood_test,test
standfordcars_264,05671.jpg,ood_test,test
standfordcars_265,03200.jpg,ood_test,test
standfordcars_266,00709.jpg,ood_test,test
standfordcars_267,07066.jpg,ood_test,test
standfordcars_268,06378.jpg,ood_test,test
standfordcars_269,01417.jpg,ood_test,test
standfordcars_270,01371.jpg,ood_test,test
standfordcars_271,07700.jpg,ood_test,test
standfordcars_272,03566.jpg,ood_test,test
standfordcars_273,04209.jpg,ood_test,test
standfordcars_274,05117.jpg,ood_test,test
standfordcars_275,02678.jpg,ood_test,test
standfordcars_276,03572.jpg,ood_test,test
standfordcars_277,05103.jpg,ood_test,test
standfordcars_278,01365.jpg,ood_test,test
standfordcars_279,07714.jpg,ood_test,test
standfordcars_280,07072.jpg,ood_test,test
standfordcars_281,01403.jpg,ood_test,test
standfordcars_282,05665.jpg,ood_test,test
standfordcars_283,03214.jpg,ood_test,test
standfordcars_284,00735.jpg,ood_test,test
standfordcars_285,06344.jpg,ood_test,test
standfordcars_286,02122.jpg,ood_test,test
standfordcars_287,04553.jpg,ood_test,test
standfordcars_288,05895.jpg,ood_test,test
standfordcars_289,04235.jpg,ood_test,test
standfordcars_290,02644.jpg,ood_test,test
standfordcars_291,06422.jpg,ood_test,test
standfordcars_292,00053.jpg,ood_test,test
standfordcars_293,01359.jpg,ood_test,test
standfordcars_294,06436.jpg,ood_test,test
standfordcars_295,07728.jpg,ood_test,test
standfordcars_296,00047.jpg,ood_test,test
standfordcars_297,02888.jpg,ood_test,test
standfordcars_298,04221.jpg,ood_test,test
standfordcars_299,02650.jpg,ood_test,test
standfordcars_300,02136.jpg,ood_test,test
standfordcars_301,05659.jpg,ood_test,test
standfordcars_302,04547.jpg,ood_test,test
standfordcars_303,03228.jpg,ood_test,test
standfordcars_304,05881.jpg,ood_test,test
standfordcars_305,00721.jpg,ood_test,test
standfordcars_306,06350.jpg,ood_test,test
standfordcars_307,06807.jpg,ood_test,test
standfordcars_308,04976.jpg,ood_test,test
standfordcars_309,04962.jpg,ood_test,test
standfordcars_310,06813.jpg,ood_test,test
standfordcars_311,02485.jpg,ood_test,test
standfordcars_312,03943.jpg,ood_test,test
standfordcars_313,00292.jpg,ood_test,test
standfordcars_314,01832.jpg,ood_test,test
standfordcars_315,06185.jpg,ood_test,test
standfordcars_316,04792.jpg,ood_test,test
standfordcars_317,05498.jpg,ood_test,test
standfordcars_318,04786.jpg,ood_test,test
standfordcars_319,01826.jpg,ood_test,test
standfordcars_320,06191.jpg,ood_test,test
standfordcars_321,01198.jpg,ood_test,test
standfordcars_322,00286.jpg,ood_test,test
standfordcars_323,02491.jpg,ood_test,test
standfordcars_324,03957.jpg,ood_test,test
standfordcars_325,05315.jpg,ood_test,test
standfordcars_326,03764.jpg,ood_test,test
standfordcars_327,07502.jpg,ood_test,test
standfordcars_328,01173.jpg,ood_test,test
standfordcars_329,01615.jpg,ood_test,test
standfordcars_330,07264.jpg,ood_test,test
standfordcars_331,03002.jpg,ood_test,test
standfordcars_332,05473.jpg,ood_test,test
standfordcars_333,03016.jpg,ood_test,test
standfordcars_334,04779.jpg,ood_test,test
standfordcars_335,05467.jpg,ood_test,test
standfordcars_336,02308.jpg,ood_test,test
standfordcars_337,01601.jpg,ood_test,test
standfordcars_338,07270.jpg,ood_test,test
standfordcars_339,00279.jpg,ood_test,test
standfordcars_340,07516.jpg,ood_test,test
standfordcars_341,06608.jpg,ood_test,test
standfordcars_342,01167.jpg,ood_test,test
standfordcars_343,05301.jpg,ood_test,test
standfordcars_344,03770.jpg,ood_test,test
standfordcars_345,00251.jpg,ood_test,test
standfordcars_346,06620.jpg,ood_test,test
standfordcars_347,02446.jpg,ood_test,test
standfordcars_348,05329.jpg,ood_test,test
standfordcars_349,03980.jpg,ood_test,test
standfordcars_350,04037.jpg,ood_test,test
standfordcars_351,03758.jpg,ood_test,test
standfordcars_352,04751.jpg,ood_test,test
standfordcars_353,04989.jpg,ood_test,test
standfordcars_354,02320.jpg,ood_test,test
standfordcars_355,01629.jpg,ood_test,test
standfordcars_356,06146.jpg,ood_test,test
standfordcars_357,07258.jpg,ood_test,test
standfordcars_358,00537.jpg,ood_test,test
standfordcars_359,06152.jpg,ood_test,test
standfordcars_360,00523.jpg,ood_test,test
standfordcars_361,04745.jpg,ood_test,test
standfordcars_362,02334.jpg,ood_test,test
standfordcars_363,02452.jpg,ood_test,test
standfordcars_364,03994.jpg,ood_test,test
standfordcars_365,04023.jpg,ood_test,test
standfordcars_366,00245.jpg,ood_test,test
standfordcars_367,06634.jpg,ood_test,test
standfordcars_368,06973.jpg,ood_test,test
standfordcars_369,04802.jpg,ood_test,test
standfordcars_370,04816.jpg,ood_test,test
standfordcars_371,06967.jpg,ood_test,test
standfordcars_372,03837.jpg,ood_test,test
standfordcars_373,04180.jpg,ood_test,test
standfordcars_374,07489.jpg,ood_test,test
standfordcars_375,06797.jpg,ood_test,test
standfordcars_376,00480.jpg,ood_test,test
standfordcars_377,01946.jpg,ood_test,test
standfordcars_378,03189.jpg,ood_test,test
standfordcars_379,02297.jpg,ood_test,test
standfordcars_380,02283.jpg,ood_test,test
standfordcars_381,00494.jpg,ood_test,test
standfordcars_382,01952.jpg,ood_test,test
standfordcars_383,06783.jpg,ood_test,test
standfordcars_384,03823.jpg,ood_test,test
standfordcars_385,04194.jpg,ood_test,test
standfordcars_386,03610.jpg,ood_test,test
standfordcars_387,05261.jpg,ood_test,test
standfordcars_388,01007.jpg,ood_test,test
standfordcars_389,06768.jpg,ood_test,test
standfordcars_390,07476.jpg,ood_test,test
standfordcars_391,00319.jpg,ood_test,test
standfordcars_392,07310.jpg,ood_test,test
standfordcars_393,08023.jpg,ood_test,test
standfordcars_394,01761.jpg,ood_test,test
standfordcars_395,02268.jpg,ood_test,test
standfordcars_396,05507.jpg,ood_test,test
standfordcars_397,04619.jpg,ood_test,test
standfordcars_398,03176.jpg,ood_test,test
standfordcars_399,05513.jpg,ood_test,test
standfordcars_400,03162.jpg,ood_test,test
standfordcars_401,07304.jpg,ood_test,test
standfordcars_402,08037.jpg,ood_test,test
standfordcars_403,01775.jpg,ood_test,test
standfordcars_404,01013.jpg,ood_test,test
standfordcars_405,07462.jpg,ood_test,test
standfordcars_406,03604.jpg,ood_test,test
standfordcars_407,05275.jpg,ood_test,test
standfordcars_408,06754.jpg,ood_test,test
standfordcars_409,00325.jpg,ood_test,test
standfordcars_410,04143.jpg,ood_test,test
standfordcars_411,02532.jpg,ood_test,test
standfordcars_412,02254.jpg,ood_test,test
standfordcars_413,04625.jpg,ood_test,test
standfordcars_414,00443.jpg,ood_test,test
standfordcars_415,01985.jpg,ood_test,test
standfordcars_416,06032.jpg,ood_test,test
standfordcars_417,00457.jpg,ood_test,test
standfordcars_418,01991.jpg,ood_test,test
standfordcars_419,07338.jpg,ood_test,test
standfordcars_420,06026.jpg,ood_test,test
standfordcars_421,01749.jpg,ood_test,test
standfordcars_422,02240.jpg,ood_test,test
standfordcars_423,04631.jpg,ood_test,test
standfordcars_424,03638.jpg,ood_test,test
standfordcars_425,04157.jpg,ood_test,test
standfordcars_426,05249.jpg,ood_test,test
standfordcars_427,02526.jpg,ood_test,test
standfordcars_428,06740.jpg,ood_test,test
standfordcars_429,00331.jpg,ood_test,test
standfordcars_430,06998.jpg,ood_test,test
standfordcars_431,00866.jpg,ood_test,test
standfordcars_432,02917.jpg,ood_test,test
standfordcars_433,02903.jpg,ood_test,test
standfordcars_434,00872.jpg,ood_test,test
standfordcars_435,02095.jpg,ood_test,test
standfordcars_436,05922.jpg,ood_test,test
standfordcars_437,00682.jpg,ood_test,test
standfordcars_438,06595.jpg,ood_test,test
standfordcars_439,07853.jpg,ood_test,test
standfordcars_440,04382.jpg,ood_test,test
standfordcars_441,04396.jpg,ood_test,test
standfordcars_442,05088.jpg,ood_test,test
standfordcars_443,06581.jpg,ood_test,test
standfordcars_444,07847.jpg,ood_test,test
standfordcars_445,00696.jpg,ood_test,test
standfordcars_446,01588.jpg,ood_test,test
standfordcars_447,02081.jpg,ood_test,test
standfordcars_448,05936.jpg,ood_test,test
standfordcars_449,03374.jpg,ood_test,test
standfordcars_450,05705.jpg,ood_test,test
standfordcars_451,01563.jpg,ood_test,test
standfordcars_452,07112.jpg,ood_test,test
standfordcars_453,07674.jpg,ood_test,test
standfordcars_454,01205.jpg,ood_test,test
standfordcars_455,05063.jpg,ood_test,test
standfordcars_456,03412.jpg,ood_test,test
standfordcars_457,02718.jpg,ood_test,test
standfordcars_458,05077.jpg,ood_test,test
standfordcars_459,04369.jpg,ood_test,test
standfordcars_460,03406.jpg,ood_test,test
standfordcars_461,07660.jpg,ood_test,test
standfordcars_462,01211.jpg,ood_test,test
standfordcars_463,01577.jpg,ood_test,test
standfordcars_464,06218.jpg,ood_test,test
standfordcars_465,07106.jpg,ood_test,test
standfordcars_466,00669.jpg,ood_test,test
standfordcars_467,03360.jpg,ood_test,test
standfordcars_468,05711.jpg,ood_test,test
standfordcars_469,06230.jpg,ood_test,test
standfordcars_470,00899.jpg,ood_test,test
standfordcars_471,00641.jpg,ood_test,test
standfordcars_472,03348.jpg,ood_test,test
standfordcars_473,04427.jpg,ood_test,test
standfordcars_474,05739.jpg,ood_test,test
standfordcars_475,02056.jpg,ood_test,test
standfordcars_476,02730.jpg,ood_test,test
standfordcars_477,04341.jpg,ood_test,test
standfordcars_478,00127.jpg,ood_test,test
standfordcars_479,07648.jpg,ood_test,test
standfordcars_480,06556.jpg,ood_test,test
standfordcars_481,07890.jpg,ood_test,test
standfordcars_482,01239.jpg,ood_test,test
standfordcars_483,00133.jpg,ood_test,test
standfordcars_484,06542.jpg,ood_test,test
standfordcars_485,07884.jpg,ood_test,test
standfordcars_486,02724.jpg,ood_test,test
standfordcars_487,04355.jpg,ood_test,test
standfordcars_488,04433.jpg,ood_test,test
standfordcars_489,02042.jpg,ood_test,test
standfordcars_490,06224.jpg,ood_test,test
standfordcars_491,00655.jpg,ood_test,test
standfordcars_492,07892.jpg,ood_test,test
standfordcars_493,06554.jpg,ood_test,test
standfordcars_494,00125.jpg,ood_test,test
standfordcars_495,04343.jpg,ood_test,test
standfordcars_496,02732.jpg,ood_test,test
standfordcars_497,02054.jpg,ood_test,test
standfordcars_498,04425.jpg,ood_test,test
standfordcars_499,00643.jpg,ood_test,test
standfordcars_500,06232.jpg,ood_test,test
standfordcars_501,00657.jpg,ood_test,test
standfordcars_502,07138.jpg,ood_test,test
standfordcars_503,06226.jpg,ood_test,test
standfordcars_504,01549.jpg,ood_test,test
standfordcars_505,02040.jpg,ood_test,test
standfordcars_506,04431.jpg,ood_test,test
standfordcars_507,03438.jpg,ood_test,test
standfordcars_508,04357.jpg,ood_test,test
standfordcars_509,05049.jpg,ood_test,test
standfordcars_510,02726.jpg,ood_test,test
standfordcars_511,07886.jpg,ood_test,test
standfordcars_512,06540.jpg,ood_test,test
standfordcars_513,00131.jpg,ood_test,test
standfordcars_514,03410.jpg,ood_test,test
standfordcars_515,05061.jpg,ood_test,test
standfordcars_516,01207.jpg,ood_test,test
standfordcars_517,06568.jpg,ood_test,test
standfordcars_518,07676.jpg,ood_test,test
standfordcars_519,00119.jpg,ood_test,test
standfordcars_520,07110.jpg,ood_test,test
standfordcars_521,01561.jpg,ood_test,test
standfordcars_522,02068.jpg,ood_test,test
standfordcars_523,05707.jpg,ood_test,test
standfordcars_524,04419.jpg,ood_test,test
standfordcars_525,03376.jpg,ood_test,test
standfordcars_526,05713.jpg,ood_test,test
standfordcars_527,03362.jpg,ood_test,test
standfordcars_528,07104.jpg,ood_test,test
standfordcars_529,01575.jpg,ood_test,test
standfordcars_530,01213.jpg,ood_test,test
standfordcars_531,07662.jpg,ood_test,test
standfordcars_532,03404.jpg,ood_test,test
standfordcars_533,05075.jpg,ood_test,test
standfordcars_534,02929.jpg,ood_test,test
standfordcars_535,04380.jpg,ood_test,test
standfordcars_536,07689.jpg,ood_test,test
standfordcars_537,07851.jpg,ood_test,test
standfordcars_538,06597.jpg,ood_test,test
standfordcars_539,00858.jpg,ood_test,test
standfordcars_540,00680.jpg,ood_test,test
standfordcars_541,03389.jpg,ood_test,test
standfordcars_542,05920.jpg,ood_test,test
standfordcars_543,02097.jpg,ood_test,test
standfordcars_544,05934.jpg,ood_test,test
standfordcars_545,02083.jpg,ood_test,test
standfordcars_546,00694.jpg,ood_test,test
standfordcars_547,07845.jpg,ood_test,test
standfordcars_548,06583.jpg,ood_test,test
standfordcars_549,04394.jpg,ood_test,test
standfordcars_550,02915.jpg,ood_test,test
standfordcars_551,00864.jpg,ood_test,test
standfordcars_552,00870.jpg,ood_test,test
standfordcars_553,05908.jpg,ood_test,test
standfordcars_554,02901.jpg,ood_test,test
standfordcars_555,07879.jpg,ood_test,test
standfordcars_556,06030.jpg,ood_test,test
standfordcars_557,01987.jpg,ood_test,test
standfordcars_558,00441.jpg,ood_test,test
standfordcars_559,03148.jpg,ood_test,test
standfordcars_560,04627.jpg,ood_test,test
standfordcars_561,05539.jpg,ood_test,test
standfordcars_562,02256.jpg,ood_test,test
standfordcars_563,02530.jpg,ood_test,test
standfordcars_564,04141.jpg,ood_test,test
standfordcars_565,00327.jpg,ood_test,test
standfordcars_566,07448.jpg,ood_test,test
standfordcars_567,06756.jpg,ood_test,test
standfordcars_568,01039.jpg,ood_test,test
standfordcars_569,00333.jpg,ood_test,test
standfordcars_570,06742.jpg,ood_test,test
standfordcars_571,02524.jpg,ood_test,test
standfordcars_572,04155.jpg,ood_test,test
standfordcars_573,04633.jpg,ood_test,test
standfordcars_574,02242.jpg,ood_test,test
standfordcars_575,06024.jpg,ood_test,test
standfordcars_576,01993.jpg,ood_test,test
standfordcars_577,08009.jpg,ood_test,test
standfordcars_578,00455.jpg,ood_test,test
standfordcars_579,03174.jpg,ood_test,test
standfordcars_580,05505.jpg,ood_test,test
standfordcars_581,01763.jpg,ood_test,test
standfordcars_582,07312.jpg,ood_test,test
standfordcars_583,08021.jpg,ood_test,test
standfordcars_584,07474.jpg,ood_test,test
standfordcars_585,01005.jpg,ood_test,test
standfordcars_586,05263.jpg,ood_test,test
standfordcars_587,03612.jpg,ood_test,test
standfordcars_588,02518.jpg,ood_test,test
standfordcars_589,05277.jpg,ood_test,test
standfordcars_590,04169.jpg,ood_test,test
standfordcars_591,03606.jpg,ood_test,test
standfordcars_592,07460.jpg,ood_test,test
standfordcars_593,01011.jpg,ood_test,test
standfordcars_594,01777.jpg,ood_test,test
standfordcars_595,06018.jpg,ood_test,test
standfordcars_596,07306.jpg,ood_test,test
standfordcars_597,08035.jpg,ood_test,test
standfordcars_598,00469.jpg,ood_test,test
standfordcars_599,03160.jpg,ood_test,test
standfordcars_600,05511.jpg,ood_test,test
standfordcars_601,02295.jpg,ood_test,test
standfordcars_602,01944.jpg,ood_test,test
standfordcars_603,00482.jpg,ood_test,test
standfordcars_604,06795.jpg,ood_test,test
standfordcars_605,04182.jpg,ood_test,test
standfordcars_606,03835.jpg,ood_test,test
standfordcars_607,04196.jpg,ood_test,test
standfordcars_608,05288.jpg,ood_test,test
standfordcars_609,03821.jpg,ood_test,test
standfordcars_610,06781.jpg,ood_test,test
standfordcars_611,06959.jpg,ood_test,test
standfordcars_612,01950.jpg,ood_test,test
standfordcars_613,00496.jpg,ood_test,test
standfordcars_614,01788.jpg,ood_test,test
standfordcars_615,04828.jpg,ood_test,test
standfordcars_616,02281.jpg,ood_test,test
standfordcars_617,01978.jpg,ood_test,test
standfordcars_618,04800.jpg,ood_test,test
standfordcars_619,03809.jpg,ood_test,test
standfordcars_620,06971.jpg,ood_test,test
standfordcars_621,06965.jpg,ood_test,test
standfordcars_622,04814.jpg,ood_test,test
standfordcars_623,00535.jpg,ood_test,test
standfordcars_624,06144.jpg,ood_test,test
standfordcars_625,02322.jpg,ood_test,test
standfordcars_626,04753.jpg,ood_test,test
standfordcars_627,04035.jpg,ood_test,test
standfordcars_628,03982.jpg,ood_test,test
standfordcars_629,02444.jpg,ood_test,test
standfordcars_630,06622.jpg,ood_test,test
standfordcars_631,00253.jpg,ood_test,test
standfordcars_632,01159.jpg,ood_test,test
standfordcars_633,06636.jpg,ood_test,test
standfordcars_634,07528.jpg,ood_test,test
standfordcars_635,00247.jpg,ood_test,test
standfordcars_636,04021.jpg,ood_test,test
standfordcars_637,03996.jpg,ood_test,test
standfordcars_638,02450.jpg,ood_test,test
standfordcars_639,02336.jpg,ood_test,test
standfordcars_640,05459.jpg,ood_test,test
standfordcars_641,04747.jpg,ood_test,test
standfordcars_642,03028.jpg,ood_test,test
standfordcars_643,00521.jpg,ood_test,test
standfordcars_644,06150.jpg,ood_test,test
standfordcars_645,05471.jpg,ood_test,test
standfordcars_646,03000.jpg,ood_test,test
standfordcars_647,00509.jpg,ood_test,test
standfordcars_648,07266.jpg,ood_test,test
standfordcars_649,06178.jpg,ood_test,test
standfordcars_650,01617.jpg,ood_test,test
standfordcars_651,01171.jpg,ood_test,test
standfordcars_652,07500.jpg,ood_test,test
standfordcars_653,03766.jpg,ood_test,test
standfordcars_654,04009.jpg,ood_test,test
standfordcars_655,05317.jpg,ood_test,test
standfordcars_656,02478.jpg,ood_test,test
standfordcars_657,03772.jpg,ood_test,test
standfordcars_658,05303.jpg,ood_test,test
standfordcars_659,01165.jpg,ood_test,test
standfordcars_660,07514.jpg,ood_test,test
standfordcars_661,07272.jpg,ood_test,test
standfordcars_662,01603.jpg,ood_test,test
standfordcars_663,05465.jpg,ood_test,test
standfordcars_664,03014.jpg,ood_test,test
standfordcars_665,04790.jpg,ood_test,test
standfordcars_666,04948.jpg,ood_test,test
standfordcars_667,06187.jpg,ood_test,test
standfordcars_668,01830.jpg,ood_test,test
standfordcars_669,07299.jpg,ood_test,test
standfordcars_670,00290.jpg,ood_test,test
standfordcars_671,06839.jpg,ood_test,test
standfordcars_672,03941.jpg,ood_test,test
standfordcars_673,02487.jpg,ood_test,test
standfordcars_674,03799.jpg,ood_test,test
standfordcars_675,03955.jpg,ood_test,test
standfordcars_676,02493.jpg,ood_test,test
standfordcars_677,00284.jpg,ood_test,test
standfordcars_678,06193.jpg,ood_test,test
standfordcars_679,01824.jpg,ood_test,test
standfordcars_680,04784.jpg,ood_test,test
standfordcars_681,04974.jpg,ood_test,test
standfordcars_682,06805.jpg,ood_test,test
standfordcars_683,06811.jpg,ood_test,test
standfordcars_684,03969.jpg,ood_test,test
standfordcars_685,04960.jpg,ood_test,test
standfordcars_686,01818.jpg,ood_test,test
standfordcars_687,00051.jpg,ood_test,test
standfordcars_688,06420.jpg,ood_test,test
standfordcars_689,02646.jpg,ood_test,test
standfordcars_690,05129.jpg,ood_test,test
standfordcars_691,04237.jpg,ood_test,test
standfordcars_692,03558.jpg,ood_test,test
standfordcars_693,05897.jpg,ood_test,test
standfordcars_694,04551.jpg,ood_test,test
standfordcars_695,02120.jpg,ood_test,test
standfordcars_696,01429.jpg,ood_test,test
standfordcars_697,06346.jpg,ood_test,test
standfordcars_698,07058.jpg,ood_test,test
standfordcars_699,00737.jpg,ood_test,test
standfordcars_700,06352.jpg,ood_test,test
standfordcars_701,00723.jpg,ood_test,test
standfordcars_702,05883.jpg,ood_test,test
standfordcars_703,04545.jpg,ood_test,test
standfordcars_704,02134.jpg,ood_test,test
standfordcars_705,02652.jpg,ood_test,test
standfordcars_706,04223.jpg,ood_test,test
standfordcars_707,00045.jpg,ood_test,test
standfordcars_708,06434.jpg,ood_test,test
standfordcars_709,05115.jpg,ood_test,test
standfordcars_710,03564.jpg,ood_test,test
standfordcars_711,07702.jpg,ood_test,test
standfordcars_712,01373.jpg,ood_test,test
standfordcars_713,01415.jpg,ood_test,test
standfordcars_714,07064.jpg,ood_test,test
standfordcars_715,03202.jpg,ood_test,test
standfordcars_716,05673.jpg,ood_test,test
standfordcars_717,03216.jpg,ood_test,test
standfordcars_718,04579.jpg,ood_test,test
standfordcars_719,05667.jpg,ood_test,test
standfordcars_720,02108.jpg,ood_test,test
standfordcars_721,01401.jpg,ood_test,test
standfordcars_722,07070.jpg,ood_test,test
standfordcars_723,00079.jpg,ood_test,test
standfordcars_724,07716.jpg,ood_test,test
standfordcars_725,06408.jpg,ood_test,test
standfordcars_726,01367.jpg,ood_test,test
standfordcars_727,05101.jpg,ood_test,test
standfordcars_728,03570.jpg,ood_test,test
standfordcars_729,02685.jpg,ood_test,test
standfordcars_730,07925.jpg,ood_test,test
standfordcars_731,00092.jpg,ood_test,test
standfordcars_732,06385.jpg,ood_test,test
standfordcars_733,05854.jpg,ood_test,test
standfordcars_734,04592.jpg,ood_test,test
standfordcars_735,05698.jpg,ood_test,test
standfordcars_736,05840.jpg,ood_test,test
standfordcars_737,04586.jpg,ood_test,test
standfordcars_738,06391.jpg,ood_test,test
standfordcars_739,00938.jpg,ood_test,test
standfordcars_740,07931.jpg,ood_test,test
standfordcars_741,01398.jpg,ood_test,test
standfordcars_742,00086.jpg,ood_test,test
standfordcars_743,02849.jpg,ood_test,test
standfordcars_744,02691.jpg,ood_test,test
standfordcars_745,07919.jpg,ood_test,test
standfordcars_746,02861.jpg,ood_test,test
standfordcars_747,05868.jpg,ood_test,test
standfordcars_748,00910.jpg,ood_test,test
standfordcars_749,00904.jpg,ood_test,test
standfordcars_750,02875.jpg,ood_test,test
standfordcars_751,00905.jpg,ood_test,test
standfordcars_752,02874.jpg,ood_test,test
standfordcars_753,02860.jpg,ood_test,test
standfordcars_754,07918.jpg,ood_test,test
standfordcars_755,00911.jpg,ood_test,test
standfordcars_756,05869.jpg,ood_test,test
standfordcars_757,00939.jpg,ood_test,test
standfordcars_758,06390.jpg,ood_test,test
standfordcars_759,04587.jpg,ood_test,test
standfordcars_760,05841.jpg,ood_test,test
standfordcars_761,05699.jpg,ood_test,test
standfordcars_762,02690.jpg,ood_test,test
standfordcars_763,02848.jpg,ood_test,test
standfordcars_764,00087.jpg,ood_test,test
standfordcars_765,01399.jpg,ood_test,test
standfordcars_766,07930.jpg,ood_test,test
standfordcars_767,00093.jpg,ood_test,test
standfordcars_768,07924.jpg,ood_test,test
standfordcars_769,02684.jpg,ood_test,test
standfordcars_770,04593.jpg,ood_test,test
standfordcars_771,05855.jpg,ood_test,test
standfordcars_772,06384.jpg,ood_test,test
standfordcars_773,07071.jpg,ood_test,test
standfordcars_774,01400.jpg,ood_test,test
standfordcars_775,02109.jpg,ood_test,test
standfordcars_776,05666.jpg,ood_test,test
standfordcars_777,04578.jpg,ood_test,test
standfordcars_778,03217.jpg,ood_test,test
standfordcars_779,03571.jpg,ood_test,test
standfordcars_780,05100.jpg,ood_test,test
standfordcars_781,01366.jpg,ood_test,test
standfordcars_782,06409.jpg,ood_test,test
standfordcars_783,07717.jpg,ood_test,test
standfordcars_784,00078.jpg,ood_test,test
standfordcars_785,01372.jpg,ood_test,test
standfordcars_786,07703.jpg,ood_test,test
standfordcars_787,03565.jpg,ood_test,test
standfordcars_788,05114.jpg,ood_test,test
standfordcars_789,05672.jpg,ood_test,test
standfordcars_790,03203.jpg,ood_test,test
standfordcars_791,07065.jpg,ood_test,test
standfordcars_792,01414.jpg,ood_test,test
standfordcars_793,02135.jpg,ood_test,test
standfordcars_794,04544.jpg,ood_test,test
standfordcars_795,05882.jpg,ood_test,test
standfordcars_796,00722.jpg,ood_test,test
standfordcars_797,06353.jpg,ood_test,test
standfordcars_798,06435.jpg,ood_test,test
standfordcars_799,00044.jpg,ood_test,test
standfordcars_800,04222.jpg,ood_test,test
standfordcars_801,02653.jpg,ood_test,test
standfordcars_802,03559.jpg,ood_test,test
standfordcars_803,04236.jpg,ood_test,test
standfordcars_804,05128.jpg,ood_test,test
standfordcars_805,02647.jpg,ood_test,test
standfordcars_806,06421.jpg,ood_test,test
standfordcars_807,00050.jpg,ood_test,test
standfordcars_808,00736.jpg,ood_test,test
standfordcars_809,07059.jpg,ood_test,test
standfordcars_810,06347.jpg,ood_test,test
standfordcars_811,01428.jpg,ood_test,test
standfordcars_812,02121.jpg,ood_test,test
standfordcars_813,04550.jpg,ood_test,test
standfordcars_814,05896.jpg,ood_test,test
standfordcars_815,03968.jpg,ood_test,test
standfordcars_816,06810.jpg,ood_test,test
standfordcars_817,01819.jpg,ood_test,test
standfordcars_818,04961.jpg,ood_test,test
standfordcars_819,04975.jpg,ood_test,test
standfordcars_820,06804.jpg,ood_test,test
standfordcars_821,00285.jpg,ood_test,test
standfordcars_822,02492.jpg,ood_test,test
standfordcars_823,03954.jpg,ood_test,test
standfordcars_824,04785.jpg,ood_test,test
standfordcars_825,01825.jpg,ood_test,test
standfordcars_826,06192.jpg,ood_test,test
standfordcars_827,07298.jpg,ood_test,test
standfordcars_828,01831.jpg,ood_test,test
standfordcars_829,06186.jpg,ood_test,test
standfordcars_830,04949.jpg,ood_test,test
standfordcars_831,04791.jpg,ood_test,test
standfordcars_832,03798.jpg,ood_test,test
standfordcars_833,02486.jpg,ood_test,test
standfordcars_834,03940.jpg,ood_test,test
standfordcars_835,06838.jpg,ood_test,test
standfordcars_836,00291.jpg,ood_test,test
standfordcars_837,07515.jpg,ood_test,test
standfordcars_838,01164.jpg,ood_test,test
standfordcars_839,05302.jpg,ood_test,test
standfordcars_840,03773.jpg,ood_test,test
standfordcars_841,03015.jpg,ood_test,test
standfordcars_842,05464.jpg,ood_test,test
standfordcars_843,01602.jpg,ood_test,test
standfordcars_844,07273.jpg,ood_test,test
standfordcars_845,01616.jpg,ood_test,test
standfordcars_846,06179.jpg,ood_test,test
standfordcars_847,07267.jpg,ood_test,test
standfordcars_848,00508.jpg,ood_test,test
standfordcars_849,03001.jpg,ood_test,test
standfordcars_850,05470.jpg,ood_test,test
standfordcars_851,02479.jpg,ood_test,test
standfordcars_852,05316.jpg,ood_test,test
standfordcars_853,04008.jpg,ood_test,test
standfordcars_854,03767.jpg,ood_test,test
standfordcars_855,07501.jpg,ood_test,test
standfordcars_856,01170.jpg,ood_test,test
standfordcars_857,02451.jpg,ood_test,test
standfordcars_858,03997.jpg,ood_test,test
standfordcars_859,04020.jpg,ood_test,test
standfordcars_860,00246.jpg,ood_test,test
standfordcars_861,07529.jpg,ood_test,test
standfordcars_862,06637.jpg,ood_test,test
standfordcars_863,01158.jpg,ood_test,test
standfordcars_864,06151.jpg,ood_test,test
standfordcars_865,00520.jpg,ood_test,test
standfordcars_866,03029.jpg,ood_test,test
standfordcars_867,04746.jpg,ood_test,test
standfordcars_868,05458.jpg,ood_test,test
standfordcars_869,02337.jpg,ood_test,test
standfordcars_870,04752.jpg,ood_test,test
standfordcars_871,02323.jpg,ood_test,test
standfordcars_872,06145.jpg,ood_test,test
standfordcars_873,00534.jpg,ood_test,test
standfordcars_874,00252.jpg,ood_test,test
standfordcars_875,06623.jpg,ood_test,test
standfordcars_876,02445.jpg,ood_test,test
standfordcars_877,03983.jpg,ood_test,test
standfordcars_878,04034.jpg,ood_test,test
standfordcars_879,06964.jpg,ood_test,test
standfordcars_880,04815.jpg,ood_test,test
standfordcars_881,04801.jpg,ood_test,test
standfordcars_882,01979.jpg,ood_test,test
standfordcars_883,06970.jpg,ood_test,test
standfordcars_884,03808.jpg,ood_test,test
standfordcars_885,06958.jpg,ood_test,test
standfordcars_886,06780.jpg,ood_test,test
standfordcars_887,03820.jpg,ood_test,test
standfordcars_888,05289.jpg,ood_test,test
standfordcars_889,04197.jpg,ood_test,test
standfordcars_890,02280.jpg,ood_test,test
standfordcars_891,04829.jpg,ood_test,test
standfordcars_892,01789.jpg,ood_test,test
standfordcars_893,00497.jpg,ood_test,test
standfordcars_894,01951.jpg,ood_test,test
standfordcars_895,00483.jpg,ood_test,test
standfordcars_896,01945.jpg,ood_test,test
standfordcars_897,02294.jpg,ood_test,test
standfordcars_898,03834.jpg,ood_test,test
standfordcars_899,04183.jpg,ood_test,test
standfordcars_900,06794.jpg,ood_test,test
standfordcars_901,01010.jpg,ood_test,test
standfordcars_902,07461.jpg,ood_test,test
standfordcars_903,03607.jpg,ood_test,test
standfordcars_904,04168.jpg,ood_test,test
standfordcars_905,05276.jpg,ood_test,test
standfordcars_906,02519.jpg,ood_test,test
standfordcars_907,05510.jpg,ood_test,test
standfordcars_908,03161.jpg,ood_test,test
standfordcars_909,00468.jpg,ood_test,test
standfordcars_910,08034.jpg,ood_test,test
standfordcars_911,07307.jpg,ood_test,test
standfordcars_912,06019.jpg,ood_test,test
standfordcars_913,01776.jpg,ood_test,test
standfordcars_914,08020.jpg,ood_test,test
standfordcars_915,07313.jpg,ood_test,test
standfordcars_916,01762.jpg,ood_test,test
standfordcars_917,05504.jpg,ood_test,test
standfordcars_918,03175.jpg,ood_test,test
standfordcars_919,03613.jpg,ood_test,test
standfordcars_920,05262.jpg,ood_test,test
standfordcars_921,01004.jpg,ood_test,test
standfordcars_922,07475.jpg,ood_test,test
standfordcars_923,04154.jpg,ood_test,test
standfordcars_924,02525.jpg,ood_test,test
standfordcars_925,06743.jpg,ood_test,test
standfordcars_926,00332.jpg,ood_test,test
standfordcars_927,00454.jpg,ood_test,test
standfordcars_928,01992.jpg,ood_test,test
standfordcars_929,08008.jpg,ood_test,test
standfordcars_930,06025.jpg,ood_test,test
standfordcars_931,02243.jpg,ood_test,test
standfordcars_932,04632.jpg,ood_test,test
standfordcars_933,02257.jpg,ood_test,test
standfordcars_934,05538.jpg,ood_test,test
standfordcars_935,04626.jpg,ood_test,test
standfordcars_936,03149.jpg,ood_test,test
standfordcars_937,00440.jpg,ood_test,test
standfordcars_938,01986.jpg,ood_test,test
standfordcars_939,06031.jpg,ood_test,test
standfordcars_940,01038.jpg,ood_test,test
standfordcars_941,06757.jpg,ood_test,test
standfordcars_942,07449.jpg,ood_test,test
standfordcars_943,00326.jpg,ood_test,test
standfordcars_944,04140.jpg,ood_test,test
standfordcars_945,02531.jpg,ood_test,test
standfordcars_946,05909.jpg,ood_test,test
standfordcars_947,00871.jpg,ood_test,test
standfordcars_948,07878.jpg,ood_test,test
standfordcars_949,02900.jpg,ood_test,test
standfordcars_950,02914.jpg,ood_test,test
standfordcars_951,00865.jpg,ood_test,test
standfordcars_952,00695.jpg,ood_test,test
standfordcars_953,02082.jpg,ood_test,test
standfordcars_954,05935.jpg,ood_test,test
standfordcars_955,04395.jpg,ood_test,test
standfordcars_956,06582.jpg,ood_test,test
standfordcars_957,07844.jpg,ood_test,test
standfordcars_958,06596.jpg,ood_test,test
standfordcars_959,07850.jpg,ood_test,test
standfordcars_960,07688.jpg,ood_test,test
standfordcars_961,04381.jpg,ood_test,test
standfordcars_962,02928.jpg,ood_test,test
standfordcars_963,02096.jpg,ood_test,test
standfordcars_964,05921.jpg,ood_test,test
standfordcars_965,03388.jpg,ood_test,test
standfordcars_966,00681.jpg,ood_test,test
standfordcars_967,00859.jpg,ood_test,test
standfordcars_968,01574.jpg,ood_test,test
standfordcars_969,07105.jpg,ood_test,test
standfordcars_970,03363.jpg,ood_test,test
standfordcars_971,05712.jpg,ood_test,test
standfordcars_972,05074.jpg,ood_test,test
standfordcars_973,03405.jpg,ood_test,test
standfordcars_974,07663.jpg,ood_test,test
standfordcars_975,01212.jpg,ood_test,test
standfordcars_976,00118.jpg,ood_test,test
standfordcars_977,07677.jpg,ood_test,test
standfordcars_978,06569.jpg,ood_test,test
standfordcars_979,01206.jpg,ood_test,test
standfordcars_980,05060.jpg,ood_test,test
standfordcars_981,03411.jpg,ood_test,test
standfordcars_982,03377.jpg,ood_test,test
standfordcars_983,04418.jpg,ood_test,test
standfordcars_984,05706.jpg,ood_test,test
standfordcars_985,02069.jpg,ood_test,test
standfordcars_986,01560.jpg,ood_test,test
standfordcars_987,07111.jpg,ood_test,test
standfordcars_988,04430.jpg,ood_test,test
standfordcars_989,02041.jpg,ood_test,test
standfordcars_990,01548.jpg,ood_test,test
standfordcars_991,06227.jpg,ood_test,test
standfordcars_992,07139.jpg,ood_test,test
standfordcars_993,00656.jpg,ood_test,test
standfordcars_994,00130.jpg,ood_test,test
standfordcars_995,06541.jpg,ood_test,test
standfordcars_996,07887.jpg,ood_test,test
standfordcars_997,02727.jpg,ood_test,test
standfordcars_998,05048.jpg,ood_test,test
standfordcars_999,04356.jpg,ood_test,test
standfordcars_1000,03439.jpg,ood_test,test
standfordcars_1001,02733.jpg,ood_test,test
standfordcars_1002,04342.jpg,ood_test,test
standfordcars_1003,00124.jpg,ood_test,test
standfordcars_1004,06555.jpg,ood_test,test
standfordcars_1005,07893.jpg,ood_test,test
standfordcars_1006,06233.jpg,ood_test,test
standfordcars_1007,00642.jpg,ood_test,test
standfordcars_1008,04424.jpg,ood_test,test
standfordcars_1009,02055.jpg,ood_test,test
standfordcars_1010,07115.jpg,ood_test,test
standfordcars_1011,01564.jpg,ood_test,test
standfordcars_1012,05702.jpg,ood_test,test
standfordcars_1013,03373.jpg,ood_test,test
standfordcars_1014,03415.jpg,ood_test,test
standfordcars_1015,05064.jpg,ood_test,test
standfordcars_1016,01202.jpg,ood_test,test
standfordcars_1017,07673.jpg,ood_test,test
standfordcars_1018,06579.jpg,ood_test,test
standfordcars_1019,01216.jpg,ood_test,test
standfordcars_1020,00108.jpg,ood_test,test
standfordcars_1021,07667.jpg,ood_test,test
standfordcars_1022,03401.jpg,ood_test,test
standfordcars_1023,05070.jpg,ood_test,test
standfordcars_1024,05716.jpg,ood_test,test
standfordcars_1025,02079.jpg,ood_test,test
standfordcars_1026,03367.jpg,ood_test,test
standfordcars_1027,04408.jpg,ood_test,test
standfordcars_1028,07101.jpg,ood_test,test
standfordcars_1029,01570.jpg,ood_test,test
standfordcars_1030,02051.jpg,ood_test,test
standfordcars_1031,04420.jpg,ood_test,test
standfordcars_1032,07129.jpg,ood_test,test
standfordcars_1033,00646.jpg,ood_test,test
standfordcars_1034,01558.jpg,ood_test,test
standfordcars_1035,06237.jpg,ood_test,test
standfordcars_1036,06551.jpg,ood_test,test
standfordcars_1037,07897.jpg,ood_test,test
standfordcars_1038,00120.jpg,ood_test,test
standfordcars_1039,04346.jpg,ood_test,test
standfordcars_1040,03429.jpg,ood_test,test
standfordcars_1041,02737.jpg,ood_test,test
standfordcars_1042,05058.jpg,ood_test,test
standfordcars_1043,04352.jpg,ood_test,test
standfordcars_1044,02723.jpg,ood_test,test
standfordcars_1045,06545.jpg,ood_test,test
standfordcars_1046,07883.jpg,ood_test,test
standfordcars_1047,00134.jpg,ood_test,test
standfordcars_1048,00652.jpg,ood_test,test
standfordcars_1049,06223.jpg,ood_test,test
standfordcars_1050,02045.jpg,ood_test,test
standfordcars_1051,04434.jpg,ood_test,test
standfordcars_1052,05919.jpg,ood_test,test
standfordcars_1053,00861.jpg,ood_test,test
standfordcars_1054,07868.jpg,ood_test,test
standfordcars_1055,02910.jpg,ood_test,test
standfordcars_1056,02904.jpg,ood_test,test
standfordcars_1057,00875.jpg,ood_test,test
standfordcars_1058,00685.jpg,ood_test,test
standfordcars_1059,05925.jpg,ood_test,test
standfordcars_1060,02092.jpg,ood_test,test
standfordcars_1061,04385.jpg,ood_test,test
standfordcars_1062,06592.jpg,ood_test,test
standfordcars_1063,07854.jpg,ood_test,test
standfordcars_1064,07698.jpg,ood_test,test
standfordcars_1065,06586.jpg,ood_test,test
standfordcars_1066,07840.jpg,ood_test,test
standfordcars_1067,02938.jpg,ood_test,test
standfordcars_1068,04391.jpg,ood_test,test
standfordcars_1069,03398.jpg,ood_test,test
standfordcars_1070,05931.jpg,ood_test,test
standfordcars_1071,02086.jpg,ood_test,test
standfordcars_1072,00849.jpg,ood_test,test
standfordcars_1073,00691.jpg,ood_test,test
standfordcars_1074,07471.jpg,ood_test,test
standfordcars_1075,01000.jpg,ood_test,test
standfordcars_1076,05266.jpg,ood_test,test
standfordcars_1077,02509.jpg,ood_test,test
standfordcars_1078,03617.jpg,ood_test,test
standfordcars_1079,04178.jpg,ood_test,test
standfordcars_1080,03171.jpg,ood_test,test
standfordcars_1081,05500.jpg,ood_test,test
standfordcars_1082,06009.jpg,ood_test,test
standfordcars_1083,01766.jpg,ood_test,test
standfordcars_1084,00478.jpg,ood_test,test
standfordcars_1085,07317.jpg,ood_test,test
standfordcars_1086,08024.jpg,ood_test,test
standfordcars_1087,01772.jpg,ood_test,test
standfordcars_1088,07303.jpg,ood_test,test
standfordcars_1089,08030.jpg,ood_test,test
standfordcars_1090,03165.jpg,ood_test,test
standfordcars_1091,05514.jpg,ood_test,test
standfordcars_1092,05272.jpg,ood_test,test
standfordcars_1093,03603.jpg,ood_test,test
standfordcars_1094,07465.jpg,ood_test,test
standfordcars_1095,01014.jpg,ood_test,test
standfordcars_1096,02535.jpg,ood_test,test
standfordcars_1097,04144.jpg,ood_test,test
standfordcars_1098,00322.jpg,ood_test,test
standfordcars_1099,06753.jpg,ood_test,test
standfordcars_1100,06035.jpg,ood_test,test
standfordcars_1101,00444.jpg,ood_test,test
standfordcars_1102,01982.jpg,ood_test,test
standfordcars_1103,08018.jpg,ood_test,test
standfordcars_1104,04622.jpg,ood_test,test
standfordcars_1105,02253.jpg,ood_test,test
standfordcars_1106,04636.jpg,ood_test,test
standfordcars_1107,03159.jpg,ood_test,test
standfordcars_1108,02247.jpg,ood_test,test
standfordcars_1109,05528.jpg,ood_test,test
standfordcars_1110,06021.jpg,ood_test,test
standfordcars_1111,00450.jpg,ood_test,test
standfordcars_1112,01996.jpg,ood_test,test
standfordcars_1113,07459.jpg,ood_test,test
standfordcars_1114,00336.jpg,ood_test,test
standfordcars_1115,01028.jpg,ood_test,test
standfordcars_1116,06747.jpg,ood_test,test
standfordcars_1117,02521.jpg,ood_test,test
standfordcars_1118,04150.jpg,ood_test,test
standfordcars_1119,06974.jpg,ood_test,test
standfordcars_1120,04805.jpg,ood_test,test
standfordcars_1121,04811.jpg,ood_test,test
standfordcars_1122,01969.jpg,ood_test,test
standfordcars_1123,06960.jpg,ood_test,test
standfordcars_1124,03818.jpg,ood_test,test
standfordcars_1125,06790.jpg,ood_test,test
standfordcars_1126,06948.jpg,ood_test,test
standfordcars_1127,04187.jpg,ood_test,test
standfordcars_1128,05299.jpg,ood_test,test
standfordcars_1129,03830.jpg,ood_test,test
standfordcars_1130,04839.jpg,ood_test,test
standfordcars_1131,02290.jpg,ood_test,test
standfordcars_1132,00487.jpg,ood_test,test
standfordcars_1133,01941.jpg,ood_test,test
standfordcars_1134,01799.jpg,ood_test,test
standfordcars_1135,00493.jpg,ood_test,test
standfordcars_1136,01955.jpg,ood_test,test
standfordcars_1137,02284.jpg,ood_test,test
standfordcars_1138,04193.jpg,ood_test,test
standfordcars_1139,03824.jpg,ood_test,test
standfordcars_1140,06784.jpg,ood_test,test
standfordcars_1141,01174.jpg,ood_test,test
standfordcars_1142,07505.jpg,ood_test,test
standfordcars_1143,03763.jpg,ood_test,test
standfordcars_1144,05312.jpg,ood_test,test
standfordcars_1145,05474.jpg,ood_test,test
standfordcars_1146,03005.jpg,ood_test,test
standfordcars_1147,07263.jpg,ood_test,test
standfordcars_1148,01612.jpg,ood_test,test
standfordcars_1149,07277.jpg,ood_test,test
standfordcars_1150,00518.jpg,ood_test,test
standfordcars_1151,01606.jpg,ood_test,test
standfordcars_1152,06169.jpg,ood_test,test
standfordcars_1153,05460.jpg,ood_test,test
standfordcars_1154,03011.jpg,ood_test,test
standfordcars_1155,04018.jpg,ood_test,test
standfordcars_1156,03777.jpg,ood_test,test
standfordcars_1157,02469.jpg,ood_test,test
standfordcars_1158,05306.jpg,ood_test,test
standfordcars_1159,01160.jpg,ood_test,test
standfordcars_1160,07511.jpg,ood_test,test
standfordcars_1161,04030.jpg,ood_test,test
standfordcars_1162,02441.jpg,ood_test,test
standfordcars_1163,03987.jpg,ood_test,test
standfordcars_1164,06627.jpg,ood_test,test
standfordcars_1165,01148.jpg,ood_test,test
standfordcars_1166,00256.jpg,ood_test,test
standfordcars_1167,07539.jpg,ood_test,test
standfordcars_1168,00530.jpg,ood_test,test
standfordcars_1169,06141.jpg,ood_test,test
standfordcars_1170,05448.jpg,ood_test,test
standfordcars_1171,02327.jpg,ood_test,test
standfordcars_1172,03039.jpg,ood_test,test
standfordcars_1173,04756.jpg,ood_test,test
standfordcars_1174,02333.jpg,ood_test,test
standfordcars_1175,04742.jpg,ood_test,test
standfordcars_1176,00524.jpg,ood_test,test
standfordcars_1177,06155.jpg,ood_test,test
standfordcars_1178,06633.jpg,ood_test,test
standfordcars_1179,00242.jpg,ood_test,test
standfordcars_1180,04024.jpg,ood_test,test
standfordcars_1181,02455.jpg,ood_test,test
standfordcars_1182,03993.jpg,ood_test,test
standfordcars_1183,03978.jpg,ood_test,test
standfordcars_1184,06800.jpg,ood_test,test
standfordcars_1185,01809.jpg,ood_test,test
standfordcars_1186,04971.jpg,ood_test,test
standfordcars_1187,04965.jpg,ood_test,test
standfordcars_1188,06814.jpg,ood_test,test
standfordcars_1189,00295.jpg,ood_test,test
standfordcars_1190,02482.jpg,ood_test,test
standfordcars_1191,03944.jpg,ood_test,test
standfordcars_1192,04795.jpg,ood_test,test
standfordcars_1193,06182.jpg,ood_test,test
standfordcars_1194,01835.jpg,ood_test,test
standfordcars_1195,06196.jpg,ood_test,test
standfordcars_1196,01821.jpg,ood_test,test
standfordcars_1197,07288.jpg,ood_test,test
standfordcars_1198,04781.jpg,ood_test,test
standfordcars_1199,04959.jpg,ood_test,test
standfordcars_1200,02496.jpg,ood_test,test
standfordcars_1201,03950.jpg,ood_test,test
standfordcars_1202,03788.jpg,ood_test,test
standfordcars_1203,00281.jpg,ood_test,test
standfordcars_1204,06828.jpg,ood_test,test
standfordcars_1205,01410.jpg,ood_test,test
standfordcars_1206,07061.jpg,ood_test,test
standfordcars_1207,04568.jpg,ood_test,test
standfordcars_1208,03207.jpg,ood_test,test
standfordcars_1209,02119.jpg,ood_test,test
standfordcars_1210,05676.jpg,ood_test,test
standfordcars_1211,05110.jpg,ood_test,test
standfordcars_1212,03561.jpg,ood_test,test
standfordcars_1213,07707.jpg,ood_test,test
standfordcars_1214,00068.jpg,ood_test,test
standfordcars_1215,01376.jpg,ood_test,test
standfordcars_1216,06419.jpg,ood_test,test
standfordcars_1217,07713.jpg,ood_test,test
standfordcars_1218,01362.jpg,ood_test,test
standfordcars_1219,05104.jpg,ood_test,test
standfordcars_1220,03575.jpg,ood_test,test
standfordcars_1221,03213.jpg,ood_test,test
standfordcars_1222,05662.jpg,ood_test,test
standfordcars_1223,01404.jpg,ood_test,test
standfordcars_1224,07075.jpg,ood_test,test
standfordcars_1225,04554.jpg,ood_test,test
standfordcars_1226,05892.jpg,ood_test,test
standfordcars_1227,02125.jpg,ood_test,test
standfordcars_1228,06343.jpg,ood_test,test
standfordcars_1229,00732.jpg,ood_test,test
standfordcars_1230,00054.jpg,ood_test,test
standfordcars_1231,06425.jpg,ood_test,test
standfordcars_1232,02643.jpg,ood_test,test
standfordcars_1233,04232.jpg,ood_test,test
standfordcars_1234,05138.jpg,ood_test,test
standfordcars_1235,02657.jpg,ood_test,test
standfordcars_1236,03549.jpg,ood_test,test
standfordcars_1237,04226.jpg,ood_test,test
standfordcars_1238,00040.jpg,ood_test,test
standfordcars_1239,06431.jpg,ood_test,test
standfordcars_1240,06357.jpg,ood_test,test
standfordcars_1241,01438.jpg,ood_test,test
standfordcars_1242,00726.jpg,ood_test,test
standfordcars_1243,07049.jpg,ood_test,test
standfordcars_1244,04540.jpg,ood_test,test
standfordcars_1245,05886.jpg,ood_test,test
standfordcars_1246,02131.jpg,ood_test,test
standfordcars_1247,00915.jpg,ood_test,test
standfordcars_1248,02864.jpg,ood_test,test
standfordcars_1249,02870.jpg,ood_test,test
standfordcars_1250,07908.jpg,ood_test,test
standfordcars_1251,00901.jpg,ood_test,test
standfordcars_1252,05879.jpg,ood_test,test
standfordcars_1253,06380.jpg,ood_test,test
standfordcars_1254,00929.jpg,ood_test,test
standfordcars_1255,05689.jpg,ood_test,test
standfordcars_1256,04597.jpg,ood_test,test
standfordcars_1257,05851.jpg,ood_test,test
standfordcars_1258,02858.jpg,ood_test,test
standfordcars_1259,02680.jpg,ood_test,test
standfordcars_1260,07920.jpg,ood_test,test
standfordcars_1261,01389.jpg,ood_test,test
standfordcars_1262,00097.jpg,ood_test,test
standfordcars_1263,07934.jpg,ood_test,test
standfordcars_1264,00083.jpg,ood_test,test
standfordcars_1265,02694.jpg,ood_test,test
standfordcars_1266,04583.jpg,ood_test,test
standfordcars_1267,05845.jpg,ood_test,test
standfordcars_1268,06394.jpg,ood_test,test
standfordcars_1269,02695.jpg,ood_test,test
standfordcars_1270,00082.jpg,ood_test,test
standfordcars_1271,07935.jpg,ood_test,test
standfordcars_1272,06395.jpg,ood_test,test
standfordcars_1273,05844.jpg,ood_test,test
standfordcars_1274,04582.jpg,ood_test,test
standfordcars_1275,05850.jpg,ood_test,test
standfordcars_1276,04596.jpg,ood_test,test
standfordcars_1277,05688.jpg,ood_test,test
standfordcars_1278,00928.jpg,ood_test,test
standfordcars_1279,06381.jpg,ood_test,test
standfordcars_1280,00096.jpg,ood_test,test
standfordcars_1281,01388.jpg,ood_test,test
standfordcars_1282,07921.jpg,ood_test,test
standfordcars_1283,02681.jpg,ood_test,test
standfordcars_1284,02859.jpg,ood_test,test
standfordcars_1285,07909.jpg,ood_test,test
standfordcars_1286,02871.jpg,ood_test,test
standfordcars_1287,05878.jpg,ood_test,test
standfordcars_1288,00900.jpg,ood_test,test
standfordcars_1289,00914.jpg,ood_test,test
standfordcars_1290,02865.jpg,ood_test,test
standfordcars_1291,06430.jpg,ood_test,test
standfordcars_1292,00041.jpg,ood_test,test
standfordcars_1293,04227.jpg,ood_test,test
standfordcars_1294,03548.jpg,ood_test,test
standfordcars_1295,02656.jpg,ood_test,test
standfordcars_1296,05139.jpg,ood_test,test
standfordcars_1297,02130.jpg,ood_test,test
standfordcars_1298,05887.jpg,ood_test,test
standfordcars_1299,04541.jpg,ood_test,test
standfordcars_1300,07048.jpg,ood_test,test
standfordcars_1301,00727.jpg,ood_test,test
standfordcars_1302,01439.jpg,ood_test,test
standfordcars_1303,06356.jpg,ood_test,test
standfordcars_1304,00733.jpg,ood_test,test
standfordcars_1305,06342.jpg,ood_test,test
standfordcars_1306,02124.jpg,ood_test,test
standfordcars_1307,05893.jpg,ood_test,test
standfordcars_1308,04555.jpg,ood_test,test
standfordcars_1309,04233.jpg,ood_test,test
standfordcars_1310,02642.jpg,ood_test,test
standfordcars_1311,06424.jpg,ood_test,test
standfordcars_1312,00055.jpg,ood_test,test
standfordcars_1313,03574.jpg,ood_test,test
standfordcars_1314,05105.jpg,ood_test,test
standfordcars_1315,01363.jpg,ood_test,test
standfordcars_1316,07712.jpg,ood_test,test
standfordcars_1317,07074.jpg,ood_test,test
standfordcars_1318,01405.jpg,ood_test,test
standfordcars_1319,05663.jpg,ood_test,test
standfordcars_1320,03212.jpg,ood_test,test
standfordcars_1321,05677.jpg,ood_test,test
standfordcars_1322,02118.jpg,ood_test,test
standfordcars_1323,03206.jpg,ood_test,test
standfordcars_1324,04569.jpg,ood_test,test
standfordcars_1325,07060.jpg,ood_test,test
standfordcars_1326,01411.jpg,ood_test,test
standfordcars_1327,06418.jpg,ood_test,test
standfordcars_1328,01377.jpg,ood_test,test
standfordcars_1329,00069.jpg,ood_test,test
standfordcars_1330,07706.jpg,ood_test,test
standfordcars_1331,03560.jpg,ood_test,test
standfordcars_1332,05111.jpg,ood_test,test
standfordcars_1333,04958.jpg,ood_test,test
standfordcars_1334,04780.jpg,ood_test,test
standfordcars_1335,07289.jpg,ood_test,test
standfordcars_1336,01820.jpg,ood_test,test
standfordcars_1337,06197.jpg,ood_test,test
standfordcars_1338,06829.jpg,ood_test,test
standfordcars_1339,00280.jpg,ood_test,test
standfordcars_1340,03789.jpg,ood_test,test
standfordcars_1341,03951.jpg,ood_test,test
standfordcars_1342,02497.jpg,ood_test,test
standfordcars_1343,03945.jpg,ood_test,test
standfordcars_1344,02483.jpg,ood_test,test
standfordcars_1345,00294.jpg,ood_test,test
standfordcars_1346,01834.jpg,ood_test,test
standfordcars_1347,06183.jpg,ood_test,test
standfordcars_1348,04794.jpg,ood_test,test
standfordcars_1349,04964.jpg,ood_test,test
standfordcars_1350,06815.jpg,ood_test,test
standfordcars_1351,06801.jpg,ood_test,test
standfordcars_1352,03979.jpg,ood_test,test
standfordcars_1353,04970.jpg,ood_test,test
standfordcars_1354,01808.jpg,ood_test,test
standfordcars_1355,06154.jpg,ood_test,test
standfordcars_1356,00525.jpg,ood_test,test
standfordcars_1357,04743.jpg,ood_test,test
standfordcars_1358,02332.jpg,ood_test,test
standfordcars_1359,03992.jpg,ood_test,test
standfordcars_1360,02454.jpg,ood_test,test
standfordcars_1361,04025.jpg,ood_test,test
standfordcars_1362,00243.jpg,ood_test,test
standfordcars_1363,06632.jpg,ood_test,test
standfordcars_1364,07538.jpg,ood_test,test
standfordcars_1365,00257.jpg,ood_test,test
standfordcars_1366,01149.jpg,ood_test,test
standfordcars_1367,06626.jpg,ood_test,test
standfordcars_1368,03986.jpg,ood_test,test
standfordcars_1369,02440.jpg,ood_test,test
standfordcars_1370,04031.jpg,ood_test,test
standfordcars_1371,04757.jpg,ood_test,test
standfordcars_1372,03038.jpg,ood_test,test
standfordcars_1373,02326.jpg,ood_test,test
standfordcars_1374,05449.jpg,ood_test,test
standfordcars_1375,06140.jpg,ood_test,test
standfordcars_1376,00531.jpg,ood_test,test
standfordcars_1377,03010.jpg,ood_test,test
standfordcars_1378,05461.jpg,ood_test,test
standfordcars_1379,06168.jpg,ood_test,test
standfordcars_1380,01607.jpg,ood_test,test
standfordcars_1381,00519.jpg,ood_test,test
standfordcars_1382,07276.jpg,ood_test,test
standfordcars_1383,07510.jpg,ood_test,test
standfordcars_1384,01161.jpg,ood_test,test
standfordcars_1385,05307.jpg,ood_test,test
standfordcars_1386,02468.jpg,ood_test,test
standfordcars_1387,03776.jpg,ood_test,test
standfordcars_1388,04019.jpg,ood_test,test
standfordcars_1389,05313.jpg,ood_test,test
standfordcars_1390,03762.jpg,ood_test,test
standfordcars_1391,07504.jpg,ood_test,test
standfordcars_1392,01175.jpg,ood_test,test
standfordcars_1393,01613.jpg,ood_test,test
standfordcars_1394,07262.jpg,ood_test,test
standfordcars_1395,03004.jpg,ood_test,test
standfordcars_1396,05475.jpg,ood_test,test
standfordcars_1397,02285.jpg,ood_test,test
standfordcars_1398,01954.jpg,ood_test,test
standfordcars_1399,00492.jpg,ood_test,test
standfordcars_1400,06785.jpg,ood_test,test
standfordcars_1401,03825.jpg,ood_test,test
standfordcars_1402,04192.jpg,ood_test,test
standfordcars_1403,03831.jpg,ood_test,test
standfordcars_1404,05298.jpg,ood_test,test
standfordcars_1405,04186.jpg,ood_test,test
standfordcars_1406,06949.jpg,ood_test,test
standfordcars_1407,06791.jpg,ood_test,test
standfordcars_1408,01798.jpg,ood_test,test
standfordcars_1409,01940.jpg,ood_test,test
standfordcars_1410,00486.jpg,ood_test,test
standfordcars_1411,02291.jpg,ood_test,test
standfordcars_1412,04838.jpg,ood_test,test
standfordcars_1413,01968.jpg,ood_test,test
standfordcars_1414,04810.jpg,ood_test,test
standfordcars_1415,03819.jpg,ood_test,test
standfordcars_1416,06961.jpg,ood_test,test
standfordcars_1417,06975.jpg,ood_test,test
standfordcars_1418,04804.jpg,ood_test,test
standfordcars_1419,01997.jpg,ood_test,test
standfordcars_1420,00451.jpg,ood_test,test
standfordcars_1421,06020.jpg,ood_test,test
standfordcars_1422,05529.jpg,ood_test,test
standfordcars_1423,02246.jpg,ood_test,test
standfordcars_1424,03158.jpg,ood_test,test
standfordcars_1425,04637.jpg,ood_test,test
standfordcars_1426,04151.jpg,ood_test,test
standfordcars_1427,02520.jpg,ood_test,test
standfordcars_1428,06746.jpg,ood_test,test
standfordcars_1429,01029.jpg,ood_test,test
standfordcars_1430,00337.jpg,ood_test,test
standfordcars_1431,07458.jpg,ood_test,test
standfordcars_1432,06752.jpg,ood_test,test
standfordcars_1433,00323.jpg,ood_test,test
standfordcars_1434,04145.jpg,ood_test,test
standfordcars_1435,02534.jpg,ood_test,test
standfordcars_1436,02252.jpg,ood_test,test
standfordcars_1437,04623.jpg,ood_test,test
standfordcars_1438,01983.jpg,ood_test,test
standfordcars_1439,08019.jpg,ood_test,test
standfordcars_1440,00445.jpg,ood_test,test
standfordcars_1441,06034.jpg,ood_test,test
standfordcars_1442,05515.jpg,ood_test,test
standfordcars_1443,03164.jpg,ood_test,test
standfordcars_1444,08031.jpg,ood_test,test
standfordcars_1445,07302.jpg,ood_test,test
standfordcars_1446,01773.jpg,ood_test,test
standfordcars_1447,01015.jpg,ood_test,test
standfordcars_1448,07464.jpg,ood_test,test
standfordcars_1449,03602.jpg,ood_test,test
standfordcars_1450,05273.jpg,ood_test,test
standfordcars_1451,04179.jpg,ood_test,test
standfordcars_1452,03616.jpg,ood_test,test
standfordcars_1453,02508.jpg,ood_test,test
standfordcars_1454,05267.jpg,ood_test,test
standfordcars_1455,01001.jpg,ood_test,test
standfordcars_1456,07470.jpg,ood_test,test
standfordcars_1457,08025.jpg,ood_test,test
standfordcars_1458,07316.jpg,ood_test,test
standfordcars_1459,00479.jpg,ood_test,test
standfordcars_1460,01767.jpg,ood_test,test
standfordcars_1461,06008.jpg,ood_test,test
standfordcars_1462,05501.jpg,ood_test,test
standfordcars_1463,03170.jpg,ood_test,test
standfordcars_1464,04390.jpg,ood_test,test
standfordcars_1465,02939.jpg,ood_test,test
standfordcars_1466,07841.jpg,ood_test,test
standfordcars_1467,06587.jpg,ood_test,test
standfordcars_1468,07699.jpg,ood_test,test
standfordcars_1469,00690.jpg,ood_test,test
standfordcars_1470,00848.jpg,ood_test,test
standfordcars_1471,02087.jpg,ood_test,test
standfordcars_1472,05930.jpg,ood_test,test
standfordcars_1473,03399.jpg,ood_test,test
standfordcars_1474,02093.jpg,ood_test,test
standfordcars_1475,05924.jpg,ood_test,test
standfordcars_1476,00684.jpg,ood_test,test
standfordcars_1477,07855.jpg,ood_test,test
standfordcars_1478,06593.jpg,ood_test,test
standfordcars_1479,04384.jpg,ood_test,test
standfordcars_1480,02905.jpg,ood_test,test
standfordcars_1481,00874.jpg,ood_test,test
standfordcars_1482,00860.jpg,ood_test,test
standfordcars_1483,05918.jpg,ood_test,test
standfordcars_1484,02911.jpg,ood_test,test
standfordcars_1485,07869.jpg,ood_test,test
standfordcars_1486,00135.jpg,ood_test,test
standfordcars_1487,07882.jpg,ood_test,test
standfordcars_1488,06544.jpg,ood_test,test
standfordcars_1489,02722.jpg,ood_test,test
standfordcars_1490,04353.jpg,ood_test,test
standfordcars_1491,04435.jpg,ood_test,test
standfordcars_1492,02044.jpg,ood_test,test
standfordcars_1493,06222.jpg,ood_test,test
standfordcars_1494,00653.jpg,ood_test,test
standfordcars_1495,06236.jpg,ood_test,test
standfordcars_1496,01559.jpg,ood_test,test
standfordcars_1497,00647.jpg,ood_test,test
standfordcars_1498,07128.jpg,ood_test,test
standfordcars_1499,04421.jpg,ood_test,test
standfordcars_1500,02050.jpg,ood_test,test
standfordcars_1501,05059.jpg,ood_test,test
standfordcars_1502,02736.jpg,ood_test,test
standfordcars_1503,03428.jpg,ood_test,test
standfordcars_1504,04347.jpg,ood_test,test
standfordcars_1505,00121.jpg,ood_test,test
standfordcars_1506,07896.jpg,ood_test,test
standfordcars_1507,06550.jpg,ood_test,test
standfordcars_1508,05071.jpg,ood_test,test
standfordcars_1509,03400.jpg,ood_test,test
standfordcars_1510,07666.jpg,ood_test,test
standfordcars_1511,00109.jpg,ood_test,test
standfordcars_1512,01217.jpg,ood_test,test
standfordcars_1513,06578.jpg,ood_test,test
standfordcars_1514,01571.jpg,ood_test,test
standfordcars_1515,07100.jpg,ood_test,test
standfordcars_1516,04409.jpg,ood_test,test
standfordcars_1517,03366.jpg,ood_test,test
standfordcars_1518,02078.jpg,ood_test,test
standfordcars_1519,05717.jpg,ood_test,test
standfordcars_1520,03372.jpg,ood_test,test
standfordcars_1521,05703.jpg,ood_test,test
standfordcars_1522,01565.jpg,ood_test,test
standfordcars_1523,07114.jpg,ood_test,test
standfordcars_1524,07672.jpg,ood_test,test
standfordcars_1525,01203.jpg,ood_test,test
standfordcars_1526,05065.jpg,ood_test,test
standfordcars_1527,03414.jpg,ood_test,test
standfordcars_1528,05715.jpg,ood_test,test
standfordcars_1529,03364.jpg,ood_test,test
standfordcars_1530,07102.jpg,ood_test,test
standfordcars_1531,01573.jpg,ood_test,test
standfordcars_1532,01215.jpg,ood_test,test
standfordcars_1533,07664.jpg,ood_test,test
standfordcars_1534,03402.jpg,ood_test,test
standfordcars_1535,05073.jpg,ood_test,test
standfordcars_1536,04379.jpg,ood_test,test
standfordcars_1537,03416.jpg,ood_test,test
standfordcars_1538,02708.jpg,ood_test,test
standfordcars_1539,05067.jpg,ood_test,test
standfordcars_1540,01201.jpg,ood_test,test
standfordcars_1541,07670.jpg,ood_test,test
standfordcars_1542,07116.jpg,ood_test,test
standfordcars_1543,00679.jpg,ood_test,test
standfordcars_1544,01567.jpg,ood_test,test
standfordcars_1545,06208.jpg,ood_test,test
standfordcars_1546,05701.jpg,ood_test,test
standfordcars_1547,03370.jpg,ood_test,test
standfordcars_1548,00651.jpg,ood_test,test
standfordcars_1549,00889.jpg,ood_test,test
standfordcars_1550,06220.jpg,ood_test,test
standfordcars_1551,05729.jpg,ood_test,test
standfordcars_1552,02046.jpg,ood_test,test
standfordcars_1553,03358.jpg,ood_test,test
standfordcars_1554,04437.jpg,ood_test,test
standfordcars_1555,04351.jpg,ood_test,test
standfordcars_1556,02720.jpg,ood_test,test
standfordcars_1557,06546.jpg,ood_test,test
standfordcars_1558,01229.jpg,ood_test,test
standfordcars_1559,07880.jpg,ood_test,test
standfordcars_1560,00137.jpg,ood_test,test
standfordcars_1561,07658.jpg,ood_test,test
standfordcars_1562,06552.jpg,ood_test,test
standfordcars_1563,07894.jpg,ood_test,test
standfordcars_1564,00123.jpg,ood_test,test
standfordcars_1565,04345.jpg,ood_test,test
standfordcars_1566,02734.jpg,ood_test,test
standfordcars_1567,02052.jpg,ood_test,test
standfordcars_1568,04423.jpg,ood_test,test
standfordcars_1569,00645.jpg,ood_test,test
standfordcars_1570,06234.jpg,ood_test,test
standfordcars_1571,00876.jpg,ood_test,test
standfordcars_1572,02907.jpg,ood_test,test
standfordcars_1573,02913.jpg,ood_test,test
standfordcars_1574,00862.jpg,ood_test,test
standfordcars_1575,05932.jpg,ood_test,test
standfordcars_1576,02085.jpg,ood_test,test
standfordcars_1577,00692.jpg,ood_test,test
standfordcars_1578,06585.jpg,ood_test,test
standfordcars_1579,07843.jpg,ood_test,test
standfordcars_1580,04392.jpg,ood_test,test
standfordcars_1581,05098.jpg,ood_test,test
standfordcars_1582,04386.jpg,ood_test,test
standfordcars_1583,06591.jpg,ood_test,test
standfordcars_1584,07857.jpg,ood_test,test
standfordcars_1585,01598.jpg,ood_test,test
standfordcars_1586,00686.jpg,ood_test,test
standfordcars_1587,05926.jpg,ood_test,test
standfordcars_1588,02091.jpg,ood_test,test
standfordcars_1589,05271.jpg,ood_test,test
standfordcars_1590,03600.jpg,ood_test,test
standfordcars_1591,07466.jpg,ood_test,test
standfordcars_1592,00309.jpg,ood_test,test
standfordcars_1593,01017.jpg,ood_test,test
standfordcars_1594,06778.jpg,ood_test,test
standfordcars_1595,01771.jpg,ood_test,test
standfordcars_1596,08033.jpg,ood_test,test
standfordcars_1597,07300.jpg,ood_test,test
standfordcars_1598,04609.jpg,ood_test,test
standfordcars_1599,03166.jpg,ood_test,test
standfordcars_1600,02278.jpg,ood_test,test
standfordcars_1601,05517.jpg,ood_test,test
standfordcars_1602,03172.jpg,ood_test,test
standfordcars_1603,05503.jpg,ood_test,test
standfordcars_1604,01765.jpg,ood_test,test
standfordcars_1605,08027.jpg,ood_test,test
standfordcars_1606,07314.jpg,ood_test,test
standfordcars_1607,07472.jpg,ood_test,test
standfordcars_1608,01003.jpg,ood_test,test
standfordcars_1609,05265.jpg,ood_test,test
standfordcars_1610,03614.jpg,ood_test,test
standfordcars_1611,00335.jpg,ood_test,test
standfordcars_1612,06744.jpg,ood_test,test
standfordcars_1613,02522.jpg,ood_test,test
standfordcars_1614,04153.jpg,ood_test,test
standfordcars_1615,04635.jpg,ood_test,test
standfordcars_1616,02244.jpg,ood_test,test
standfordcars_1617,06022.jpg,ood_test,test
standfordcars_1618,00453.jpg,ood_test,test
standfordcars_1619,01995.jpg,ood_test,test
standfordcars_1620,06036.jpg,ood_test,test
standfordcars_1621,01759.jpg,ood_test,test
standfordcars_1622,00447.jpg,ood_test,test
standfordcars_1623,07328.jpg,ood_test,test
standfordcars_1624,01981.jpg,ood_test,test
standfordcars_1625,04621.jpg,ood_test,test
standfordcars_1626,02250.jpg,ood_test,test
standfordcars_1627,05259.jpg,ood_test,test
standfordcars_1628,02536.jpg,ood_test,test
standfordcars_1629,03628.jpg,ood_test,test
standfordcars_1630,04147.jpg,ood_test,test
standfordcars_1631,06988.jpg,ood_test,test
standfordcars_1632,00321.jpg,ood_test,test
standfordcars_1633,06750.jpg,ood_test,test
standfordcars_1634,06963.jpg,ood_test,test
standfordcars_1635,04812.jpg,ood_test,test
standfordcars_1636,04806.jpg,ood_test,test
standfordcars_1637,06977.jpg,ood_test,test
standfordcars_1638,04190.jpg,ood_test,test
standfordcars_1639,03827.jpg,ood_test,test
standfordcars_1640,06787.jpg,ood_test,test
standfordcars_1641,07499.jpg,ood_test,test
standfordcars_1642,00490.jpg,ood_test,test
standfordcars_1643,01956.jpg,ood_test,test
standfordcars_1644,02287.jpg,ood_test,test
standfordcars_1645,03199.jpg,ood_test,test
standfordcars_1646,02293.jpg,ood_test,test
standfordcars_1647,00484.jpg,ood_test,test
standfordcars_1648,01942.jpg,ood_test,test
standfordcars_1649,06793.jpg,ood_test,test
standfordcars_1650,04184.jpg,ood_test,test
standfordcars_1651,03833.jpg,ood_test,test
standfordcars_1652,03774.jpg,ood_test,test
standfordcars_1653,05305.jpg,ood_test,test
standfordcars_1654,01163.jpg,ood_test,test
standfordcars_1655,07512.jpg,ood_test,test
standfordcars_1656,07274.jpg,ood_test,test
standfordcars_1657,01605.jpg,ood_test,test
standfordcars_1658,05463.jpg,ood_test,test
standfordcars_1659,03012.jpg,ood_test,test
standfordcars_1660,05477.jpg,ood_test,test
standfordcars_1661,02318.jpg,ood_test,test
standfordcars_1662,03006.jpg,ood_test,test
standfordcars_1663,04769.jpg,ood_test,test
standfordcars_1664,07260.jpg,ood_test,test
standfordcars_1665,01611.jpg,ood_test,test
standfordcars_1666,06618.jpg,ood_test,test
standfordcars_1667,01177.jpg,ood_test,test
standfordcars_1668,00269.jpg,ood_test,test
standfordcars_1669,07506.jpg,ood_test,test
standfordcars_1670,03760.jpg,ood_test,test
standfordcars_1671,05311.jpg,ood_test,test
standfordcars_1672,06630.jpg,ood_test,test
standfordcars_1673,00241.jpg,ood_test,test
standfordcars_1674,04027.jpg,ood_test,test
standfordcars_1675,03748.jpg,ood_test,test
standfordcars_1676,02456.jpg,ood_test,test
standfordcars_1677,03990.jpg,ood_test,test
standfordcars_1678,05339.jpg,ood_test,test
standfordcars_1679,02330.jpg,ood_test,test
standfordcars_1680,04999.jpg,ood_test,test
standfordcars_1681,04741.jpg,ood_test,test
standfordcars_1682,07248.jpg,ood_test,test
standfordcars_1683,00527.jpg,ood_test,test
standfordcars_1684,01639.jpg,ood_test,test
standfordcars_1685,06156.jpg,ood_test,test
standfordcars_1686,00533.jpg,ood_test,test
standfordcars_1687,06142.jpg,ood_test,test
standfordcars_1688,02324.jpg,ood_test,test
standfordcars_1689,04755.jpg,ood_test,test
standfordcars_1690,04033.jpg,ood_test,test
standfordcars_1691,02442.jpg,ood_test,test
standfordcars_1692,03984.jpg,ood_test,test
standfordcars_1693,06624.jpg,ood_test,test
standfordcars_1694,00255.jpg,ood_test,test
standfordcars_1695,06817.jpg,ood_test,test
standfordcars_1696,04966.jpg,ood_test,test
standfordcars_1697,04972.jpg,ood_test,test
standfordcars_1698,06803.jpg,ood_test,test
standfordcars_1699,02495.jpg,ood_test,test
standfordcars_1700,03953.jpg,ood_test,test
standfordcars_1701,00282.jpg,ood_test,test
standfordcars_1702,06195.jpg,ood_test,test
standfordcars_1703,01822.jpg,ood_test,test
standfordcars_1704,04782.jpg,ood_test,test
standfordcars_1705,04796.jpg,ood_test,test
standfordcars_1706,05488.jpg,ood_test,test
standfordcars_1707,06181.jpg,ood_test,test
standfordcars_1708,01836.jpg,ood_test,test
standfordcars_1709,00296.jpg,ood_test,test
standfordcars_1710,01188.jpg,ood_test,test
standfordcars_1711,02481.jpg,ood_test,test
standfordcars_1712,03947.jpg,ood_test,test
standfordcars_1713,03210.jpg,ood_test,test
standfordcars_1714,05661.jpg,ood_test,test
standfordcars_1715,06368.jpg,ood_test,test
standfordcars_1716,01407.jpg,ood_test,test
standfordcars_1717,00719.jpg,ood_test,test
standfordcars_1718,07076.jpg,ood_test,test
standfordcars_1719,07710.jpg,ood_test,test
standfordcars_1720,01361.jpg,ood_test,test
standfordcars_1721,05107.jpg,ood_test,test
standfordcars_1722,02668.jpg,ood_test,test
standfordcars_1723,03576.jpg,ood_test,test
standfordcars_1724,04219.jpg,ood_test,test
standfordcars_1725,05113.jpg,ood_test,test
standfordcars_1726,03562.jpg,ood_test,test
standfordcars_1727,07704.jpg,ood_test,test
standfordcars_1728,01375.jpg,ood_test,test
standfordcars_1729,01413.jpg,ood_test,test
standfordcars_1730,07062.jpg,ood_test,test
standfordcars_1731,03204.jpg,ood_test,test
standfordcars_1732,05675.jpg,ood_test,test
standfordcars_1733,06354.jpg,ood_test,test
standfordcars_1734,00725.jpg,ood_test,test
standfordcars_1735,04543.jpg,ood_test,test
standfordcars_1736,05885.jpg,ood_test,test
standfordcars_1737,02132.jpg,ood_test,test
standfordcars_1738,02654.jpg,ood_test,test
standfordcars_1739,04225.jpg,ood_test,test
standfordcars_1740,00043.jpg,ood_test,test
standfordcars_1741,06432.jpg,ood_test,test
standfordcars_1742,07738.jpg,ood_test,test
standfordcars_1743,00057.jpg,ood_test,test
standfordcars_1744,01349.jpg,ood_test,test
standfordcars_1745,06426.jpg,ood_test,test
standfordcars_1746,02640.jpg,ood_test,test
standfordcars_1747,04231.jpg,ood_test,test
standfordcars_1748,02898.jpg,ood_test,test
standfordcars_1749,04557.jpg,ood_test,test
standfordcars_1750,05891.jpg,ood_test,test
standfordcars_1751,03238.jpg,ood_test,test
standfordcars_1752,02126.jpg,ood_test,test
standfordcars_1753,05649.jpg,ood_test,test
standfordcars_1754,06340.jpg,ood_test,test
standfordcars_1755,00731.jpg,ood_test,test
standfordcars_1756,00902.jpg,ood_test,test
standfordcars_1757,02873.jpg,ood_test,test
standfordcars_1758,02867.jpg,ood_test,test
standfordcars_1759,00916.jpg,ood_test,test
standfordcars_1760,04580.jpg,ood_test,test
standfordcars_1761,05846.jpg,ood_test,test
standfordcars_1762,07089.jpg,ood_test,test
standfordcars_1763,06397.jpg,ood_test,test
standfordcars_1764,07937.jpg,ood_test,test
standfordcars_1765,00080.jpg,ood_test,test
standfordcars_1766,03589.jpg,ood_test,test
standfordcars_1767,02697.jpg,ood_test,test
standfordcars_1768,02683.jpg,ood_test,test
standfordcars_1769,07923.jpg,ood_test,test
standfordcars_1770,00094.jpg,ood_test,test
standfordcars_1771,06383.jpg,ood_test,test
standfordcars_1772,04594.jpg,ood_test,test
standfordcars_1773,05852.jpg,ood_test,test
standfordcars_1774,00095.jpg,ood_test,test
standfordcars_1775,07922.jpg,ood_test,test
standfordcars_1776,02682.jpg,ood_test,test
standfordcars_1777,05853.jpg,ood_test,test
standfordcars_1778,04595.jpg,ood_test,test
standfordcars_1779,06382.jpg,ood_test,test
standfordcars_1780,06396.jpg,ood_test,test
standfordcars_1781,07088.jpg,ood_test,test
standfordcars_1782,05847.jpg,ood_test,test
standfordcars_1783,04581.jpg,ood_test,test
standfordcars_1784,02696.jpg,ood_test,test
standfordcars_1785,03588.jpg,ood_test,test
standfordcars_1786,00081.jpg,ood_test,test
standfordcars_1787,07936.jpg,ood_test,test
standfordcars_1788,02866.jpg,ood_test,test
standfordcars_1789,00917.jpg,ood_test,test
standfordcars_1790,00903.jpg,ood_test,test
standfordcars_1791,02872.jpg,ood_test,test
standfordcars_1792,02899.jpg,ood_test,test
standfordcars_1793,04230.jpg,ood_test,test
standfordcars_1794,02641.jpg,ood_test,test
standfordcars_1795,06427.jpg,ood_test,test
standfordcars_1796,01348.jpg,ood_test,test
standfordcars_1797,00056.jpg,ood_test,test
standfordcars_1798,07739.jpg,ood_test,test
standfordcars_1799,00730.jpg,ood_test,test
standfordcars_1800,06341.jpg,ood_test,test
standfordcars_1801,05648.jpg,ood_test,test
standfordcars_1802,02127.jpg,ood_test,test
standfordcars_1803,03239.jpg,ood_test,test
standfordcars_1804,05890.jpg,ood_test,test
standfordcars_1805,04556.jpg,ood_test,test
standfordcars_1806,02133.jpg,ood_test,test
standfordcars_1807,05884.jpg,ood_test,test
standfordcars_1808,04542.jpg,ood_test,test
standfordcars_1809,00724.jpg,ood_test,test
standfordcars_1810,06355.jpg,ood_test,test
standfordcars_1811,06433.jpg,ood_test,test
standfordcars_1812,00042.jpg,ood_test,test
standfordcars_1813,04224.jpg,ood_test,test
standfordcars_1814,02655.jpg,ood_test,test
standfordcars_1815,01374.jpg,ood_test,test
standfordcars_1816,07705.jpg,ood_test,test
standfordcars_1817,03563.jpg,ood_test,test
standfordcars_1818,05112.jpg,ood_test,test
standfordcars_1819,05674.jpg,ood_test,test
standfordcars_1820,03205.jpg,ood_test,test
standfordcars_1821,07063.jpg,ood_test,test
standfordcars_1822,01412.jpg,ood_test,test
standfordcars_1823,07077.jpg,ood_test,test
standfordcars_1824,00718.jpg,ood_test,test
standfordcars_1825,01406.jpg,ood_test,test
standfordcars_1826,06369.jpg,ood_test,test
standfordcars_1827,05660.jpg,ood_test,test
standfordcars_1828,03211.jpg,ood_test,test
standfordcars_1829,04218.jpg,ood_test,test
standfordcars_1830,03577.jpg,ood_test,test
standfordcars_1831,02669.jpg,ood_test,test
standfordcars_1832,05106.jpg,ood_test,test
standfordcars_1833,01360.jpg,ood_test,test
standfordcars_1834,07711.jpg,ood_test,test
standfordcars_1835,01837.jpg,ood_test,test
standfordcars_1836,06180.jpg,ood_test,test
standfordcars_1837,05489.jpg,ood_test,test
standfordcars_1838,04797.jpg,ood_test,test
standfordcars_1839,03946.jpg,ood_test,test
standfordcars_1840,02480.jpg,ood_test,test
standfordcars_1841,01189.jpg,ood_test,test
standfordcars_1842,00297.jpg,ood_test,test
standfordcars_1843,00283.jpg,ood_test,test
standfordcars_1844,03952.jpg,ood_test,test
standfordcars_1845,02494.jpg,ood_test,test
standfordcars_1846,04783.jpg,ood_test,test
standfordcars_1847,01823.jpg,ood_test,test
standfordcars_1848,06194.jpg,ood_test,test
standfordcars_1849,04973.jpg,ood_test,test
standfordcars_1850,06802.jpg,ood_test,test
standfordcars_1851,06816.jpg,ood_test,test
standfordcars_1852,04967.jpg,ood_test,test
standfordcars_1853,04754.jpg,ood_test,test
standfordcars_1854,02325.jpg,ood_test,test
standfordcars_1855,06143.jpg,ood_test,test
standfordcars_1856,00532.jpg,ood_test,test
standfordcars_1857,00254.jpg,ood_test,test
standfordcars_1858,06625.jpg,ood_test,test
standfordcars_1859,03985.jpg,ood_test,test
standfordcars_1860,02443.jpg,ood_test,test
standfordcars_1861,04032.jpg,ood_test,test
standfordcars_1862,05338.jpg,ood_test,test
standfordcars_1863,03991.jpg,ood_test,test
standfordcars_1864,02457.jpg,ood_test,test
standfordcars_1865,03749.jpg,ood_test,test
standfordcars_1866,04026.jpg,ood_test,test
standfordcars_1867,00240.jpg,ood_test,test
standfordcars_1868,06631.jpg,ood_test,test
standfordcars_1869,06157.jpg,ood_test,test
standfordcars_1870,01638.jpg,ood_test,test
standfordcars_1871,00526.jpg,ood_test,test
standfordcars_1872,07249.jpg,ood_test,test
standfordcars_1873,04740.jpg,ood_test,test
standfordcars_1874,04998.jpg,ood_test,test
standfordcars_1875,02331.jpg,ood_test,test
standfordcars_1876,01610.jpg,ood_test,test
standfordcars_1877,07261.jpg,ood_test,test
standfordcars_1878,04768.jpg,ood_test,test
standfordcars_1879,03007.jpg,ood_test,test
standfordcars_1880,02319.jpg,ood_test,test
standfordcars_1881,05476.jpg,ood_test,test
standfordcars_1882,05310.jpg,ood_test,test
standfordcars_1883,03761.jpg,ood_test,test
standfordcars_1884,07507.jpg,ood_test,test
standfordcars_1885,00268.jpg,ood_test,test
standfordcars_1886,01176.jpg,ood_test,test
standfordcars_1887,06619.jpg,ood_test,test
standfordcars_1888,07513.jpg,ood_test,test
standfordcars_1889,01162.jpg,ood_test,test
standfordcars_1890,05304.jpg,ood_test,test
standfordcars_1891,03775.jpg,ood_test,test
standfordcars_1892,03013.jpg,ood_test,test
standfordcars_1893,05462.jpg,ood_test,test
standfordcars_1894,01604.jpg,ood_test,test
standfordcars_1895,07275.jpg,ood_test,test
standfordcars_1896,01943.jpg,ood_test,test
standfordcars_1897,00485.jpg,ood_test,test
standfordcars_1898,02292.jpg,ood_test,test
standfordcars_1899,03832.jpg,ood_test,test
standfordcars_1900,04185.jpg,ood_test,test
standfordcars_1901,06792.jpg,ood_test,test
standfordcars_1902,07498.jpg,ood_test,test
standfordcars_1903,06786.jpg,ood_test,test
standfordcars_1904,03826.jpg,ood_test,test
standfordcars_1905,04191.jpg,ood_test,test
standfordcars_1906,03198.jpg,ood_test,test
standfordcars_1907,02286.jpg,ood_test,test
standfordcars_1908,01957.jpg,ood_test,test
standfordcars_1909,00491.jpg,ood_test,test
standfordcars_1910,04807.jpg,ood_test,test
standfordcars_1911,06976.jpg,ood_test,test
standfordcars_1912,06962.jpg,ood_test,test
standfordcars_1913,04813.jpg,ood_test,test
standfordcars_1914,02251.jpg,ood_test,test
standfordcars_1915,04620.jpg,ood_test,test
standfordcars_1916,01980.jpg,ood_test,test
standfordcars_1917,07329.jpg,ood_test,test
standfordcars_1918,00446.jpg,ood_test,test
standfordcars_1919,01758.jpg,ood_test,test
standfordcars_1920,06037.jpg,ood_test,test
standfordcars_1921,06751.jpg,ood_test,test
standfordcars_1922,00320.jpg,ood_test,test
standfordcars_1923,06989.jpg,ood_test,test
standfordcars_1924,04146.jpg,ood_test,test
standfordcars_1925,03629.jpg,ood_test,test
standfordcars_1926,02537.jpg,ood_test,test
standfordcars_1927,05258.jpg,ood_test,test
standfordcars_1928,04152.jpg,ood_test,test
standfordcars_1929,02523.jpg,ood_test,test
standfordcars_1930,06745.jpg,ood_test,test
standfordcars_1931,00334.jpg,ood_test,test
standfordcars_1932,01994.jpg,ood_test,test
standfordcars_1933,00452.jpg,ood_test,test
standfordcars_1934,06023.jpg,ood_test,test
standfordcars_1935,02245.jpg,ood_test,test
standfordcars_1936,04634.jpg,ood_test,test
standfordcars_1937,07315.jpg,ood_test,test
standfordcars_1938,08026.jpg,ood_test,test
standfordcars_1939,01764.jpg,ood_test,test
standfordcars_1940,05502.jpg,ood_test,test
standfordcars_1941,03173.jpg,ood_test,test
standfordcars_1942,03615.jpg,ood_test,test
standfordcars_1943,05264.jpg,ood_test,test
standfordcars_1944,01002.jpg,ood_test,test
standfordcars_1945,07473.jpg,ood_test,test
standfordcars_1946,06779.jpg,ood_test,test
standfordcars_1947,01016.jpg,ood_test,test
standfordcars_1948,00308.jpg,ood_test,test
standfordcars_1949,07467.jpg,ood_test,test
standfordcars_1950,03601.jpg,ood_test,test
standfordcars_1951,05270.jpg,ood_test,test
standfordcars_1952,05516.jpg,ood_test,test
standfordcars_1953,02279.jpg,ood_test,test
standfordcars_1954,03167.jpg,ood_test,test
standfordcars_1955,04608.jpg,ood_test,test
standfordcars_1956,07301.jpg,ood_test,test
standfordcars_1957,08032.jpg,ood_test,test
standfordcars_1958,01770.jpg,ood_test,test
standfordcars_1959,07856.jpg,ood_test,test
standfordcars_1960,06590.jpg,ood_test,test
standfordcars_1961,04387.jpg,ood_test,test
standfordcars_1962,05099.jpg,ood_test,test
standfordcars_1963,02090.jpg,ood_test,test
standfordcars_1964,05927.jpg,ood_test,test
standfordcars_1965,00687.jpg,ood_test,test
standfordcars_1966,01599.jpg,ood_test,test
standfordcars_1967,00693.jpg,ood_test,test
standfordcars_1968,02084.jpg,ood_test,test
standfordcars_1969,05933.jpg,ood_test,test
standfordcars_1970,04393.jpg,ood_test,test
standfordcars_1971,07842.jpg,ood_test,test
standfordcars_1972,06584.jpg,ood_test,test
standfordcars_1973,02912.jpg,ood_test,test
standfordcars_1974,00863.jpg,ood_test,test
standfordcars_1975,00877.jpg,ood_test,test
standfordcars_1976,02906.jpg,ood_test,test
standfordcars_1977,02735.jpg,ood_test,test
standfordcars_1978,04344.jpg,ood_test,test
standfordcars_1979,00122.jpg,ood_test,test
standfordcars_1980,07895.jpg,ood_test,test
standfordcars_1981,06553.jpg,ood_test,test
standfordcars_1982,06235.jpg,ood_test,test
standfordcars_1983,00644.jpg,ood_test,test
standfordcars_1984,04422.jpg,ood_test,test
standfordcars_1985,02053.jpg,ood_test,test
standfordcars_1986,04436.jpg,ood_test,test
standfordcars_1987,03359.jpg,ood_test,test
standfordcars_1988,02047.jpg,ood_test,test
standfordcars_1989,05728.jpg,ood_test,test
standfordcars_1990,06221.jpg,ood_test,test
standfordcars_1991,00888.jpg,ood_test,test
standfordcars_1992,00650.jpg,ood_test,test
standfordcars_1993,07659.jpg,ood_test,test
standfordcars_1994,00136.jpg,ood_test,test
standfordcars_1995,07881.jpg,ood_test,test
standfordcars_1996,01228.jpg,ood_test,test
standfordcars_1997,06547.jpg,ood_test,test
standfordcars_1998,02721.jpg,ood_test,test
standfordcars_1999,04350.jpg,ood_test,test
standfordcars_2000,07671.jpg,ood_test,test
standfordcars_2001,01200.jpg,ood_test,test
standfordcars_2002,05066.jpg,ood_test,test
standfordcars_2003,02709.jpg,ood_test,test
standfordcars_2004,03417.jpg,ood_test,test
standfordcars_2005,04378.jpg,ood_test,test
standfordcars_2006,03371.jpg,ood_test,test
standfordcars_2007,05700.jpg,ood_test,test
standfordcars_2008,06209.jpg,ood_test,test
standfordcars_2009,01566.jpg,ood_test,test
standfordcars_2010,00678.jpg,ood_test,test
standfordcars_2011,07117.jpg,ood_test,test
standfordcars_2012,01572.jpg,ood_test,test
standfordcars_2013,07103.jpg,ood_test,test
standfordcars_2014,03365.jpg,ood_test,test
standfordcars_2015,05714.jpg,ood_test,test
standfordcars_2016,05072.jpg,ood_test,test
standfordcars_2017,03403.jpg,ood_test,test
standfordcars_2018,07665.jpg,ood_test,test
standfordcars_2019,01214.jpg,ood_test,test
standfordcars_2020,02020.jpg,ood_test,test
standfordcars_2021,04451.jpg,ood_test,test
standfordcars_2022,05997.jpg,ood_test,test
standfordcars_2023,00637.jpg,ood_test,test
standfordcars_2024,07158.jpg,ood_test,test
standfordcars_2025,06246.jpg,ood_test,test
standfordcars_2026,01529.jpg,ood_test,test
standfordcars_2027,06520.jpg,ood_test,test
standfordcars_2028,00151.jpg,ood_test,test
standfordcars_2029,03458.jpg,ood_test,test
standfordcars_2030,04337.jpg,ood_test,test
standfordcars_2031,05029.jpg,ood_test,test
standfordcars_2032,02746.jpg,ood_test,test
standfordcars_2033,04323.jpg,ood_test,test
standfordcars_2034,02752.jpg,ood_test,test
standfordcars_2035,06534.jpg,ood_test,test
standfordcars_2036,00145.jpg,ood_test,test
standfordcars_2037,00623.jpg,ood_test,test
standfordcars_2038,06252.jpg,ood_test,test
standfordcars_2039,02034.jpg,ood_test,test
standfordcars_2040,04445.jpg,ood_test,test
standfordcars_2041,05983.jpg,ood_test,test
standfordcars_2042,07164.jpg,ood_test,test
standfordcars_2043,01515.jpg,ood_test,test
standfordcars_2044,05773.jpg,ood_test,test
standfordcars_2045,03302.jpg,ood_test,test
standfordcars_2046,03464.jpg,ood_test,test
standfordcars_2047,05015.jpg,ood_test,test
standfordcars_2048,01273.jpg,ood_test,test
standfordcars_2049,07602.jpg,ood_test,test
standfordcars_2050,01267.jpg,ood_test,test
standfordcars_2051,06508.jpg,ood_test,test
standfordcars_2052,07616.jpg,ood_test,test
standfordcars_2053,00179.jpg,ood_test,test
standfordcars_2054,03470.jpg,ood_test,test
standfordcars_2055,05001.jpg,ood_test,test
standfordcars_2056,02008.jpg,ood_test,test
standfordcars_2057,05767.jpg,ood_test,test
standfordcars_2058,04479.jpg,ood_test,test
standfordcars_2059,03316.jpg,ood_test,test
standfordcars_2060,07170.jpg,ood_test,test
standfordcars_2061,01501.jpg,ood_test,test
standfordcars_2062,06285.jpg,ood_test,test
standfordcars_2063,04492.jpg,ood_test,test
standfordcars_2064,05954.jpg,ood_test,test
standfordcars_2065,02785.jpg,ood_test,test
standfordcars_2066,00192.jpg,ood_test,test
standfordcars_2067,07825.jpg,ood_test,test
standfordcars_2068,00186.jpg,ood_test,test
standfordcars_2069,07831.jpg,ood_test,test
standfordcars_2070,01298.jpg,ood_test,test
standfordcars_2071,02791.jpg,ood_test,test
standfordcars_2072,02949.jpg,ood_test,test
standfordcars_2073,04486.jpg,ood_test,test
standfordcars_2074,05940.jpg,ood_test,test
standfordcars_2075,05798.jpg,ood_test,test
standfordcars_2076,06291.jpg,ood_test,test
standfordcars_2077,00838.jpg,ood_test,test
standfordcars_2078,05968.jpg,ood_test,test
standfordcars_2079,00810.jpg,ood_test,test
standfordcars_2080,07819.jpg,ood_test,test
standfordcars_2081,02961.jpg,ood_test,test
standfordcars_2082,02975.jpg,ood_test,test
standfordcars_2083,00804.jpg,ood_test,test
standfordcars_2084,02544.jpg,ood_test,test
standfordcars_2085,03882.jpg,ood_test,test
standfordcars_2086,04135.jpg,ood_test,test
standfordcars_2087,00353.jpg,ood_test,test
standfordcars_2088,06722.jpg,ood_test,test
standfordcars_2089,06044.jpg,ood_test,test
standfordcars_2090,00435.jpg,ood_test,test
standfordcars_2091,04653.jpg,ood_test,test
standfordcars_2092,02222.jpg,ood_test,test
standfordcars_2093,03128.jpg,ood_test,test
standfordcars_2094,04647.jpg,ood_test,test
standfordcars_2095,05559.jpg,ood_test,test
standfordcars_2096,02236.jpg,ood_test,test
standfordcars_2097,06050.jpg,ood_test,test
standfordcars_2098,00421.jpg,ood_test,test
standfordcars_2099,00347.jpg,ood_test,test
standfordcars_2100,07428.jpg,ood_test,test
standfordcars_2101,06736.jpg,ood_test,test
standfordcars_2102,01059.jpg,ood_test,test
standfordcars_2103,02550.jpg,ood_test,test
standfordcars_2104,03896.jpg,ood_test,test
standfordcars_2105,04121.jpg,ood_test,test
standfordcars_2106,07400.jpg,ood_test,test
standfordcars_2107,01071.jpg,ood_test,test
standfordcars_2108,02578.jpg,ood_test,test
standfordcars_2109,05217.jpg,ood_test,test
standfordcars_2110,04109.jpg,ood_test,test
standfordcars_2111,03666.jpg,ood_test,test
standfordcars_2112,03100.jpg,ood_test,test
standfordcars_2113,05571.jpg,ood_test,test
standfordcars_2114,01717.jpg,ood_test,test
standfordcars_2115,06078.jpg,ood_test,test
standfordcars_2116,07366.jpg,ood_test,test
standfordcars_2117,00409.jpg,ood_test,test
standfordcars_2118,01703.jpg,ood_test,test
standfordcars_2119,07372.jpg,ood_test,test
standfordcars_2120,08041.jpg,ood_test,test
standfordcars_2121,03114.jpg,ood_test,test
standfordcars_2122,05565.jpg,ood_test,test
standfordcars_2123,05203.jpg,ood_test,test
standfordcars_2124,03672.jpg,ood_test,test
standfordcars_2125,07414.jpg,ood_test,test
standfordcars_2126,01065.jpg,ood_test,test
standfordcars_2127,00390.jpg,ood_test,test
standfordcars_2128,06939.jpg,ood_test,test
standfordcars_2129,03699.jpg,ood_test,test
standfordcars_2130,02587.jpg,ood_test,test
standfordcars_2131,03841.jpg,ood_test,test
standfordcars_2132,04848.jpg,ood_test,test
standfordcars_2133,04690.jpg,ood_test,test
standfordcars_2134,01930.jpg,ood_test,test
standfordcars_2135,07399.jpg,ood_test,test
standfordcars_2136,06087.jpg,ood_test,test
standfordcars_2137,01924.jpg,ood_test,test
standfordcars_2138,06093.jpg,ood_test,test
standfordcars_2139,04684.jpg,ood_test,test
standfordcars_2140,02593.jpg,ood_test,test
standfordcars_2141,03855.jpg,ood_test,test
standfordcars_2142,00384.jpg,ood_test,test
standfordcars_2143,06905.jpg,ood_test,test
standfordcars_2144,04874.jpg,ood_test,test
standfordcars_2145,04860.jpg,ood_test,test
standfordcars_2146,01918.jpg,ood_test,test
standfordcars_2147,06911.jpg,ood_test,test
standfordcars_2148,03869.jpg,ood_test,test
standfordcars_2149,04041.jpg,ood_test,test
standfordcars_2150,02430.jpg,ood_test,test
standfordcars_2151,01139.jpg,ood_test,test
standfordcars_2152,06656.jpg,ood_test,test
standfordcars_2153,07548.jpg,ood_test,test
standfordcars_2154,00227.jpg,ood_test,test
standfordcars_2155,00541.jpg,ood_test,test
standfordcars_2156,01887.jpg,ood_test,test
standfordcars_2157,06130.jpg,ood_test,test
standfordcars_2158,02356.jpg,ood_test,test
standfordcars_2159,05439.jpg,ood_test,test
standfordcars_2160,04727.jpg,ood_test,test
standfordcars_2161,03048.jpg,ood_test,test
standfordcars_2162,02342.jpg,ood_test,test
standfordcars_2163,04733.jpg,ood_test,test
standfordcars_2164,00555.jpg,ood_test,test
standfordcars_2165,01893.jpg,ood_test,test
standfordcars_2166,06124.jpg,ood_test,test
standfordcars_2167,06642.jpg,ood_test,test
standfordcars_2168,00233.jpg,ood_test,test
standfordcars_2169,04055.jpg,ood_test,test
standfordcars_2170,02424.jpg,ood_test,test
standfordcars_2171,01105.jpg,ood_test,test
standfordcars_2172,07574.jpg,ood_test,test
standfordcars_2173,03712.jpg,ood_test,test
standfordcars_2174,05363.jpg,ood_test,test
standfordcars_2175,05405.jpg,ood_test,test
standfordcars_2176,03074.jpg,ood_test,test
standfordcars_2177,07212.jpg,ood_test,test
standfordcars_2178,01663.jpg,ood_test,test
standfordcars_2179,00569.jpg,ood_test,test
standfordcars_2180,07206.jpg,ood_test,test
standfordcars_2181,06118.jpg,ood_test,test
standfordcars_2182,01677.jpg,ood_test,test
standfordcars_2183,05411.jpg,ood_test,test
standfordcars_2184,03060.jpg,ood_test,test
standfordcars_2185,03706.jpg,ood_test,test
standfordcars_2186,04069.jpg,ood_test,test
standfordcars_2187,05377.jpg,ood_test,test
standfordcars_2188,02418.jpg,ood_test,test
standfordcars_2189,01111.jpg,ood_test,test
standfordcars_2190,07560.jpg,ood_test,test
standfordcars_2191,06695.jpg,ood_test,test
standfordcars_2192,03935.jpg,ood_test,test
standfordcars_2193,04082.jpg,ood_test,test
standfordcars_2194,02395.jpg,ood_test,test
standfordcars_2195,00582.jpg,ood_test,test
standfordcars_2196,01844.jpg,ood_test,test
standfordcars_2197,01688.jpg,ood_test,test
standfordcars_2198,00596.jpg,ood_test,test
standfordcars_2199,01850.jpg,ood_test,test
standfordcars_2200,04928.jpg,ood_test,test
standfordcars_2201,02381.jpg,ood_test,test
standfordcars_2202,05388.jpg,ood_test,test
standfordcars_2203,03921.jpg,ood_test,test
standfordcars_2204,04096.jpg,ood_test,test
standfordcars_2205,06859.jpg,ood_test,test
standfordcars_2206,06681.jpg,ood_test,test
standfordcars_2207,03909.jpg,ood_test,test
standfordcars_2208,06871.jpg,ood_test,test
standfordcars_2209,01878.jpg,ood_test,test
standfordcars_2210,04900.jpg,ood_test,test
standfordcars_2211,04914.jpg,ood_test,test
standfordcars_2212,06865.jpg,ood_test,test
standfordcars_2213,04525.jpg,ood_test,test
standfordcars_2214,02154.jpg,ood_test,test
standfordcars_2215,06332.jpg,ood_test,test
standfordcars_2216,00743.jpg,ood_test,test
standfordcars_2217,00025.jpg,ood_test,test
standfordcars_2218,06454.jpg,ood_test,test
standfordcars_2219,07992.jpg,ood_test,test
standfordcars_2220,02632.jpg,ood_test,test
standfordcars_2221,04243.jpg,ood_test,test
standfordcars_2222,02626.jpg,ood_test,test
standfordcars_2223,05149.jpg,ood_test,test
standfordcars_2224,04257.jpg,ood_test,test
standfordcars_2225,03538.jpg,ood_test,test
standfordcars_2226,00031.jpg,ood_test,test
standfordcars_2227,06440.jpg,ood_test,test
standfordcars_2228,07986.jpg,ood_test,test
standfordcars_2229,01449.jpg,ood_test,test
standfordcars_2230,06326.jpg,ood_test,test
standfordcars_2231,07038.jpg,ood_test,test
standfordcars_2232,00757.jpg,ood_test,test
standfordcars_2233,04531.jpg,ood_test,test
standfordcars_2234,02140.jpg,ood_test,test
standfordcars_2235,01461.jpg,ood_test,test
standfordcars_2236,07010.jpg,ood_test,test
standfordcars_2237,03276.jpg,ood_test,test
standfordcars_2238,04519.jpg,ood_test,test
standfordcars_2239,05607.jpg,ood_test,test
standfordcars_2240,02168.jpg,ood_test,test
standfordcars_2241,05161.jpg,ood_test,test
standfordcars_2242,03510.jpg,ood_test,test
standfordcars_2243,00019.jpg,ood_test,test
standfordcars_2244,07776.jpg,ood_test,test
standfordcars_2245,06468.jpg,ood_test,test
standfordcars_2246,01307.jpg,ood_test,test
standfordcars_2247,07762.jpg,ood_test,test
standfordcars_2248,01313.jpg,ood_test,test
standfordcars_2249,05175.jpg,ood_test,test
standfordcars_2250,03504.jpg,ood_test,test
standfordcars_2251,03262.jpg,ood_test,test
standfordcars_2252,05613.jpg,ood_test,test
standfordcars_2253,01475.jpg,ood_test,test
standfordcars_2254,07004.jpg,ood_test,test
standfordcars_2255,00780.jpg,ood_test,test
standfordcars_2256,00958.jpg,ood_test,test
standfordcars_2257,02197.jpg,ood_test,test
standfordcars_2258,03289.jpg,ood_test,test
standfordcars_2259,05820.jpg,ood_test,test
standfordcars_2260,02829.jpg,ood_test,test
standfordcars_2261,04280.jpg,ood_test,test
standfordcars_2262,06497.jpg,ood_test,test
standfordcars_2263,07951.jpg,ood_test,test
standfordcars_2264,07789.jpg,ood_test,test
standfordcars_2265,06483.jpg,ood_test,test
standfordcars_2266,07945.jpg,ood_test,test
standfordcars_2267,04294.jpg,ood_test,test
standfordcars_2268,02183.jpg,ood_test,test
standfordcars_2269,05834.jpg,ood_test,test
standfordcars_2270,00794.jpg,ood_test,test
standfordcars_2271,00964.jpg,ood_test,test
standfordcars_2272,02815.jpg,ood_test,test
standfordcars_2273,02801.jpg,ood_test,test
standfordcars_2274,07979.jpg,ood_test,test
standfordcars_2275,00970.jpg,ood_test,test
standfordcars_2276,05808.jpg,ood_test,test
standfordcars_2277,07978.jpg,ood_test,test
standfordcars_2278,02800.jpg,ood_test,test
standfordcars_2279,05809.jpg,ood_test,test
standfordcars_2280,00971.jpg,ood_test,test
standfordcars_2281,00965.jpg,ood_test,test
standfordcars_2282,02814.jpg,ood_test,test
standfordcars_2283,04295.jpg,ood_test,test
standfordcars_2284,07944.jpg,ood_test,test
standfordcars_2285,06482.jpg,ood_test,test
standfordcars_2286,00795.jpg,ood_test,test
standfordcars_2287,05835.jpg,ood_test,test
standfordcars_2288,02182.jpg,ood_test,test
standfordcars_2289,05821.jpg,ood_test,test
standfordcars_2290,03288.jpg,ood_test,test
standfordcars_2291,02196.jpg,ood_test,test
standfordcars_2292,00959.jpg,ood_test,test
standfordcars_2293,00781.jpg,ood_test,test
standfordcars_2294,07788.jpg,ood_test,test
standfordcars_2295,07950.jpg,ood_test,test
standfordcars_2296,06496.jpg,ood_test,test
standfordcars_2297,04281.jpg,ood_test,test
standfordcars_2298,02828.jpg,ood_test,test
standfordcars_2299,03505.jpg,ood_test,test
standfordcars_2300,05174.jpg,ood_test,test
standfordcars_2301,01312.jpg,ood_test,test
standfordcars_2302,07763.jpg,ood_test,test
standfordcars_2303,07005.jpg,ood_test,test
standfordcars_2304,01474.jpg,ood_test,test
standfordcars_2305,05612.jpg,ood_test,test
standfordcars_2306,03263.jpg,ood_test,test
standfordcars_2307,02169.jpg,ood_test,test
standfordcars_2308,05606.jpg,ood_test,test
standfordcars_2309,04518.jpg,ood_test,test
standfordcars_2310,03277.jpg,ood_test,test
standfordcars_2311,07011.jpg,ood_test,test
standfordcars_2312,01460.jpg,ood_test,test
standfordcars_2313,01306.jpg,ood_test,test
standfordcars_2314,06469.jpg,ood_test,test
standfordcars_2315,07777.jpg,ood_test,test
standfordcars_2316,00018.jpg,ood_test,test
standfordcars_2317,03511.jpg,ood_test,test
standfordcars_2318,05160.jpg,ood_test,test
standfordcars_2319,07987.jpg,ood_test,test
standfordcars_2320,06441.jpg,ood_test,test
standfordcars_2321,00030.jpg,ood_test,test
standfordcars_2322,03539.jpg,ood_test,test
standfordcars_2323,04256.jpg,ood_test,test
standfordcars_2324,05148.jpg,ood_test,test
standfordcars_2325,02627.jpg,ood_test,test
standfordcars_2326,02141.jpg,ood_test,test
standfordcars_2327,04530.jpg,ood_test,test
standfordcars_2328,00756.jpg,ood_test,test
standfordcars_2329,07039.jpg,ood_test,test
standfordcars_2330,06327.jpg,ood_test,test
standfordcars_2331,01448.jpg,ood_test,test
standfordcars_2332,00742.jpg,ood_test,test
standfordcars_2333,06333.jpg,ood_test,test
standfordcars_2334,02155.jpg,ood_test,test
standfordcars_2335,04524.jpg,ood_test,test
standfordcars_2336,04242.jpg,ood_test,test
standfordcars_2337,02633.jpg,ood_test,test
standfordcars_2338,07993.jpg,ood_test,test
standfordcars_2339,06455.jpg,ood_test,test
standfordcars_2340,00024.jpg,ood_test,test
standfordcars_2341,04915.jpg,ood_test,test
standfordcars_2342,06864.jpg,ood_test,test
standfordcars_2343,06870.jpg,ood_test,test
standfordcars_2344,03908.jpg,ood_test,test
standfordcars_2345,04901.jpg,ood_test,test
standfordcars_2346,01879.jpg,ood_test,test
standfordcars_2347,02380.jpg,ood_test,test
standfordcars_2348,04929.jpg,ood_test,test
standfordcars_2349,01851.jpg,ood_test,test
standfordcars_2350,00597.jpg,ood_test,test
standfordcars_2351,01689.jpg,ood_test,test
standfordcars_2352,06680.jpg,ood_test,test
standfordcars_2353,06858.jpg,ood_test,test
standfordcars_2354,04097.jpg,ood_test,test
standfordcars_2355,03920.jpg,ood_test,test
standfordcars_2356,05389.jpg,ood_test,test
standfordcars_2357,04083.jpg,ood_test,test
standfordcars_2358,03934.jpg,ood_test,test
standfordcars_2359,06694.jpg,ood_test,test
standfordcars_2360,01845.jpg,ood_test,test
standfordcars_2361,00583.jpg,ood_test,test
standfordcars_2362,02394.jpg,ood_test,test
standfordcars_2363,03061.jpg,ood_test,test
standfordcars_2364,05410.jpg,ood_test,test
standfordcars_2365,01676.jpg,ood_test,test
standfordcars_2366,06119.jpg,ood_test,test
standfordcars_2367,07207.jpg,ood_test,test
standfordcars_2368,00568.jpg,ood_test,test
standfordcars_2369,07561.jpg,ood_test,test
standfordcars_2370,01110.jpg,ood_test,test
standfordcars_2371,02419.jpg,ood_test,test
standfordcars_2372,05376.jpg,ood_test,test
standfordcars_2373,04068.jpg,ood_test,test
standfordcars_2374,03707.jpg,ood_test,test
standfordcars_2375,05362.jpg,ood_test,test
standfordcars_2376,03713.jpg,ood_test,test
standfordcars_2377,07575.jpg,ood_test,test
standfordcars_2378,01104.jpg,ood_test,test
standfordcars_2379,01662.jpg,ood_test,test
standfordcars_2380,07213.jpg,ood_test,test
standfordcars_2381,03075.jpg,ood_test,test
standfordcars_2382,05404.jpg,ood_test,test
standfordcars_2383,06125.jpg,ood_test,test
standfordcars_2384,01892.jpg,ood_test,test
standfordcars_2385,00554.jpg,ood_test,test
standfordcars_2386,04732.jpg,ood_test,test
standfordcars_2387,02343.jpg,ood_test,test
standfordcars_2388,02425.jpg,ood_test,test
standfordcars_2389,04054.jpg,ood_test,test
standfordcars_2390,00232.jpg,ood_test,test
standfordcars_2391,06643.jpg,ood_test,test
standfordcars_2392,00226.jpg,ood_test,test
standfordcars_2393,07549.jpg,ood_test,test
standfordcars_2394,06657.jpg,ood_test,test
standfordcars_2395,01138.jpg,ood_test,test
standfordcars_2396,02431.jpg,ood_test,test
standfordcars_2397,04040.jpg,ood_test,test
standfordcars_2398,03049.jpg,ood_test,test
standfordcars_2399,04726.jpg,ood_test,test
standfordcars_2400,05438.jpg,ood_test,test
standfordcars_2401,02357.jpg,ood_test,test
standfordcars_2402,06131.jpg,ood_test,test
standfordcars_2403,01886.jpg,ood_test,test
standfordcars_2404,00540.jpg,ood_test,test
standfordcars_2405,01919.jpg,ood_test,test
standfordcars_2406,04861.jpg,ood_test,test
standfordcars_2407,03868.jpg,ood_test,test
standfordcars_2408,06910.jpg,ood_test,test
standfordcars_2409,06904.jpg,ood_test,test
standfordcars_2410,04875.jpg,ood_test,test
standfordcars_2411,04685.jpg,ood_test,test
standfordcars_2412,06092.jpg,ood_test,test
standfordcars_2413,01925.jpg,ood_test,test
standfordcars_2414,00385.jpg,ood_test,test
standfordcars_2415,03854.jpg,ood_test,test
standfordcars_2416,02592.jpg,ood_test,test
standfordcars_2417,03840.jpg,ood_test,test
standfordcars_2418,02586.jpg,ood_test,test
standfordcars_2419,03698.jpg,ood_test,test
standfordcars_2420,06938.jpg,ood_test,test
standfordcars_2421,00391.jpg,ood_test,test
standfordcars_2422,06086.jpg,ood_test,test
standfordcars_2423,07398.jpg,ood_test,test
standfordcars_2424,01931.jpg,ood_test,test
standfordcars_2425,04691.jpg,ood_test,test
standfordcars_2426,04849.jpg,ood_test,test
standfordcars_2427,05564.jpg,ood_test,test
standfordcars_2428,03115.jpg,ood_test,test
standfordcars_2429,08040.jpg,ood_test,test
standfordcars_2430,07373.jpg,ood_test,test
standfordcars_2431,01702.jpg,ood_test,test
standfordcars_2432,01064.jpg,ood_test,test
standfordcars_2433,07415.jpg,ood_test,test
standfordcars_2434,03673.jpg,ood_test,test
standfordcars_2435,05202.jpg,ood_test,test
standfordcars_2436,03667.jpg,ood_test,test
standfordcars_2437,04108.jpg,ood_test,test
standfordcars_2438,05216.jpg,ood_test,test
standfordcars_2439,02579.jpg,ood_test,test
standfordcars_2440,01070.jpg,ood_test,test
standfordcars_2441,07401.jpg,ood_test,test
standfordcars_2442,00408.jpg,ood_test,test
standfordcars_2443,07367.jpg,ood_test,test
standfordcars_2444,06079.jpg,ood_test,test
standfordcars_2445,01716.jpg,ood_test,test
standfordcars_2446,05570.jpg,ood_test,test
standfordcars_2447,03101.jpg,ood_test,test
standfordcars_2448,00420.jpg,ood_test,test
standfordcars_2449,06051.jpg,ood_test,test
standfordcars_2450,02237.jpg,ood_test,test
standfordcars_2451,05558.jpg,ood_test,test
standfordcars_2452,04646.jpg,ood_test,test
standfordcars_2453,03129.jpg,ood_test,test
standfordcars_2454,04120.jpg,ood_test,test
standfordcars_2455,03897.jpg,ood_test,test
standfordcars_2456,02551.jpg,ood_test,test
standfordcars_2457,01058.jpg,ood_test,test
standfordcars_2458,06737.jpg,ood_test,test
standfordcars_2459,07429.jpg,ood_test,test
standfordcars_2460,00346.jpg,ood_test,test
standfordcars_2461,06723.jpg,ood_test,test
standfordcars_2462,00352.jpg,ood_test,test
standfordcars_2463,04134.jpg,ood_test,test
standfordcars_2464,03883.jpg,ood_test,test
standfordcars_2465,02545.jpg,ood_test,test
standfordcars_2466,02223.jpg,ood_test,test
standfordcars_2467,04652.jpg,ood_test,test
standfordcars_2468,00434.jpg,ood_test,test
standfordcars_2469,06045.jpg,ood_test,test
standfordcars_2470,02974.jpg,ood_test,test
standfordcars_2471,00805.jpg,ood_test,test
standfordcars_2472,00811.jpg,ood_test,test
standfordcars_2473,05969.jpg,ood_test,test
standfordcars_2474,02960.jpg,ood_test,test
standfordcars_2475,07818.jpg,ood_test,test
standfordcars_2476,02948.jpg,ood_test,test
standfordcars_2477,02790.jpg,ood_test,test
standfordcars_2478,01299.jpg,ood_test,test
standfordcars_2479,07830.jpg,ood_test,test
standfordcars_2480,00187.jpg,ood_test,test
standfordcars_2481,00839.jpg,ood_test,test
standfordcars_2482,06290.jpg,ood_test,test
standfordcars_2483,05799.jpg,ood_test,test
standfordcars_2484,05941.jpg,ood_test,test
standfordcars_2485,04487.jpg,ood_test,test
standfordcars_2486,05955.jpg,ood_test,test
standfordcars_2487,04493.jpg,ood_test,test
standfordcars_2488,06284.jpg,ood_test,test
standfordcars_2489,07824.jpg,ood_test,test
standfordcars_2490,00193.jpg,ood_test,test
standfordcars_2491,02784.jpg,ood_test,test
standfordcars_2492,05000.jpg,ood_test,test
standfordcars_2493,03471.jpg,ood_test,test
standfordcars_2494,00178.jpg,ood_test,test
standfordcars_2495,07617.jpg,ood_test,test
standfordcars_2496,06509.jpg,ood_test,test
standfordcars_2497,01266.jpg,ood_test,test
standfordcars_2498,01500.jpg,ood_test,test
standfordcars_2499,07171.jpg,ood_test,test
standfordcars_2500,03317.jpg,ood_test,test
standfordcars_2501,04478.jpg,ood_test,test
standfordcars_2502,05766.jpg,ood_test,test
standfordcars_2503,02009.jpg,ood_test,test
standfordcars_2504,03303.jpg,ood_test,test
standfordcars_2505,05772.jpg,ood_test,test
standfordcars_2506,01514.jpg,ood_test,test
standfordcars_2507,07165.jpg,ood_test,test
standfordcars_2508,07603.jpg,ood_test,test
standfordcars_2509,01272.jpg,ood_test,test
standfordcars_2510,05014.jpg,ood_test,test
standfordcars_2511,03465.jpg,ood_test,test
standfordcars_2512,00144.jpg,ood_test,test
standfordcars_2513,06535.jpg,ood_test,test
standfordcars_2514,02753.jpg,ood_test,test
standfordcars_2515,04322.jpg,ood_test,test
standfordcars_2516,05982.jpg,ood_test,test
standfordcars_2517,04444.jpg,ood_test,test
standfordcars_2518,02035.jpg,ood_test,test
standfordcars_2519,06253.jpg,ood_test,test
standfordcars_2520,00622.jpg,ood_test,test
standfordcars_2521,01528.jpg,ood_test,test
standfordcars_2522,06247.jpg,ood_test,test
standfordcars_2523,07159.jpg,ood_test,test
standfordcars_2524,00636.jpg,ood_test,test
standfordcars_2525,05996.jpg,ood_test,test
standfordcars_2526,04450.jpg,ood_test,test
standfordcars_2527,02021.jpg,ood_test,test
standfordcars_2528,02747.jpg,ood_test,test
standfordcars_2529,05028.jpg,ood_test,test
standfordcars_2530,04336.jpg,ood_test,test
standfordcars_2531,03459.jpg,ood_test,test
standfordcars_2532,00150.jpg,ood_test,test
standfordcars_2533,06521.jpg,ood_test,test
standfordcars_2534,00620.jpg,ood_test,test
standfordcars_2535,06251.jpg,ood_test,test
standfordcars_2536,02037.jpg,ood_test,test
standfordcars_2537,05758.jpg,ood_test,test
standfordcars_2538,04446.jpg,ood_test,test
standfordcars_2539,05980.jpg,ood_test,test
standfordcars_2540,03329.jpg,ood_test,test
standfordcars_2541,04320.jpg,ood_test,test
standfordcars_2542,02989.jpg,ood_test,test
standfordcars_2543,02751.jpg,ood_test,test
standfordcars_2544,01258.jpg,ood_test,test
standfordcars_2545,06537.jpg,ood_test,test
standfordcars_2546,07629.jpg,ood_test,test
standfordcars_2547,00146.jpg,ood_test,test
standfordcars_2548,06523.jpg,ood_test,test
standfordcars_2549,00152.jpg,ood_test,test
standfordcars_2550,04334.jpg,ood_test,test
standfordcars_2551,02745.jpg,ood_test,test
standfordcars_2552,02023.jpg,ood_test,test
standfordcars_2553,04452.jpg,ood_test,test
standfordcars_2554,05994.jpg,ood_test,test
standfordcars_2555,00634.jpg,ood_test,test
standfordcars_2556,06245.jpg,ood_test,test
standfordcars_2557,05764.jpg,ood_test,test
standfordcars_2558,03315.jpg,ood_test,test
standfordcars_2559,07173.jpg,ood_test,test
standfordcars_2560,01502.jpg,ood_test,test
standfordcars_2561,01264.jpg,ood_test,test
standfordcars_2562,07615.jpg,ood_test,test
standfordcars_2563,03473.jpg,ood_test,test
standfordcars_2564,05002.jpg,ood_test,test
standfordcars_2565,03467.jpg,ood_test,test
standfordcars_2566,04308.jpg,ood_test,test
standfordcars_2567,05016.jpg,ood_test,test
standfordcars_2568,02779.jpg,ood_test,test
standfordcars_2569,01270.jpg,ood_test,test
standfordcars_2570,07601.jpg,ood_test,test
standfordcars_2571,00608.jpg,ood_test,test
standfordcars_2572,07167.jpg,ood_test,test
standfordcars_2573,06279.jpg,ood_test,test
standfordcars_2574,01516.jpg,ood_test,test
standfordcars_2575,05770.jpg,ood_test,test
standfordcars_2576,03301.jpg,ood_test,test
standfordcars_2577,04485.jpg,ood_test,test
standfordcars_2578,05943.jpg,ood_test,test
standfordcars_2579,06292.jpg,ood_test,test
standfordcars_2580,00185.jpg,ood_test,test
standfordcars_2581,07832.jpg,ood_test,test
standfordcars_2582,02792.jpg,ood_test,test
standfordcars_2583,02786.jpg,ood_test,test
standfordcars_2584,03498.jpg,ood_test,test
standfordcars_2585,00191.jpg,ood_test,test
standfordcars_2586,07826.jpg,ood_test,test
standfordcars_2587,06286.jpg,ood_test,test
standfordcars_2588,07198.jpg,ood_test,test
standfordcars_2589,04491.jpg,ood_test,test
standfordcars_2590,05957.jpg,ood_test,test
standfordcars_2591,00807.jpg,ood_test,test
standfordcars_2592,02976.jpg,ood_test,test
standfordcars_2593,02962.jpg,ood_test,test
standfordcars_2594,00813.jpg,ood_test,test
standfordcars_2595,00344.jpg,ood_test,test
standfordcars_2596,06735.jpg,ood_test,test
standfordcars_2597,02553.jpg,ood_test,test
standfordcars_2598,03895.jpg,ood_test,test
standfordcars_2599,04122.jpg,ood_test,test
standfordcars_2600,04644.jpg,ood_test,test
standfordcars_2601,02235.jpg,ood_test,test
standfordcars_2602,06053.jpg,ood_test,test
standfordcars_2603,00422.jpg,ood_test,test
standfordcars_2604,01728.jpg,ood_test,test
standfordcars_2605,06047.jpg,ood_test,test
standfordcars_2606,07359.jpg,ood_test,test
standfordcars_2607,00436.jpg,ood_test,test
standfordcars_2608,04650.jpg,ood_test,test
standfordcars_2609,02221.jpg,ood_test,test
standfordcars_2610,04888.jpg,ood_test,test
standfordcars_2611,02547.jpg,ood_test,test
standfordcars_2612,03881.jpg,ood_test,test
standfordcars_2613,05228.jpg,ood_test,test
standfordcars_2614,04136.jpg,ood_test,test
standfordcars_2615,03659.jpg,ood_test,test
standfordcars_2616,00350.jpg,ood_test,test
standfordcars_2617,06721.jpg,ood_test,test
standfordcars_2618,05200.jpg,ood_test,test
standfordcars_2619,03671.jpg,ood_test,test
standfordcars_2620,00378.jpg,ood_test,test
standfordcars_2621,07417.jpg,ood_test,test
standfordcars_2622,06709.jpg,ood_test,test
standfordcars_2623,01066.jpg,ood_test,test
standfordcars_2624,01700.jpg,ood_test,test
standfordcars_2625,07371.jpg,ood_test,test
standfordcars_2626,03117.jpg,ood_test,test
standfordcars_2627,04678.jpg,ood_test,test
standfordcars_2628,05566.jpg,ood_test,test
standfordcars_2629,02209.jpg,ood_test,test
standfordcars_2630,03103.jpg,ood_test,test
standfordcars_2631,05572.jpg,ood_test,test
standfordcars_2632,01714.jpg,ood_test,test
standfordcars_2633,07365.jpg,ood_test,test
standfordcars_2634,07403.jpg,ood_test,test
standfordcars_2635,01072.jpg,ood_test,test
standfordcars_2636,05214.jpg,ood_test,test
standfordcars_2637,03665.jpg,ood_test,test
standfordcars_2638,02590.jpg,ood_test,test
standfordcars_2639,03856.jpg,ood_test,test
standfordcars_2640,01099.jpg,ood_test,test
standfordcars_2641,00387.jpg,ood_test,test
standfordcars_2642,01927.jpg,ood_test,test
standfordcars_2643,06090.jpg,ood_test,test
standfordcars_2644,05599.jpg,ood_test,test
standfordcars_2645,04687.jpg,ood_test,test
standfordcars_2646,04693.jpg,ood_test,test
standfordcars_2647,01933.jpg,ood_test,test
standfordcars_2648,06084.jpg,ood_test,test
standfordcars_2649,00393.jpg,ood_test,test
standfordcars_2650,02584.jpg,ood_test,test
standfordcars_2651,03842.jpg,ood_test,test
standfordcars_2652,06912.jpg,ood_test,test
standfordcars_2653,04863.jpg,ood_test,test
standfordcars_2654,04877.jpg,ood_test,test
standfordcars_2655,06906.jpg,ood_test,test
standfordcars_2656,06641.jpg,ood_test,test
standfordcars_2657,06899.jpg,ood_test,test
standfordcars_2658,00230.jpg,ood_test,test
standfordcars_2659,03739.jpg,ood_test,test
standfordcars_2660,04056.jpg,ood_test,test
standfordcars_2661,05348.jpg,ood_test,test
standfordcars_2662,02427.jpg,ood_test,test
standfordcars_2663,02341.jpg,ood_test,test
standfordcars_2664,04730.jpg,ood_test,test
standfordcars_2665,00556.jpg,ood_test,test
standfordcars_2666,07239.jpg,ood_test,test
standfordcars_2667,01890.jpg,ood_test,test
standfordcars_2668,06127.jpg,ood_test,test
standfordcars_2669,01648.jpg,ood_test,test
standfordcars_2670,00542.jpg,ood_test,test
standfordcars_2671,01884.jpg,ood_test,test
standfordcars_2672,06133.jpg,ood_test,test
standfordcars_2673,02355.jpg,ood_test,test
standfordcars_2674,04724.jpg,ood_test,test
standfordcars_2675,04042.jpg,ood_test,test
standfordcars_2676,02433.jpg,ood_test,test
standfordcars_2677,06655.jpg,ood_test,test
standfordcars_2678,00224.jpg,ood_test,test
standfordcars_2679,03705.jpg,ood_test,test
standfordcars_2680,05374.jpg,ood_test,test
standfordcars_2681,01112.jpg,ood_test,test
standfordcars_2682,07563.jpg,ood_test,test
standfordcars_2683,07205.jpg,ood_test,test
standfordcars_2684,01674.jpg,ood_test,test
standfordcars_2685,05412.jpg,ood_test,test
standfordcars_2686,03063.jpg,ood_test,test
standfordcars_2687,02369.jpg,ood_test,test
standfordcars_2688,05406.jpg,ood_test,test
standfordcars_2689,04718.jpg,ood_test,test
standfordcars_2690,03077.jpg,ood_test,test
standfordcars_2691,07211.jpg,ood_test,test
standfordcars_2692,01660.jpg,ood_test,test
standfordcars_2693,01106.jpg,ood_test,test
standfordcars_2694,06669.jpg,ood_test,test
standfordcars_2695,07577.jpg,ood_test,test
standfordcars_2696,00218.jpg,ood_test,test
standfordcars_2697,03711.jpg,ood_test,test
standfordcars_2698,05360.jpg,ood_test,test
standfordcars_2699,03922.jpg,ood_test,test
standfordcars_2700,04095.jpg,ood_test,test
standfordcars_2701,06682.jpg,ood_test,test
standfordcars_2702,00595.jpg,ood_test,test
standfordcars_2703,01853.jpg,ood_test,test
standfordcars_2704,02382.jpg,ood_test,test
standfordcars_2705,03088.jpg,ood_test,test
standfordcars_2706,02396.jpg,ood_test,test
standfordcars_2707,00581.jpg,ood_test,test
standfordcars_2708,01847.jpg,ood_test,test
standfordcars_2709,07588.jpg,ood_test,test
standfordcars_2710,06696.jpg,ood_test,test
standfordcars_2711,03936.jpg,ood_test,test
standfordcars_2712,04081.jpg,ood_test,test
standfordcars_2713,06866.jpg,ood_test,test
standfordcars_2714,04917.jpg,ood_test,test
standfordcars_2715,04903.jpg,ood_test,test
standfordcars_2716,06872.jpg,ood_test,test
standfordcars_2717,06325.jpg,ood_test,test
standfordcars_2718,00754.jpg,ood_test,test
standfordcars_2719,04532.jpg,ood_test,test
standfordcars_2720,02143.jpg,ood_test,test
standfordcars_2721,02625.jpg,ood_test,test
standfordcars_2722,04254.jpg,ood_test,test
standfordcars_2723,00032.jpg,ood_test,test
standfordcars_2724,06443.jpg,ood_test,test
standfordcars_2725,07985.jpg,ood_test,test
standfordcars_2726,00026.jpg,ood_test,test
standfordcars_2727,07749.jpg,ood_test,test
standfordcars_2728,06457.jpg,ood_test,test
standfordcars_2729,01338.jpg,ood_test,test
standfordcars_2730,07991.jpg,ood_test,test
standfordcars_2731,02631.jpg,ood_test,test
standfordcars_2732,04240.jpg,ood_test,test
standfordcars_2733,03249.jpg,ood_test,test
standfordcars_2734,04526.jpg,ood_test,test
standfordcars_2735,05638.jpg,ood_test,test
standfordcars_2736,02157.jpg,ood_test,test
standfordcars_2737,00998.jpg,ood_test,test
standfordcars_2738,06331.jpg,ood_test,test
standfordcars_2739,00740.jpg,ood_test,test
standfordcars_2740,03261.jpg,ood_test,test
standfordcars_2741,05610.jpg,ood_test,test
standfordcars_2742,01476.jpg,ood_test,test
standfordcars_2743,06319.jpg,ood_test,test
standfordcars_2744,07007.jpg,ood_test,test
standfordcars_2745,00768.jpg,ood_test,test
standfordcars_2746,07761.jpg,ood_test,test
standfordcars_2747,01310.jpg,ood_test,test
standfordcars_2748,02619.jpg,ood_test,test
standfordcars_2749,05176.jpg,ood_test,test
standfordcars_2750,04268.jpg,ood_test,test
standfordcars_2751,03507.jpg,ood_test,test
standfordcars_2752,05162.jpg,ood_test,test
standfordcars_2753,03513.jpg,ood_test,test
standfordcars_2754,07775.jpg,ood_test,test
standfordcars_2755,01304.jpg,ood_test,test
standfordcars_2756,01462.jpg,ood_test,test
standfordcars_2757,07013.jpg,ood_test,test
standfordcars_2758,03275.jpg,ood_test,test
standfordcars_2759,05604.jpg,ood_test,test
standfordcars_2760,02180.jpg,ood_test,test
standfordcars_2761,05837.jpg,ood_test,test
standfordcars_2762,00797.jpg,ood_test,test
standfordcars_2763,01489.jpg,ood_test,test
standfordcars_2764,06480.jpg,ood_test,test
standfordcars_2765,07946.jpg,ood_test,test
standfordcars_2766,04297.jpg,ood_test,test
standfordcars_2767,05189.jpg,ood_test,test
standfordcars_2768,04283.jpg,ood_test,test
standfordcars_2769,06494.jpg,ood_test,test
standfordcars_2770,07952.jpg,ood_test,test
standfordcars_2771,00783.jpg,ood_test,test
standfordcars_2772,02194.jpg,ood_test,test
standfordcars_2773,05823.jpg,ood_test,test
standfordcars_2774,00973.jpg,ood_test,test
standfordcars_2775,02802.jpg,ood_test,test
standfordcars_2776,02816.jpg,ood_test,test
standfordcars_2777,00967.jpg,ood_test,test
standfordcars_2778,02817.jpg,ood_test,test
standfordcars_2779,00966.jpg,ood_test,test
standfordcars_2780,00972.jpg,ood_test,test
standfordcars_2781,02803.jpg,ood_test,test
standfordcars_2782,07953.jpg,ood_test,test
standfordcars_2783,06495.jpg,ood_test,test
standfordcars_2784,04282.jpg,ood_test,test
standfordcars_2785,05822.jpg,ood_test,test
standfordcars_2786,02195.jpg,ood_test,test
standfordcars_2787,00782.jpg,ood_test,test
standfordcars_2788,01488.jpg,ood_test,test
standfordcars_2789,00796.jpg,ood_test,test
standfordcars_2790,05836.jpg,ood_test,test
standfordcars_2791,02181.jpg,ood_test,test
standfordcars_2792,05188.jpg,ood_test,test
standfordcars_2793,04296.jpg,ood_test,test
standfordcars_2794,07947.jpg,ood_test,test
standfordcars_2795,06481.jpg,ood_test,test
standfordcars_2796,01305.jpg,ood_test,test
standfordcars_2797,07774.jpg,ood_test,test
standfordcars_2798,03512.jpg,ood_test,test
standfordcars_2799,05163.jpg,ood_test,test
standfordcars_2800,05605.jpg,ood_test,test
standfordcars_2801,03274.jpg,ood_test,test
standfordcars_2802,07012.jpg,ood_test,test
standfordcars_2803,01463.jpg,ood_test,test
standfordcars_2804,00769.jpg,ood_test,test
standfordcars_2805,07006.jpg,ood_test,test
standfordcars_2806,06318.jpg,ood_test,test
standfordcars_2807,01477.jpg,ood_test,test
standfordcars_2808,05611.jpg,ood_test,test
standfordcars_2809,03260.jpg,ood_test,test
standfordcars_2810,03506.jpg,ood_test,test
standfordcars_2811,04269.jpg,ood_test,test
standfordcars_2812,05177.jpg,ood_test,test
standfordcars_2813,02618.jpg,ood_test,test
standfordcars_2814,01311.jpg,ood_test,test
standfordcars_2815,07760.jpg,ood_test,test
standfordcars_2816,04241.jpg,ood_test,test
standfordcars_2817,02630.jpg,ood_test,test
standfordcars_2818,07990.jpg,ood_test,test
standfordcars_2819,01339.jpg,ood_test,test
standfordcars_2820,06456.jpg,ood_test,test
standfordcars_2821,07748.jpg,ood_test,test
standfordcars_2822,00027.jpg,ood_test,test
standfordcars_2823,00741.jpg,ood_test,test
standfordcars_2824,06330.jpg,ood_test,test
standfordcars_2825,00999.jpg,ood_test,test
standfordcars_2826,02156.jpg,ood_test,test
standfordcars_2827,05639.jpg,ood_test,test
standfordcars_2828,04527.jpg,ood_test,test
standfordcars_2829,03248.jpg,ood_test,test
standfordcars_2830,02142.jpg,ood_test,test
standfordcars_2831,04533.jpg,ood_test,test
standfordcars_2832,00755.jpg,ood_test,test
standfordcars_2833,06324.jpg,ood_test,test
standfordcars_2834,07984.jpg,ood_test,test
standfordcars_2835,06442.jpg,ood_test,test
standfordcars_2836,00033.jpg,ood_test,test
standfordcars_2837,04255.jpg,ood_test,test
standfordcars_2838,02624.jpg,ood_test,test
standfordcars_2839,04902.jpg,ood_test,test
standfordcars_2840,06873.jpg,ood_test,test
standfordcars_2841,06867.jpg,ood_test,test
standfordcars_2842,04916.jpg,ood_test,test
standfordcars_2843,01846.jpg,ood_test,test
standfordcars_2844,00580.jpg,ood_test,test
standfordcars_2845,02397.jpg,ood_test,test
standfordcars_2846,03089.jpg,ood_test,test
standfordcars_2847,04080.jpg,ood_test,test
standfordcars_2848,03937.jpg,ood_test,test
standfordcars_2849,06697.jpg,ood_test,test
standfordcars_2850,07589.jpg,ood_test,test
standfordcars_2851,06683.jpg,ood_test,test
standfordcars_2852,04094.jpg,ood_test,test
standfordcars_2853,03923.jpg,ood_test,test
standfordcars_2854,02383.jpg,ood_test,test
standfordcars_2855,01852.jpg,ood_test,test
standfordcars_2856,00594.jpg,ood_test,test
standfordcars_2857,01661.jpg,ood_test,test
standfordcars_2858,07210.jpg,ood_test,test
standfordcars_2859,03076.jpg,ood_test,test
standfordcars_2860,04719.jpg,ood_test,test
standfordcars_2861,05407.jpg,ood_test,test
standfordcars_2862,02368.jpg,ood_test,test
standfordcars_2863,05361.jpg,ood_test,test
standfordcars_2864,03710.jpg,ood_test,test
standfordcars_2865,00219.jpg,ood_test,test
standfordcars_2866,07576.jpg,ood_test,test
standfordcars_2867,06668.jpg,ood_test,test
standfordcars_2868,01107.jpg,ood_test,test
standfordcars_2869,07562.jpg,ood_test,test
standfordcars_2870,01113.jpg,ood_test,test
standfordcars_2871,05375.jpg,ood_test,test
standfordcars_2872,03704.jpg,ood_test,test
standfordcars_2873,03062.jpg,ood_test,test
standfordcars_2874,05413.jpg,ood_test,test
standfordcars_2875,01675.jpg,ood_test,test
standfordcars_2876,07204.jpg,ood_test,test
standfordcars_2877,04725.jpg,ood_test,test
standfordcars_2878,02354.jpg,ood_test,test
standfordcars_2879,06132.jpg,ood_test,test
standfordcars_2880,01885.jpg,ood_test,test
standfordcars_2881,00543.jpg,ood_test,test
standfordcars_2882,00225.jpg,ood_test,test
standfordcars_2883,06654.jpg,ood_test,test
standfordcars_2884,02432.jpg,ood_test,test
standfordcars_2885,04043.jpg,ood_test,test
standfordcars_2886,02426.jpg,ood_test,test
standfordcars_2887,05349.jpg,ood_test,test
standfordcars_2888,04057.jpg,ood_test,test
standfordcars_2889,03738.jpg,ood_test,test
standfordcars_2890,00231.jpg,ood_test,test
standfordcars_2891,06898.jpg,ood_test,test
standfordcars_2892,06640.jpg,ood_test,test
standfordcars_2893,01649.jpg,ood_test,test
standfordcars_2894,06126.jpg,ood_test,test
standfordcars_2895,01891.jpg,ood_test,test
standfordcars_2896,07238.jpg,ood_test,test
standfordcars_2897,00557.jpg,ood_test,test
standfordcars_2898,04731.jpg,ood_test,test
standfordcars_2899,02340.jpg,ood_test,test
standfordcars_2900,04876.jpg,ood_test,test
standfordcars_2901,06907.jpg,ood_test,test
standfordcars_2902,06913.jpg,ood_test,test
standfordcars_2903,04862.jpg,ood_test,test
standfordcars_2904,06085.jpg,ood_test,test
standfordcars_2905,01932.jpg,ood_test,test
standfordcars_2906,04692.jpg,ood_test,test
standfordcars_2907,03843.jpg,ood_test,test
standfordcars_2908,02585.jpg,ood_test,test
standfordcars_2909,00392.jpg,ood_test,test
standfordcars_2910,00386.jpg,ood_test,test
standfordcars_2911,01098.jpg,ood_test,test
standfordcars_2912,03857.jpg,ood_test,test
standfordcars_2913,02591.jpg,ood_test,test
standfordcars_2914,04686.jpg,ood_test,test
standfordcars_2915,05598.jpg,ood_test,test
standfordcars_2916,06091.jpg,ood_test,test
standfordcars_2917,01926.jpg,ood_test,test
standfordcars_2918,07364.jpg,ood_test,test
standfordcars_2919,01715.jpg,ood_test,test
standfordcars_2920,05573.jpg,ood_test,test
standfordcars_2921,03102.jpg,ood_test,test
standfordcars_2922,03664.jpg,ood_test,test
standfordcars_2923,05215.jpg,ood_test,test
standfordcars_2924,01073.jpg,ood_test,test
standfordcars_2925,07402.jpg,ood_test,test
standfordcars_2926,01067.jpg,ood_test,test
standfordcars_2927,06708.jpg,ood_test,test
standfordcars_2928,07416.jpg,ood_test,test
standfordcars_2929,00379.jpg,ood_test,test
standfordcars_2930,03670.jpg,ood_test,test
standfordcars_2931,05201.jpg,ood_test,test
standfordcars_2932,02208.jpg,ood_test,test
standfordcars_2933,05567.jpg,ood_test,test
standfordcars_2934,04679.jpg,ood_test,test
standfordcars_2935,03116.jpg,ood_test,test
standfordcars_2936,07370.jpg,ood_test,test
standfordcars_2937,01701.jpg,ood_test,test
standfordcars_2938,04889.jpg,ood_test,test
standfordcars_2939,02220.jpg,ood_test,test
standfordcars_2940,04651.jpg,ood_test,test
standfordcars_2941,00437.jpg,ood_test,test
standfordcars_2942,07358.jpg,ood_test,test
standfordcars_2943,06046.jpg,ood_test,test
standfordcars_2944,01729.jpg,ood_test,test
standfordcars_2945,06720.jpg,ood_test,test
standfordcars_2946,00351.jpg,ood_test,test
standfordcars_2947,03658.jpg,ood_test,test
standfordcars_2948,04137.jpg,ood_test,test
standfordcars_2949,05229.jpg,ood_test,test
standfordcars_2950,03880.jpg,ood_test,test
standfordcars_2951,02546.jpg,ood_test,test
standfordcars_2952,04123.jpg,ood_test,test
standfordcars_2953,03894.jpg,ood_test,test
standfordcars_2954,02552.jpg,ood_test,test
standfordcars_2955,06734.jpg,ood_test,test
standfordcars_2956,00345.jpg,ood_test,test
standfordcars_2957,00423.jpg,ood_test,test
standfordcars_2958,06052.jpg,ood_test,test
standfordcars_2959,02234.jpg,ood_test,test
standfordcars_2960,04645.jpg,ood_test,test
standfordcars_2961,02963.jpg,ood_test,test
standfordcars_2962,00812.jpg,ood_test,test
standfordcars_2963,00806.jpg,ood_test,test
standfordcars_2964,02977.jpg,ood_test,test
standfordcars_2965,07827.jpg,ood_test,test
standfordcars_2966,00190.jpg,ood_test,test
standfordcars_2967,03499.jpg,ood_test,test
standfordcars_2968,02787.jpg,ood_test,test
standfordcars_2969,05956.jpg,ood_test,test
standfordcars_2970,04490.jpg,ood_test,test
standfordcars_2971,07199.jpg,ood_test,test
standfordcars_2972,06287.jpg,ood_test,test
standfordcars_2973,06293.jpg,ood_test,test
standfordcars_2974,05942.jpg,ood_test,test
standfordcars_2975,04484.jpg,ood_test,test
standfordcars_2976,02793.jpg,ood_test,test
standfordcars_2977,07833.jpg,ood_test,test
standfordcars_2978,00184.jpg,ood_test,test
standfordcars_2979,07600.jpg,ood_test,test
standfordcars_2980,01271.jpg,ood_test,test
standfordcars_2981,02778.jpg,ood_test,test
standfordcars_2982,05017.jpg,ood_test,test
standfordcars_2983,04309.jpg,ood_test,test
standfordcars_2984,03466.jpg,ood_test,test
standfordcars_2985,03300.jpg,ood_test,test
standfordcars_2986,05771.jpg,ood_test,test
standfordcars_2987,01517.jpg,ood_test,test
standfordcars_2988,06278.jpg,ood_test,test
standfordcars_2989,07166.jpg,ood_test,test
standfordcars_2990,00609.jpg,ood_test,test
standfordcars_2991,01503.jpg,ood_test,test
standfordcars_2992,07172.jpg,ood_test,test
standfordcars_2993,03314.jpg,ood_test,test
standfordcars_2994,05765.jpg,ood_test,test
standfordcars_2995,05003.jpg,ood_test,test
standfordcars_2996,03472.jpg,ood_test,test
standfordcars_2997,07614.jpg,ood_test,test
standfordcars_2998,01265.jpg,ood_test,test
standfordcars_2999,02744.jpg,ood_test,test
standfordcars_3000,04335.jpg,ood_test,test
standfordcars_3001,00153.jpg,ood_test,test
standfordcars_3002,06522.jpg,ood_test,test
standfordcars_3003,06244.jpg,ood_test,test
standfordcars_3004,00635.jpg,ood_test,test
standfordcars_3005,05995.jpg,ood_test,test
standfordcars_3006,04453.jpg,ood_test,test
standfordcars_3007,02022.jpg,ood_test,test
standfordcars_3008,03328.jpg,ood_test,test
standfordcars_3009,05981.jpg,ood_test,test
standfordcars_3010,04447.jpg,ood_test,test
standfordcars_3011,05759.jpg,ood_test,test
standfordcars_3012,02036.jpg,ood_test,test
standfordcars_3013,06250.jpg,ood_test,test
standfordcars_3014,00621.jpg,ood_test,test
standfordcars_3015,00147.jpg,ood_test,test
standfordcars_3016,07628.jpg,ood_test,test
standfordcars_3017,06536.jpg,ood_test,test
standfordcars_3018,01259.jpg,ood_test,test
standfordcars_3019,02750.jpg,ood_test,test
standfordcars_3020,02988.jpg,ood_test,test
standfordcars_3021,04321.jpg,ood_test,test
standfordcars_3022,01261.jpg,ood_test,test
standfordcars_3023,07610.jpg,ood_test,test
standfordcars_3024,04319.jpg,ood_test,test
standfordcars_3025,03476.jpg,ood_test,test
standfordcars_3026,02768.jpg,ood_test,test
standfordcars_3027,05007.jpg,ood_test,test
standfordcars_3028,05761.jpg,ood_test,test
standfordcars_3029,03310.jpg,ood_test,test
standfordcars_3030,07176.jpg,ood_test,test
standfordcars_3031,00619.jpg,ood_test,test
standfordcars_3032,01507.jpg,ood_test,test
standfordcars_3033,06268.jpg,ood_test,test
standfordcars_3034,07162.jpg,ood_test,test
standfordcars_3035,01513.jpg,ood_test,test
standfordcars_3036,05775.jpg,ood_test,test
standfordcars_3037,03304.jpg,ood_test,test
standfordcars_3038,03462.jpg,ood_test,test
standfordcars_3039,05013.jpg,ood_test,test
standfordcars_3040,01275.jpg,ood_test,test
standfordcars_3041,07604.jpg,ood_test,test
standfordcars_3042,04325.jpg,ood_test,test
standfordcars_3043,02754.jpg,ood_test,test
standfordcars_3044,06532.jpg,ood_test,test
standfordcars_3045,00143.jpg,ood_test,test
standfordcars_3046,00625.jpg,ood_test,test
standfordcars_3047,06254.jpg,ood_test,test
standfordcars_3048,02032.jpg,ood_test,test
standfordcars_3049,05985.jpg,ood_test,test
standfordcars_3050,04443.jpg,ood_test,test
standfordcars_3051,05749.jpg,ood_test,test
standfordcars_3052,02026.jpg,ood_test,test
standfordcars_3053,05991.jpg,ood_test,test
standfordcars_3054,03338.jpg,ood_test,test
standfordcars_3055,04457.jpg,ood_test,test
standfordcars_3056,00631.jpg,ood_test,test
standfordcars_3057,06240.jpg,ood_test,test
standfordcars_3058,06526.jpg,ood_test,test
standfordcars_3059,01249.jpg,ood_test,test
standfordcars_3060,00157.jpg,ood_test,test
standfordcars_3061,07638.jpg,ood_test,test
standfordcars_3062,04331.jpg,ood_test,test
standfordcars_3063,02998.jpg,ood_test,test
standfordcars_3064,02740.jpg,ood_test,test
standfordcars_3065,02973.jpg,ood_test,test
standfordcars_3066,00802.jpg,ood_test,test
standfordcars_3067,00816.jpg,ood_test,test
standfordcars_3068,02967.jpg,ood_test,test
standfordcars_3069,00180.jpg,ood_test,test
standfordcars_3070,07837.jpg,ood_test,test
standfordcars_3071,02797.jpg,ood_test,test
standfordcars_3072,03489.jpg,ood_test,test
standfordcars_3073,05946.jpg,ood_test,test
standfordcars_3074,04480.jpg,ood_test,test
standfordcars_3075,06297.jpg,ood_test,test
standfordcars_3076,07189.jpg,ood_test,test
standfordcars_3077,06283.jpg,ood_test,test
standfordcars_3078,05952.jpg,ood_test,test
standfordcars_3079,04494.jpg,ood_test,test
standfordcars_3080,02783.jpg,ood_test,test
standfordcars_3081,00194.jpg,ood_test,test
standfordcars_3082,07823.jpg,ood_test,test
standfordcars_3083,01705.jpg,ood_test,test
standfordcars_3084,07374.jpg,ood_test,test
standfordcars_3085,03112.jpg,ood_test,test
standfordcars_3086,05563.jpg,ood_test,test
standfordcars_3087,05205.jpg,ood_test,test
standfordcars_3088,03674.jpg,ood_test,test
standfordcars_3089,07412.jpg,ood_test,test
standfordcars_3090,01063.jpg,ood_test,test
standfordcars_3091,07406.jpg,ood_test,test
standfordcars_3092,00369.jpg,ood_test,test
standfordcars_3093,01077.jpg,ood_test,test
standfordcars_3094,06718.jpg,ood_test,test
standfordcars_3095,05211.jpg,ood_test,test
standfordcars_3096,03660.jpg,ood_test,test
standfordcars_3097,04669.jpg,ood_test,test
standfordcars_3098,03106.jpg,ood_test,test
standfordcars_3099,02218.jpg,ood_test,test
standfordcars_3100,05577.jpg,ood_test,test
standfordcars_3101,01711.jpg,ood_test,test
standfordcars_3102,07360.jpg,ood_test,test
standfordcars_3103,04641.jpg,ood_test,test
standfordcars_3104,02230.jpg,ood_test,test
standfordcars_3105,04899.jpg,ood_test,test
standfordcars_3106,06056.jpg,ood_test,test
standfordcars_3107,01739.jpg,ood_test,test
standfordcars_3108,00427.jpg,ood_test,test
standfordcars_3109,07348.jpg,ood_test,test
standfordcars_3110,00341.jpg,ood_test,test
standfordcars_3111,06730.jpg,ood_test,test
standfordcars_3112,03890.jpg,ood_test,test
standfordcars_3113,05239.jpg,ood_test,test
standfordcars_3114,02556.jpg,ood_test,test
standfordcars_3115,03648.jpg,ood_test,test
standfordcars_3116,04127.jpg,ood_test,test
standfordcars_3117,03884.jpg,ood_test,test
standfordcars_3118,02542.jpg,ood_test,test
standfordcars_3119,04133.jpg,ood_test,test
standfordcars_3120,00355.jpg,ood_test,test
standfordcars_3121,06724.jpg,ood_test,test
standfordcars_3122,06042.jpg,ood_test,test
standfordcars_3123,00433.jpg,ood_test,test
standfordcars_3124,04655.jpg,ood_test,test
standfordcars_3125,02224.jpg,ood_test,test
standfordcars_3126,04866.jpg,ood_test,test
standfordcars_3127,06917.jpg,ood_test,test
standfordcars_3128,06903.jpg,ood_test,test
standfordcars_3129,04872.jpg,ood_test,test
standfordcars_3130,01922.jpg,ood_test,test
standfordcars_3131,06095.jpg,ood_test,test
standfordcars_3132,04682.jpg,ood_test,test
standfordcars_3133,03853.jpg,ood_test,test
standfordcars_3134,02595.jpg,ood_test,test
standfordcars_3135,00382.jpg,ood_test,test
standfordcars_3136,01088.jpg,ood_test,test
standfordcars_3137,00396.jpg,ood_test,test
standfordcars_3138,03847.jpg,ood_test,test
standfordcars_3139,02581.jpg,ood_test,test
standfordcars_3140,05588.jpg,ood_test,test
standfordcars_3141,04696.jpg,ood_test,test
standfordcars_3142,01936.jpg,ood_test,test
standfordcars_3143,06081.jpg,ood_test,test
standfordcars_3144,07200.jpg,ood_test,test
standfordcars_3145,01671.jpg,ood_test,test
standfordcars_3146,05417.jpg,ood_test,test
standfordcars_3147,02378.jpg,ood_test,test
standfordcars_3148,03066.jpg,ood_test,test
standfordcars_3149,04709.jpg,ood_test,test
standfordcars_3150,03700.jpg,ood_test,test
standfordcars_3151,05371.jpg,ood_test,test
standfordcars_3152,06678.jpg,ood_test,test
standfordcars_3153,01117.jpg,ood_test,test
standfordcars_3154,00209.jpg,ood_test,test
standfordcars_3155,07566.jpg,ood_test,test
standfordcars_3156,01103.jpg,ood_test,test
standfordcars_3157,07572.jpg,ood_test,test
standfordcars_3158,03714.jpg,ood_test,test
standfordcars_3159,05365.jpg,ood_test,test
standfordcars_3160,05403.jpg,ood_test,test
standfordcars_3161,03072.jpg,ood_test,test
standfordcars_3162,07214.jpg,ood_test,test
standfordcars_3163,01665.jpg,ood_test,test
standfordcars_3164,02344.jpg,ood_test,test
standfordcars_3165,04735.jpg,ood_test,test
standfordcars_3166,01895.jpg,ood_test,test
standfordcars_3167,00553.jpg,ood_test,test
standfordcars_3168,06122.jpg,ood_test,test
standfordcars_3169,06644.jpg,ood_test,test
standfordcars_3170,00235.jpg,ood_test,test
standfordcars_3171,04053.jpg,ood_test,test
standfordcars_3172,02422.jpg,ood_test,test
standfordcars_3173,04047.jpg,ood_test,test
standfordcars_3174,03728.jpg,ood_test,test
standfordcars_3175,02436.jpg,ood_test,test
standfordcars_3176,05359.jpg,ood_test,test
standfordcars_3177,06650.jpg,ood_test,test
standfordcars_3178,06888.jpg,ood_test,test
standfordcars_3179,00221.jpg,ood_test,test
standfordcars_3180,07228.jpg,ood_test,test
standfordcars_3181,01881.jpg,ood_test,test
standfordcars_3182,00547.jpg,ood_test,test
standfordcars_3183,01659.jpg,ood_test,test
standfordcars_3184,06136.jpg,ood_test,test
standfordcars_3185,02350.jpg,ood_test,test
standfordcars_3186,04721.jpg,ood_test,test
standfordcars_3187,04912.jpg,ood_test,test
standfordcars_3188,06863.jpg,ood_test,test
standfordcars_3189,06877.jpg,ood_test,test
standfordcars_3190,04906.jpg,ood_test,test
standfordcars_3191,01856.jpg,ood_test,test
standfordcars_3192,00590.jpg,ood_test,test
standfordcars_3193,03099.jpg,ood_test,test
standfordcars_3194,02387.jpg,ood_test,test
standfordcars_3195,03927.jpg,ood_test,test
standfordcars_3196,04090.jpg,ood_test,test
standfordcars_3197,07599.jpg,ood_test,test
standfordcars_3198,06687.jpg,ood_test,test
standfordcars_3199,06693.jpg,ood_test,test
standfordcars_3200,03933.jpg,ood_test,test
standfordcars_3201,04084.jpg,ood_test,test
standfordcars_3202,02393.jpg,ood_test,test
standfordcars_3203,01842.jpg,ood_test,test
standfordcars_3204,00584.jpg,ood_test,test
standfordcars_3205,07764.jpg,ood_test,test
standfordcars_3206,01315.jpg,ood_test,test
standfordcars_3207,05173.jpg,ood_test,test
standfordcars_3208,03502.jpg,ood_test,test
standfordcars_3209,03264.jpg,ood_test,test
standfordcars_3210,05615.jpg,ood_test,test
standfordcars_3211,01473.jpg,ood_test,test
standfordcars_3212,07002.jpg,ood_test,test
standfordcars_3213,06308.jpg,ood_test,test
standfordcars_3214,01467.jpg,ood_test,test
standfordcars_3215,00779.jpg,ood_test,test
standfordcars_3216,07016.jpg,ood_test,test
standfordcars_3217,03270.jpg,ood_test,test
standfordcars_3218,05601.jpg,ood_test,test
standfordcars_3219,05167.jpg,ood_test,test
standfordcars_3220,02608.jpg,ood_test,test
standfordcars_3221,03516.jpg,ood_test,test
standfordcars_3222,04279.jpg,ood_test,test
standfordcars_3223,07770.jpg,ood_test,test
standfordcars_3224,01301.jpg,ood_test,test
standfordcars_3225,02620.jpg,ood_test,test
standfordcars_3226,04251.jpg,ood_test,test
standfordcars_3227,07758.jpg,ood_test,test
standfordcars_3228,00037.jpg,ood_test,test
standfordcars_3229,01329.jpg,ood_test,test
standfordcars_3230,07980.jpg,ood_test,test
standfordcars_3231,06446.jpg,ood_test,test
standfordcars_3232,00989.jpg,ood_test,test
standfordcars_3233,06320.jpg,ood_test,test
standfordcars_3234,00751.jpg,ood_test,test
standfordcars_3235,04537.jpg,ood_test,test
standfordcars_3236,03258.jpg,ood_test,test
standfordcars_3237,02146.jpg,ood_test,test
standfordcars_3238,05629.jpg,ood_test,test
standfordcars_3239,04523.jpg,ood_test,test
standfordcars_3240,02152.jpg,ood_test,test
standfordcars_3241,06334.jpg,ood_test,test
standfordcars_3242,00745.jpg,ood_test,test
standfordcars_3243,00023.jpg,ood_test,test
standfordcars_3244,07994.jpg,ood_test,test
standfordcars_3245,06452.jpg,ood_test,test
standfordcars_3246,02634.jpg,ood_test,test
standfordcars_3247,04245.jpg,ood_test,test
standfordcars_3248,02807.jpg,ood_test,test
standfordcars_3249,00976.jpg,ood_test,test
standfordcars_3250,00962.jpg,ood_test,test
standfordcars_3251,02813.jpg,ood_test,test
standfordcars_3252,07943.jpg,ood_test,test
standfordcars_3253,06485.jpg,ood_test,test
standfordcars_3254,04292.jpg,ood_test,test
standfordcars_3255,02185.jpg,ood_test,test
standfordcars_3256,05832.jpg,ood_test,test
standfordcars_3257,00792.jpg,ood_test,test
standfordcars_3258,00786.jpg,ood_test,test
standfordcars_3259,01498.jpg,ood_test,test
standfordcars_3260,02191.jpg,ood_test,test
standfordcars_3261,05826.jpg,ood_test,test
standfordcars_3262,04286.jpg,ood_test,test
standfordcars_3263,05198.jpg,ood_test,test
standfordcars_3264,07957.jpg,ood_test,test
standfordcars_3265,06491.jpg,ood_test,test
standfordcars_3266,05827.jpg,ood_test,test
standfordcars_3267,02190.jpg,ood_test,test
standfordcars_3268,01499.jpg,ood_test,test
standfordcars_3269,00787.jpg,ood_test,test
standfordcars_3270,06490.jpg,ood_test,test
standfordcars_3271,07956.jpg,ood_test,test
standfordcars_3272,05199.jpg,ood_test,test
standfordcars_3273,04287.jpg,ood_test,test
standfordcars_3274,04293.jpg,ood_test,test
standfordcars_3275,06484.jpg,ood_test,test
standfordcars_3276,07942.jpg,ood_test,test
standfordcars_3277,00793.jpg,ood_test,test
standfordcars_3278,05833.jpg,ood_test,test
standfordcars_3279,02184.jpg,ood_test,test
standfordcars_3280,00963.jpg,ood_test,test
standfordcars_3281,02812.jpg,ood_test,test
standfordcars_3282,02806.jpg,ood_test,test
standfordcars_3283,00977.jpg,ood_test,test
standfordcars_3284,00744.jpg,ood_test,test
standfordcars_3285,06335.jpg,ood_test,test
standfordcars_3286,02153.jpg,ood_test,test
standfordcars_3287,04522.jpg,ood_test,test
standfordcars_3288,04244.jpg,ood_test,test
standfordcars_3289,02635.jpg,ood_test,test
standfordcars_3290,06453.jpg,ood_test,test
standfordcars_3291,07995.jpg,ood_test,test
standfordcars_3292,00022.jpg,ood_test,test
standfordcars_3293,06447.jpg,ood_test,test
standfordcars_3294,07981.jpg,ood_test,test
standfordcars_3295,01328.jpg,ood_test,test
standfordcars_3296,00036.jpg,ood_test,test
standfordcars_3297,07759.jpg,ood_test,test
standfordcars_3298,04250.jpg,ood_test,test
standfordcars_3299,02621.jpg,ood_test,test
standfordcars_3300,05628.jpg,ood_test,test
standfordcars_3301,02147.jpg,ood_test,test
standfordcars_3302,03259.jpg,ood_test,test
standfordcars_3303,04536.jpg,ood_test,test
standfordcars_3304,00750.jpg,ood_test,test
standfordcars_3305,06321.jpg,ood_test,test
standfordcars_3306,00988.jpg,ood_test,test
standfordcars_3307,05600.jpg,ood_test,test
standfordcars_3308,03271.jpg,ood_test,test
standfordcars_3309,07017.jpg,ood_test,test
standfordcars_3310,00778.jpg,ood_test,test
standfordcars_3311,01466.jpg,ood_test,test
standfordcars_3312,06309.jpg,ood_test,test
standfordcars_3313,01300.jpg,ood_test,test
standfordcars_3314,07771.jpg,ood_test,test
standfordcars_3315,04278.jpg,ood_test,test
standfordcars_3316,03517.jpg,ood_test,test
standfordcars_3317,02609.jpg,ood_test,test
standfordcars_3318,05166.jpg,ood_test,test
standfordcars_3319,03503.jpg,ood_test,test
standfordcars_3320,05172.jpg,ood_test,test
standfordcars_3321,01314.jpg,ood_test,test
standfordcars_3322,07765.jpg,ood_test,test
standfordcars_3323,07003.jpg,ood_test,test
standfordcars_3324,01472.jpg,ood_test,test
standfordcars_3325,05614.jpg,ood_test,test
standfordcars_3326,03265.jpg,ood_test,test
standfordcars_3327,04085.jpg,ood_test,test
standfordcars_3328,03932.jpg,ood_test,test
standfordcars_3329,06692.jpg,ood_test,test
standfordcars_3330,00585.jpg,ood_test,test
standfordcars_3331,01843.jpg,ood_test,test
standfordcars_3332,02392.jpg,ood_test,test
standfordcars_3333,02386.jpg,ood_test,test
standfordcars_3334,03098.jpg,ood_test,test
standfordcars_3335,00591.jpg,ood_test,test
standfordcars_3336,01857.jpg,ood_test,test
standfordcars_3337,06686.jpg,ood_test,test
standfordcars_3338,07598.jpg,ood_test,test
standfordcars_3339,04091.jpg,ood_test,test
standfordcars_3340,03926.jpg,ood_test,test
standfordcars_3341,06876.jpg,ood_test,test
standfordcars_3342,04907.jpg,ood_test,test
standfordcars_3343,04913.jpg,ood_test,test
standfordcars_3344,06862.jpg,ood_test,test
standfordcars_3345,00220.jpg,ood_test,test
standfordcars_3346,06889.jpg,ood_test,test
standfordcars_3347,06651.jpg,ood_test,test
standfordcars_3348,05358.jpg,ood_test,test
standfordcars_3349,02437.jpg,ood_test,test
standfordcars_3350,03729.jpg,ood_test,test
standfordcars_3351,04046.jpg,ood_test,test
standfordcars_3352,04720.jpg,ood_test,test
standfordcars_3353,02351.jpg,ood_test,test
standfordcars_3354,06137.jpg,ood_test,test
standfordcars_3355,01658.jpg,ood_test,test
standfordcars_3356,00546.jpg,ood_test,test
standfordcars_3357,01880.jpg,ood_test,test
standfordcars_3358,07229.jpg,ood_test,test
standfordcars_3359,06123.jpg,ood_test,test
standfordcars_3360,00552.jpg,ood_test,test
standfordcars_3361,01894.jpg,ood_test,test
standfordcars_3362,04734.jpg,ood_test,test
standfordcars_3363,02345.jpg,ood_test,test
standfordcars_3364,02423.jpg,ood_test,test
standfordcars_3365,04052.jpg,ood_test,test
standfordcars_3366,00234.jpg,ood_test,test
standfordcars_3367,06645.jpg,ood_test,test
standfordcars_3368,05364.jpg,ood_test,test
standfordcars_3369,03715.jpg,ood_test,test
standfordcars_3370,07573.jpg,ood_test,test
standfordcars_3371,01102.jpg,ood_test,test
standfordcars_3372,01664.jpg,ood_test,test
standfordcars_3373,07215.jpg,ood_test,test
standfordcars_3374,03073.jpg,ood_test,test
standfordcars_3375,05402.jpg,ood_test,test
standfordcars_3376,04708.jpg,ood_test,test
standfordcars_3377,03067.jpg,ood_test,test
standfordcars_3378,02379.jpg,ood_test,test
standfordcars_3379,05416.jpg,ood_test,test
standfordcars_3380,01670.jpg,ood_test,test
standfordcars_3381,07201.jpg,ood_test,test
standfordcars_3382,07567.jpg,ood_test,test
standfordcars_3383,00208.jpg,ood_test,test
standfordcars_3384,01116.jpg,ood_test,test
standfordcars_3385,06679.jpg,ood_test,test
standfordcars_3386,05370.jpg,ood_test,test
standfordcars_3387,03701.jpg,ood_test,test
standfordcars_3388,02580.jpg,ood_test,test
standfordcars_3389,03846.jpg,ood_test,test
standfordcars_3390,00397.jpg,ood_test,test
standfordcars_3391,01089.jpg,ood_test,test
standfordcars_3392,06080.jpg,ood_test,test
standfordcars_3393,01937.jpg,ood_test,test
standfordcars_3394,04697.jpg,ood_test,test
standfordcars_3395,05589.jpg,ood_test,test
standfordcars_3396,04683.jpg,ood_test,test
standfordcars_3397,06094.jpg,ood_test,test
standfordcars_3398,01923.jpg,ood_test,test
standfordcars_3399,00383.jpg,ood_test,test
standfordcars_3400,02594.jpg,ood_test,test
standfordcars_3401,03852.jpg,ood_test,test
standfordcars_3402,06902.jpg,ood_test,test
standfordcars_3403,04873.jpg,ood_test,test
standfordcars_3404,04867.jpg,ood_test,test
standfordcars_3405,06916.jpg,ood_test,test
standfordcars_3406,06725.jpg,ood_test,test
standfordcars_3407,00354.jpg,ood_test,test
standfordcars_3408,04132.jpg,ood_test,test
standfordcars_3409,02543.jpg,ood_test,test
standfordcars_3410,03885.jpg,ood_test,test
standfordcars_3411,02225.jpg,ood_test,test
standfordcars_3412,04654.jpg,ood_test,test
standfordcars_3413,00432.jpg,ood_test,test
standfordcars_3414,06043.jpg,ood_test,test
standfordcars_3415,07349.jpg,ood_test,test
standfordcars_3416,00426.jpg,ood_test,test
standfordcars_3417,01738.jpg,ood_test,test
standfordcars_3418,06057.jpg,ood_test,test
standfordcars_3419,04898.jpg,ood_test,test
standfordcars_3420,02231.jpg,ood_test,test
standfordcars_3421,04640.jpg,ood_test,test
standfordcars_3422,04126.jpg,ood_test,test
standfordcars_3423,03649.jpg,ood_test,test
standfordcars_3424,02557.jpg,ood_test,test
standfordcars_3425,05238.jpg,ood_test,test
standfordcars_3426,03891.jpg,ood_test,test
standfordcars_3427,06731.jpg,ood_test,test
standfordcars_3428,00340.jpg,ood_test,test
standfordcars_3429,03661.jpg,ood_test,test
standfordcars_3430,05210.jpg,ood_test,test
standfordcars_3431,06719.jpg,ood_test,test
standfordcars_3432,01076.jpg,ood_test,test
standfordcars_3433,00368.jpg,ood_test,test
standfordcars_3434,07407.jpg,ood_test,test
standfordcars_3435,07361.jpg,ood_test,test
standfordcars_3436,01710.jpg,ood_test,test
standfordcars_3437,05576.jpg,ood_test,test
standfordcars_3438,02219.jpg,ood_test,test
standfordcars_3439,03107.jpg,ood_test,test
standfordcars_3440,04668.jpg,ood_test,test
standfordcars_3441,05562.jpg,ood_test,test
standfordcars_3442,03113.jpg,ood_test,test
standfordcars_3443,07375.jpg,ood_test,test
standfordcars_3444,01704.jpg,ood_test,test
standfordcars_3445,01062.jpg,ood_test,test
standfordcars_3446,07413.jpg,ood_test,test
standfordcars_3447,03675.jpg,ood_test,test
standfordcars_3448,05204.jpg,ood_test,test
standfordcars_3449,04495.jpg,ood_test,test
standfordcars_3450,05953.jpg,ood_test,test
standfordcars_3451,06282.jpg,ood_test,test
standfordcars_3452,07822.jpg,ood_test,test
standfordcars_3453,00195.jpg,ood_test,test
standfordcars_3454,02782.jpg,ood_test,test
standfordcars_3455,03488.jpg,ood_test,test
standfordcars_3456,02796.jpg,ood_test,test
standfordcars_3457,07836.jpg,ood_test,test
standfordcars_3458,00181.jpg,ood_test,test
standfordcars_3459,07188.jpg,ood_test,test
standfordcars_3460,06296.jpg,ood_test,test
standfordcars_3461,04481.jpg,ood_test,test
standfordcars_3462,05947.jpg,ood_test,test
standfordcars_3463,00817.jpg,ood_test,test
standfordcars_3464,02966.jpg,ood_test,test
standfordcars_3465,02972.jpg,ood_test,test
standfordcars_3466,00803.jpg,ood_test,test
standfordcars_3467,06241.jpg,ood_test,test
standfordcars_3468,00630.jpg,ood_test,test
standfordcars_3469,04456.jpg,ood_test,test
standfordcars_3470,03339.jpg,ood_test,test
standfordcars_3471,05990.jpg,ood_test,test
standfordcars_3472,02027.jpg,ood_test,test
standfordcars_3473,05748.jpg,ood_test,test
standfordcars_3474,02741.jpg,ood_test,test
standfordcars_3475,02999.jpg,ood_test,test
standfordcars_3476,04330.jpg,ood_test,test
standfordcars_3477,07639.jpg,ood_test,test
standfordcars_3478,00156.jpg,ood_test,test
standfordcars_3479,01248.jpg,ood_test,test
standfordcars_3480,06527.jpg,ood_test,test
standfordcars_3481,00142.jpg,ood_test,test
standfordcars_3482,06533.jpg,ood_test,test
standfordcars_3483,02755.jpg,ood_test,test
standfordcars_3484,04324.jpg,ood_test,test
standfordcars_3485,04442.jpg,ood_test,test
standfordcars_3486,05984.jpg,ood_test,test
standfordcars_3487,02033.jpg,ood_test,test
standfordcars_3488,06255.jpg,ood_test,test
standfordcars_3489,00624.jpg,ood_test,test
standfordcars_3490,03305.jpg,ood_test,test
standfordcars_3491,05774.jpg,ood_test,test
standfordcars_3492,01512.jpg,ood_test,test
standfordcars_3493,07163.jpg,ood_test,test
standfordcars_3494,07605.jpg,ood_test,test
standfordcars_3495,01274.jpg,ood_test,test
standfordcars_3496,05012.jpg,ood_test,test
standfordcars_3497,03463.jpg,ood_test,test
standfordcars_3498,05006.jpg,ood_test,test
standfordcars_3499,02769.jpg,ood_test,test
standfordcars_3500,03477.jpg,ood_test,test
standfordcars_3501,04318.jpg,ood_test,test
standfordcars_3502,07611.jpg,ood_test,test
standfordcars_3503,01260.jpg,ood_test,test
standfordcars_3504,06269.jpg,ood_test,test
standfordcars_3505,01506.jpg,ood_test,test
standfordcars_3506,00618.jpg,ood_test,test
standfordcars_3507,07177.jpg,ood_test,test
standfordcars_3508,03311.jpg,ood_test,test
standfordcars_3509,05760.jpg,ood_test,test
standfordcars_3510,03461.jpg,ood_test,test
standfordcars_3511,05010.jpg,ood_test,test
standfordcars_3512,06519.jpg,ood_test,test
standfordcars_3513,01276.jpg,ood_test,test
standfordcars_3514,00168.jpg,ood_test,test
standfordcars_3515,07607.jpg,ood_test,test
standfordcars_3516,07161.jpg,ood_test,test
standfordcars_3517,01510.jpg,ood_test,test
standfordcars_3518,05776.jpg,ood_test,test
standfordcars_3519,02019.jpg,ood_test,test
standfordcars_3520,03307.jpg,ood_test,test
standfordcars_3521,04468.jpg,ood_test,test
standfordcars_3522,05762.jpg,ood_test,test
standfordcars_3523,03313.jpg,ood_test,test
standfordcars_3524,07175.jpg,ood_test,test
standfordcars_3525,01504.jpg,ood_test,test
standfordcars_3526,01262.jpg,ood_test,test
standfordcars_3527,07613.jpg,ood_test,test
standfordcars_3528,03475.jpg,ood_test,test
standfordcars_3529,05004.jpg,ood_test,test
standfordcars_3530,06525.jpg,ood_test,test
standfordcars_3531,00154.jpg,ood_test,test
standfordcars_3532,04332.jpg,ood_test,test
standfordcars_3533,02743.jpg,ood_test,test
standfordcars_3534,02025.jpg,ood_test,test
standfordcars_3535,05992.jpg,ood_test,test
standfordcars_3536,04454.jpg,ood_test,test
standfordcars_3537,00632.jpg,ood_test,test
standfordcars_3538,06243.jpg,ood_test,test
standfordcars_3539,07149.jpg,ood_test,test
standfordcars_3540,00626.jpg,ood_test,test
standfordcars_3541,01538.jpg,ood_test,test
standfordcars_3542,06257.jpg,ood_test,test
standfordcars_3543,02031.jpg,ood_test,test
standfordcars_3544,05986.jpg,ood_test,test
standfordcars_3545,04440.jpg,ood_test,test
standfordcars_3546,04326.jpg,ood_test,test
standfordcars_3547,03449.jpg,ood_test,test
standfordcars_3548,02757.jpg,ood_test,test
standfordcars_3549,05038.jpg,ood_test,test
standfordcars_3550,06531.jpg,ood_test,test
standfordcars_3551,00140.jpg,ood_test,test
standfordcars_3552,02964.jpg,ood_test,test
standfordcars_3553,00815.jpg,ood_test,test
standfordcars_3554,00801.jpg,ood_test,test
standfordcars_3555,05979.jpg,ood_test,test
standfordcars_3556,02970.jpg,ood_test,test
standfordcars_3557,07808.jpg,ood_test,test
standfordcars_3558,02780.jpg,ood_test,test
standfordcars_3559,02958.jpg,ood_test,test
standfordcars_3560,00197.jpg,ood_test,test
standfordcars_3561,07820.jpg,ood_test,test
standfordcars_3562,01289.jpg,ood_test,test
standfordcars_3563,06280.jpg,ood_test,test
standfordcars_3564,00829.jpg,ood_test,test
standfordcars_3565,05951.jpg,ood_test,test
standfordcars_3566,04497.jpg,ood_test,test
standfordcars_3567,05789.jpg,ood_test,test
standfordcars_3568,05945.jpg,ood_test,test
standfordcars_3569,04483.jpg,ood_test,test
standfordcars_3570,06294.jpg,ood_test,test
standfordcars_3571,00183.jpg,ood_test,test
standfordcars_3572,07834.jpg,ood_test,test
standfordcars_3573,02794.jpg,ood_test,test
standfordcars_3574,03105.jpg,ood_test,test
standfordcars_3575,05574.jpg,ood_test,test
standfordcars_3576,01712.jpg,ood_test,test
standfordcars_3577,07363.jpg,ood_test,test
standfordcars_3578,07405.jpg,ood_test,test
standfordcars_3579,01074.jpg,ood_test,test
standfordcars_3580,05212.jpg,ood_test,test
standfordcars_3581,03663.jpg,ood_test,test
standfordcars_3582,05206.jpg,ood_test,test
standfordcars_3583,02569.jpg,ood_test,test
standfordcars_3584,03677.jpg,ood_test,test
standfordcars_3585,04118.jpg,ood_test,test
standfordcars_3586,07411.jpg,ood_test,test
standfordcars_3587,01060.jpg,ood_test,test
standfordcars_3588,06069.jpg,ood_test,test
standfordcars_3589,01706.jpg,ood_test,test
standfordcars_3590,00418.jpg,ood_test,test
standfordcars_3591,07377.jpg,ood_test,test
standfordcars_3592,03111.jpg,ood_test,test
standfordcars_3593,05560.jpg,ood_test,test
standfordcars_3594,06041.jpg,ood_test,test
standfordcars_3595,00430.jpg,ood_test,test
standfordcars_3596,04656.jpg,ood_test,test
standfordcars_3597,03139.jpg,ood_test,test
standfordcars_3598,02227.jpg,ood_test,test
standfordcars_3599,05548.jpg,ood_test,test
standfordcars_3600,03887.jpg,ood_test,test
standfordcars_3601,02541.jpg,ood_test,test
standfordcars_3602,04130.jpg,ood_test,test
standfordcars_3603,07439.jpg,ood_test,test
standfordcars_3604,00356.jpg,ood_test,test
standfordcars_3605,01048.jpg,ood_test,test
standfordcars_3606,06727.jpg,ood_test,test
standfordcars_3607,00342.jpg,ood_test,test
standfordcars_3608,06733.jpg,ood_test,test
standfordcars_3609,03893.jpg,ood_test,test
standfordcars_3610,02555.jpg,ood_test,test
standfordcars_3611,04124.jpg,ood_test,test
standfordcars_3612,04642.jpg,ood_test,test
standfordcars_3613,02233.jpg,ood_test,test
standfordcars_3614,06055.jpg,ood_test,test
standfordcars_3615,00424.jpg,ood_test,test
standfordcars_3616,01909.jpg,ood_test,test
standfordcars_3617,04871.jpg,ood_test,test
standfordcars_3618,03878.jpg,ood_test,test
standfordcars_3619,06900.jpg,ood_test,test
standfordcars_3620,06914.jpg,ood_test,test
standfordcars_3621,04865.jpg,ood_test,test
standfordcars_3622,04695.jpg,ood_test,test
standfordcars_3623,01935.jpg,ood_test,test
standfordcars_3624,06082.jpg,ood_test,test
standfordcars_3625,00395.jpg,ood_test,test
standfordcars_3626,03844.jpg,ood_test,test
standfordcars_3627,02582.jpg,ood_test,test
standfordcars_3628,03688.jpg,ood_test,test
standfordcars_3629,03850.jpg,ood_test,test
standfordcars_3630,02596.jpg,ood_test,test
standfordcars_3631,00381.jpg,ood_test,test
standfordcars_3632,06928.jpg,ood_test,test
standfordcars_3633,01921.jpg,ood_test,test
standfordcars_3634,07388.jpg,ood_test,test
standfordcars_3635,06096.jpg,ood_test,test
standfordcars_3636,04859.jpg,ood_test,test
standfordcars_3637,04681.jpg,ood_test,test
standfordcars_3638,05400.jpg,ood_test,test
standfordcars_3639,03071.jpg,ood_test,test
standfordcars_3640,07217.jpg,ood_test,test
standfordcars_3641,00578.jpg,ood_test,test
standfordcars_3642,01666.jpg,ood_test,test
standfordcars_3643,06109.jpg,ood_test,test
standfordcars_3644,01100.jpg,ood_test,test
standfordcars_3645,07571.jpg,ood_test,test
standfordcars_3646,04078.jpg,ood_test,test
standfordcars_3647,03717.jpg,ood_test,test
standfordcars_3648,02409.jpg,ood_test,test
standfordcars_3649,05366.jpg,ood_test,test
standfordcars_3650,03703.jpg,ood_test,test
standfordcars_3651,05372.jpg,ood_test,test
standfordcars_3652,01114.jpg,ood_test,test
standfordcars_3653,07565.jpg,ood_test,test
standfordcars_3654,07203.jpg,ood_test,test
standfordcars_3655,01672.jpg,ood_test,test
standfordcars_3656,05414.jpg,ood_test,test
standfordcars_3657,03065.jpg,ood_test,test
standfordcars_3658,01882.jpg,ood_test,test
standfordcars_3659,00544.jpg,ood_test,test
standfordcars_3660,06135.jpg,ood_test,test
standfordcars_3661,02353.jpg,ood_test,test
standfordcars_3662,04722.jpg,ood_test,test
standfordcars_3663,04044.jpg,ood_test,test
standfordcars_3664,02435.jpg,ood_test,test
standfordcars_3665,06653.jpg,ood_test,test
standfordcars_3666,00222.jpg,ood_test,test
standfordcars_3667,06647.jpg,ood_test,test
standfordcars_3668,01128.jpg,ood_test,test
standfordcars_3669,00236.jpg,ood_test,test
standfordcars_3670,07559.jpg,ood_test,test
standfordcars_3671,04050.jpg,ood_test,test
standfordcars_3672,02421.jpg,ood_test,test
standfordcars_3673,05428.jpg,ood_test,test
standfordcars_3674,02347.jpg,ood_test,test
standfordcars_3675,03059.jpg,ood_test,test
standfordcars_3676,04736.jpg,ood_test,test
standfordcars_3677,01896.jpg,ood_test,test
standfordcars_3678,00550.jpg,ood_test,test
standfordcars_3679,06121.jpg,ood_test,test
standfordcars_3680,04905.jpg,ood_test,test
standfordcars_3681,06874.jpg,ood_test,test
standfordcars_3682,06860.jpg,ood_test,test
standfordcars_3683,03918.jpg,ood_test,test
standfordcars_3684,04911.jpg,ood_test,test
standfordcars_3685,01869.jpg,ood_test,test
standfordcars_3686,04939.jpg,ood_test,test
standfordcars_3687,02390.jpg,ood_test,test
standfordcars_3688,01699.jpg,ood_test,test
standfordcars_3689,01841.jpg,ood_test,test
standfordcars_3690,00587.jpg,ood_test,test
standfordcars_3691,06848.jpg,ood_test,test
standfordcars_3692,06690.jpg,ood_test,test
standfordcars_3693,05399.jpg,ood_test,test
standfordcars_3694,03930.jpg,ood_test,test
standfordcars_3695,04087.jpg,ood_test,test
standfordcars_3696,03924.jpg,ood_test,test
standfordcars_3697,04093.jpg,ood_test,test
standfordcars_3698,06684.jpg,ood_test,test
standfordcars_3699,01855.jpg,ood_test,test
standfordcars_3700,00593.jpg,ood_test,test
standfordcars_3701,02384.jpg,ood_test,test
standfordcars_3702,05164.jpg,ood_test,test
standfordcars_3703,03515.jpg,ood_test,test
standfordcars_3704,07773.jpg,ood_test,test
standfordcars_3705,01302.jpg,ood_test,test
standfordcars_3706,01464.jpg,ood_test,test
standfordcars_3707,07015.jpg,ood_test,test
standfordcars_3708,03273.jpg,ood_test,test
standfordcars_3709,05602.jpg,ood_test,test
standfordcars_3710,04508.jpg,ood_test,test
standfordcars_3711,03267.jpg,ood_test,test
standfordcars_3712,02179.jpg,ood_test,test
standfordcars_3713,05616.jpg,ood_test,test
standfordcars_3714,01470.jpg,ood_test,test
standfordcars_3715,07001.jpg,ood_test,test
standfordcars_3716,07767.jpg,ood_test,test
standfordcars_3717,00008.jpg,ood_test,test
standfordcars_3718,01316.jpg,ood_test,test
standfordcars_3719,06479.jpg,ood_test,test
standfordcars_3720,05170.jpg,ood_test,test
standfordcars_3721,03501.jpg,ood_test,test
standfordcars_3722,00020.jpg,ood_test,test
standfordcars_3723,07997.jpg,ood_test,test
standfordcars_3724,06451.jpg,ood_test,test
standfordcars_3725,05158.jpg,ood_test,test
standfordcars_3726,02637.jpg,ood_test,test
standfordcars_3727,03529.jpg,ood_test,test
standfordcars_3728,04246.jpg,ood_test,test
standfordcars_3729,04520.jpg,ood_test,test
standfordcars_3730,02151.jpg,ood_test,test
standfordcars_3731,06337.jpg,ood_test,test
standfordcars_3732,01458.jpg,ood_test,test
standfordcars_3733,00746.jpg,ood_test,test
standfordcars_3734,07029.jpg,ood_test,test
standfordcars_3735,06323.jpg,ood_test,test
standfordcars_3736,00752.jpg,ood_test,test
standfordcars_3737,04534.jpg,ood_test,test
standfordcars_3738,02145.jpg,ood_test,test
standfordcars_3739,02623.jpg,ood_test,test
standfordcars_3740,04252.jpg,ood_test,test
standfordcars_3741,00034.jpg,ood_test,test
standfordcars_3742,07983.jpg,ood_test,test
standfordcars_3743,06445.jpg,ood_test,test
standfordcars_3744,07968.jpg,ood_test,test
standfordcars_3745,02810.jpg,ood_test,test
standfordcars_3746,05819.jpg,ood_test,test
standfordcars_3747,00961.jpg,ood_test,test
standfordcars_3748,00975.jpg,ood_test,test
standfordcars_3749,02804.jpg,ood_test,test
standfordcars_3750,04285.jpg,ood_test,test
standfordcars_3751,07954.jpg,ood_test,test
standfordcars_3752,06492.jpg,ood_test,test
standfordcars_3753,00785.jpg,ood_test,test
standfordcars_3754,02192.jpg,ood_test,test
standfordcars_3755,05825.jpg,ood_test,test
standfordcars_3756,02186.jpg,ood_test,test
standfordcars_3757,03298.jpg,ood_test,test
standfordcars_3758,05831.jpg,ood_test,test
standfordcars_3759,00791.jpg,ood_test,test
standfordcars_3760,00949.jpg,ood_test,test
standfordcars_3761,07940.jpg,ood_test,test
standfordcars_3762,06486.jpg,ood_test,test
standfordcars_3763,07798.jpg,ood_test,test
standfordcars_3764,02838.jpg,ood_test,test
standfordcars_3765,04291.jpg,ood_test,test
standfordcars_3766,00948.jpg,ood_test,test
standfordcars_3767,00790.jpg,ood_test,test
standfordcars_3768,05830.jpg,ood_test,test
standfordcars_3769,03299.jpg,ood_test,test
standfordcars_3770,02187.jpg,ood_test,test
standfordcars_3771,04290.jpg,ood_test,test
standfordcars_3772,02839.jpg,ood_test,test
standfordcars_3773,07799.jpg,ood_test,test
standfordcars_3774,06487.jpg,ood_test,test
standfordcars_3775,07941.jpg,ood_test,test
standfordcars_3776,06493.jpg,ood_test,test
standfordcars_3777,07955.jpg,ood_test,test
standfordcars_3778,04284.jpg,ood_test,test
standfordcars_3779,05824.jpg,ood_test,test
standfordcars_3780,02193.jpg,ood_test,test
standfordcars_3781,00784.jpg,ood_test,test
standfordcars_3782,00974.jpg,ood_test,test
standfordcars_3783,02805.jpg,ood_test,test
standfordcars_3784,02811.jpg,ood_test,test
standfordcars_3785,07969.jpg,ood_test,test
standfordcars_3786,00960.jpg,ood_test,test
standfordcars_3787,05818.jpg,ood_test,test
standfordcars_3788,02144.jpg,ood_test,test
standfordcars_3789,04535.jpg,ood_test,test
standfordcars_3790,00753.jpg,ood_test,test
standfordcars_3791,06322.jpg,ood_test,test
standfordcars_3792,06444.jpg,ood_test,test
standfordcars_3793,07982.jpg,ood_test,test
standfordcars_3794,00035.jpg,ood_test,test
standfordcars_3795,04253.jpg,ood_test,test
standfordcars_3796,02622.jpg,ood_test,test
standfordcars_3797,04247.jpg,ood_test,test
standfordcars_3798,03528.jpg,ood_test,test
standfordcars_3799,02636.jpg,ood_test,test
standfordcars_3800,05159.jpg,ood_test,test
standfordcars_3801,06450.jpg,ood_test,test
standfordcars_3802,07996.jpg,ood_test,test
standfordcars_3803,00021.jpg,ood_test,test
standfordcars_3804,07028.jpg,ood_test,test
standfordcars_3805,00747.jpg,ood_test,test
standfordcars_3806,01459.jpg,ood_test,test
standfordcars_3807,06336.jpg,ood_test,test
standfordcars_3808,02150.jpg,ood_test,test
standfordcars_3809,04521.jpg,ood_test,test
standfordcars_3810,07000.jpg,ood_test,test
standfordcars_3811,01471.jpg,ood_test,test
standfordcars_3812,05617.jpg,ood_test,test
standfordcars_3813,02178.jpg,ood_test,test
standfordcars_3814,03266.jpg,ood_test,test
standfordcars_3815,04509.jpg,ood_test,test
standfordcars_3816,03500.jpg,ood_test,test
standfordcars_3817,05171.jpg,ood_test,test
standfordcars_3818,06478.jpg,ood_test,test
standfordcars_3819,01317.jpg,ood_test,test
standfordcars_3820,00009.jpg,ood_test,test
standfordcars_3821,07766.jpg,ood_test,test
standfordcars_3822,01303.jpg,ood_test,test
standfordcars_3823,07772.jpg,ood_test,test
standfordcars_3824,03514.jpg,ood_test,test
standfordcars_3825,05165.jpg,ood_test,test
standfordcars_3826,05603.jpg,ood_test,test
standfordcars_3827,03272.jpg,ood_test,test
standfordcars_3828,07014.jpg,ood_test,test
standfordcars_3829,01465.jpg,ood_test,test
standfordcars_3830,06685.jpg,ood_test,test
standfordcars_3831,04092.jpg,ood_test,test
standfordcars_3832,03925.jpg,ood_test,test
standfordcars_3833,02385.jpg,ood_test,test
standfordcars_3834,00592.jpg,ood_test,test
standfordcars_3835,01854.jpg,ood_test,test
standfordcars_3836,00586.jpg,ood_test,test
standfordcars_3837,01840.jpg,ood_test,test
standfordcars_3838,01698.jpg,ood_test,test
standfordcars_3839,02391.jpg,ood_test,test
standfordcars_3840,04938.jpg,ood_test,test
standfordcars_3841,04086.jpg,ood_test,test
standfordcars_3842,03931.jpg,ood_test,test
standfordcars_3843,05398.jpg,ood_test,test
standfordcars_3844,06691.jpg,ood_test,test
standfordcars_3845,06849.jpg,ood_test,test
standfordcars_3846,03919.jpg,ood_test,test
standfordcars_3847,06861.jpg,ood_test,test
standfordcars_3848,01868.jpg,ood_test,test
standfordcars_3849,04910.jpg,ood_test,test
standfordcars_3850,04904.jpg,ood_test,test
standfordcars_3851,06875.jpg,ood_test,test
standfordcars_3852,02420.jpg,ood_test,test
standfordcars_3853,04051.jpg,ood_test,test
standfordcars_3854,07558.jpg,ood_test,test
standfordcars_3855,00237.jpg,ood_test,test
standfordcars_3856,01129.jpg,ood_test,test
standfordcars_3857,06646.jpg,ood_test,test
standfordcars_3858,06120.jpg,ood_test,test
standfordcars_3859,00551.jpg,ood_test,test
standfordcars_3860,01897.jpg,ood_test,test
standfordcars_3861,04737.jpg,ood_test,test
standfordcars_3862,03058.jpg,ood_test,test
standfordcars_3863,02346.jpg,ood_test,test
standfordcars_3864,05429.jpg,ood_test,test
standfordcars_3865,04723.jpg,ood_test,test
standfordcars_3866,02352.jpg,ood_test,test
standfordcars_3867,06134.jpg,ood_test,test
standfordcars_3868,00545.jpg,ood_test,test
standfordcars_3869,01883.jpg,ood_test,test
standfordcars_3870,00223.jpg,ood_test,test
standfordcars_3871,06652.jpg,ood_test,test
standfordcars_3872,02434.jpg,ood_test,test
standfordcars_3873,04045.jpg,ood_test,test
standfordcars_3874,07564.jpg,ood_test,test
standfordcars_3875,01115.jpg,ood_test,test
standfordcars_3876,05373.jpg,ood_test,test
standfordcars_3877,03702.jpg,ood_test,test
standfordcars_3878,03064.jpg,ood_test,test
standfordcars_3879,05415.jpg,ood_test,test
standfordcars_3880,01673.jpg,ood_test,test
standfordcars_3881,07202.jpg,ood_test,test
standfordcars_3882,06108.jpg,ood_test,test
standfordcars_3883,01667.jpg,ood_test,test
standfordcars_3884,00579.jpg,ood_test,test
standfordcars_3885,07216.jpg,ood_test,test
standfordcars_3886,03070.jpg,ood_test,test
standfordcars_3887,05401.jpg,ood_test,test
standfordcars_3888,05367.jpg,ood_test,test
standfordcars_3889,02408.jpg,ood_test,test
standfordcars_3890,03716.jpg,ood_test,test
standfordcars_3891,04079.jpg,ood_test,test
standfordcars_3892,07570.jpg,ood_test,test
standfordcars_3893,01101.jpg,ood_test,test
standfordcars_3894,06929.jpg,ood_test,test
standfordcars_3895,00380.jpg,ood_test,test
standfordcars_3896,02597.jpg,ood_test,test
standfordcars_3897,03851.jpg,ood_test,test
standfordcars_3898,03689.jpg,ood_test,test
standfordcars_3899,04680.jpg,ood_test,test
standfordcars_3900,04858.jpg,ood_test,test
standfordcars_3901,06097.jpg,ood_test,test
standfordcars_3902,07389.jpg,ood_test,test
standfordcars_3903,01920.jpg,ood_test,test
standfordcars_3904,06083.jpg,ood_test,test
standfordcars_3905,01934.jpg,ood_test,test
standfordcars_3906,04694.jpg,ood_test,test
standfordcars_3907,02583.jpg,ood_test,test
standfordcars_3908,03845.jpg,ood_test,test
standfordcars_3909,00394.jpg,ood_test,test
standfordcars_3910,06915.jpg,ood_test,test
standfordcars_3911,04864.jpg,ood_test,test
standfordcars_3912,04870.jpg,ood_test,test
standfordcars_3913,01908.jpg,ood_test,test
standfordcars_3914,06901.jpg,ood_test,test
standfordcars_3915,03879.jpg,ood_test,test
standfordcars_3916,04125.jpg,ood_test,test
standfordcars_3917,02554.jpg,ood_test,test
standfordcars_3918,03892.jpg,ood_test,test
standfordcars_3919,06732.jpg,ood_test,test
standfordcars_3920,00343.jpg,ood_test,test
standfordcars_3921,00425.jpg,ood_test,test
standfordcars_3922,06054.jpg,ood_test,test
standfordcars_3923,02232.jpg,ood_test,test
standfordcars_3924,04643.jpg,ood_test,test
standfordcars_3925,05549.jpg,ood_test,test
standfordcars_3926,02226.jpg,ood_test,test
standfordcars_3927,03138.jpg,ood_test,test
standfordcars_3928,04657.jpg,ood_test,test
standfordcars_3929,00431.jpg,ood_test,test
standfordcars_3930,06040.jpg,ood_test,test
standfordcars_3931,06726.jpg,ood_test,test
standfordcars_3932,01049.jpg,ood_test,test
standfordcars_3933,00357.jpg,ood_test,test
standfordcars_3934,07438.jpg,ood_test,test
standfordcars_3935,04131.jpg,ood_test,test
standfordcars_3936,02540.jpg,ood_test,test
standfordcars_3937,03886.jpg,ood_test,test
standfordcars_3938,01061.jpg,ood_test,test
standfordcars_3939,07410.jpg,ood_test,test
standfordcars_3940,04119.jpg,ood_test,test
standfordcars_3941,03676.jpg,ood_test,test
standfordcars_3942,02568.jpg,ood_test,test
standfordcars_3943,05207.jpg,ood_test,test
standfordcars_3944,05561.jpg,ood_test,test
standfordcars_3945,03110.jpg,ood_test,test
standfordcars_3946,07376.jpg,ood_test,test
standfordcars_3947,00419.jpg,ood_test,test
standfordcars_3948,01707.jpg,ood_test,test
standfordcars_3949,06068.jpg,ood_test,test
standfordcars_3950,07362.jpg,ood_test,test
standfordcars_3951,01713.jpg,ood_test,test
standfordcars_3952,05575.jpg,ood_test,test
standfordcars_3953,03104.jpg,ood_test,test
standfordcars_3954,03662.jpg,ood_test,test
standfordcars_3955,05213.jpg,ood_test,test
standfordcars_3956,01075.jpg,ood_test,test
standfordcars_3957,07404.jpg,ood_test,test
standfordcars_3958,06295.jpg,ood_test,test
standfordcars_3959,04482.jpg,ood_test,test
standfordcars_3960,05944.jpg,ood_test,test
standfordcars_3961,02795.jpg,ood_test,test
standfordcars_3962,07835.jpg,ood_test,test
standfordcars_3963,00182.jpg,ood_test,test
standfordcars_3964,01288.jpg,ood_test,test
standfordcars_3965,07821.jpg,ood_test,test
standfordcars_3966,00196.jpg,ood_test,test
standfordcars_3967,02959.jpg,ood_test,test
standfordcars_3968,02781.jpg,ood_test,test
standfordcars_3969,05788.jpg,ood_test,test
standfordcars_3970,04496.jpg,ood_test,test
standfordcars_3971,05950.jpg,ood_test,test
standfordcars_3972,00828.jpg,ood_test,test
standfordcars_3973,06281.jpg,ood_test,test
standfordcars_3974,05978.jpg,ood_test,test
standfordcars_3975,00800.jpg,ood_test,test
standfordcars_3976,07809.jpg,ood_test,test
standfordcars_3977,02971.jpg,ood_test,test
standfordcars_3978,02965.jpg,ood_test,test
standfordcars_3979,00814.jpg,ood_test,test
standfordcars_3980,04441.jpg,ood_test,test
standfordcars_3981,05987.jpg,ood_test,test
standfordcars_3982,02030.jpg,ood_test,test
standfordcars_3983,06256.jpg,ood_test,test
standfordcars_3984,01539.jpg,ood_test,test
standfordcars_3985,00627.jpg,ood_test,test
standfordcars_3986,07148.jpg,ood_test,test
standfordcars_3987,00141.jpg,ood_test,test
standfordcars_3988,06530.jpg,ood_test,test
standfordcars_3989,05039.jpg,ood_test,test
standfordcars_3990,02756.jpg,ood_test,test
standfordcars_3991,03448.jpg,ood_test,test
standfordcars_3992,04327.jpg,ood_test,test
standfordcars_3993,02742.jpg,ood_test,test
standfordcars_3994,04333.jpg,ood_test,test
standfordcars_3995,00155.jpg,ood_test,test
standfordcars_3996,06524.jpg,ood_test,test
standfordcars_3997,06242.jpg,ood_test,test
standfordcars_3998,00633.jpg,ood_test,test
standfordcars_3999,04455.jpg,ood_test,test
standfordcars_4000,05993.jpg,ood_test,test
standfordcars_4001,02024.jpg,ood_test,test
standfordcars_4002,01505.jpg,ood_test,test
standfordcars_4003,07174.jpg,ood_test,test
standfordcars_4004,03312.jpg,ood_test,test
standfordcars_4005,05763.jpg,ood_test,test
standfordcars_4006,05005.jpg,ood_test,test
standfordcars_4007,03474.jpg,ood_test,test
standfordcars_4008,07612.jpg,ood_test,test
standfordcars_4009,01263.jpg,ood_test,test
standfordcars_4010,07606.jpg,ood_test,test
standfordcars_4011,00169.jpg,ood_test,test
standfordcars_4012,01277.jpg,ood_test,test
standfordcars_4013,06518.jpg,ood_test,test
standfordcars_4014,05011.jpg,ood_test,test
standfordcars_4015,03460.jpg,ood_test,test
standfordcars_4016,04469.jpg,ood_test,test
standfordcars_4017,03306.jpg,ood_test,test
standfordcars_4018,02018.jpg,ood_test,test
standfordcars_4019,05777.jpg,ood_test,test
standfordcars_4020,01511.jpg,ood_test,test
standfordcars_4021,07160.jpg,ood_test,test
standfordcars_4022,00616.jpg,ood_test,test
standfordcars_4023,07179.jpg,ood_test,test
standfordcars_4024,06267.jpg,ood_test,test
standfordcars_4025,01508.jpg,ood_test,test
standfordcars_4026,02001.jpg,ood_test,test
standfordcars_4027,04470.jpg,ood_test,test
standfordcars_4028,03479.jpg,ood_test,test
standfordcars_4029,04316.jpg,ood_test,test
standfordcars_4030,05008.jpg,ood_test,test
standfordcars_4031,02767.jpg,ood_test,test
standfordcars_4032,06501.jpg,ood_test,test
standfordcars_4033,00170.jpg,ood_test,test
standfordcars_4034,06515.jpg,ood_test,test
standfordcars_4035,00164.jpg,ood_test,test
standfordcars_4036,04302.jpg,ood_test,test
standfordcars_4037,02773.jpg,ood_test,test
standfordcars_4038,02015.jpg,ood_test,test
standfordcars_4039,04464.jpg,ood_test,test
standfordcars_4040,00602.jpg,ood_test,test
standfordcars_4041,06273.jpg,ood_test,test
standfordcars_4042,05752.jpg,ood_test,test
standfordcars_4043,03323.jpg,ood_test,test
standfordcars_4044,07145.jpg,ood_test,test
standfordcars_4045,01534.jpg,ood_test,test
standfordcars_4046,01252.jpg,ood_test,test
standfordcars_4047,07623.jpg,ood_test,test
standfordcars_4048,03445.jpg,ood_test,test
standfordcars_4049,02983.jpg,ood_test,test
standfordcars_4050,05034.jpg,ood_test,test
standfordcars_4051,03451.jpg,ood_test,test
standfordcars_4052,02997.jpg,ood_test,test
standfordcars_4053,05020.jpg,ood_test,test
standfordcars_4054,01246.jpg,ood_test,test
standfordcars_4055,06529.jpg,ood_test,test
standfordcars_4056,07637.jpg,ood_test,test
standfordcars_4057,00158.jpg,ood_test,test
standfordcars_4058,07151.jpg,ood_test,test
standfordcars_4059,01520.jpg,ood_test,test
standfordcars_4060,02029.jpg,ood_test,test
standfordcars_4061,05746.jpg,ood_test,test
standfordcars_4062,04458.jpg,ood_test,test
standfordcars_4063,03337.jpg,ood_test,test
standfordcars_4064,05975.jpg,ood_test,test
standfordcars_4065,07804.jpg,ood_test,test
standfordcars_4066,02968.jpg,ood_test,test
standfordcars_4067,07810.jpg,ood_test,test
standfordcars_4068,00819.jpg,ood_test,test
standfordcars_4069,05961.jpg,ood_test,test
standfordcars_4070,00831.jpg,ood_test,test
standfordcars_4071,06298.jpg,ood_test,test
standfordcars_4072,07186.jpg,ood_test,test
standfordcars_4073,05949.jpg,ood_test,test
standfordcars_4074,05791.jpg,ood_test,test
standfordcars_4075,02798.jpg,ood_test,test
standfordcars_4076,03486.jpg,ood_test,test
standfordcars_4077,02940.jpg,ood_test,test
standfordcars_4078,01291.jpg,ood_test,test
standfordcars_4079,07838.jpg,ood_test,test
standfordcars_4080,01285.jpg,ood_test,test
standfordcars_4081,03492.jpg,ood_test,test
standfordcars_4082,02954.jpg,ood_test,test
standfordcars_4083,05785.jpg,ood_test,test
standfordcars_4084,00825.jpg,ood_test,test
standfordcars_4085,07192.jpg,ood_test,test
standfordcars_4086,00372.jpg,ood_test,test
standfordcars_4087,06703.jpg,ood_test,test
standfordcars_4088,02565.jpg,ood_test,test
standfordcars_4089,04114.jpg,ood_test,test
standfordcars_4090,04672.jpg,ood_test,test
standfordcars_4091,02203.jpg,ood_test,test
standfordcars_4092,06065.jpg,ood_test,test
standfordcars_4093,00414.jpg,ood_test,test
standfordcars_4094,06071.jpg,ood_test,test
standfordcars_4095,00400.jpg,ood_test,test
standfordcars_4096,03109.jpg,ood_test,test
standfordcars_4097,04666.jpg,ood_test,test
standfordcars_4098,05578.jpg,ood_test,test
standfordcars_4099,02217.jpg,ood_test,test
standfordcars_4100,02571.jpg,ood_test,test
standfordcars_4101,04100.jpg,ood_test,test
standfordcars_4102,00366.jpg,ood_test,test
standfordcars_4103,07409.jpg,ood_test,test
standfordcars_4104,06717.jpg,ood_test,test
standfordcars_4105,01078.jpg,ood_test,test
standfordcars_4106,02559.jpg,ood_test,test
standfordcars_4107,05236.jpg,ood_test,test
standfordcars_4108,04128.jpg,ood_test,test
standfordcars_4109,03647.jpg,ood_test,test
standfordcars_4110,07421.jpg,ood_test,test
standfordcars_4111,01050.jpg,ood_test,test
standfordcars_4112,01736.jpg,ood_test,test
standfordcars_4113,06059.jpg,ood_test,test
standfordcars_4114,07347.jpg,ood_test,test
standfordcars_4115,00428.jpg,ood_test,test
standfordcars_4116,03121.jpg,ood_test,test
standfordcars_4117,05550.jpg,ood_test,test
standfordcars_4118,04896.jpg,ood_test,test
standfordcars_4119,03135.jpg,ood_test,test
standfordcars_4120,05544.jpg,ood_test,test
standfordcars_4121,04882.jpg,ood_test,test
standfordcars_4122,01722.jpg,ood_test,test
standfordcars_4123,07353.jpg,ood_test,test
standfordcars_4124,07435.jpg,ood_test,test
standfordcars_4125,01044.jpg,ood_test,test
standfordcars_4126,05222.jpg,ood_test,test
standfordcars_4127,03653.jpg,ood_test,test
standfordcars_4128,03860.jpg,ood_test,test
standfordcars_4129,06918.jpg,ood_test,test
standfordcars_4130,01911.jpg,ood_test,test
standfordcars_4131,04869.jpg,ood_test,test
standfordcars_4132,01905.jpg,ood_test,test
standfordcars_4133,03874.jpg,ood_test,test
standfordcars_4134,01093.jpg,ood_test,test
standfordcars_4135,06924.jpg,ood_test,test
standfordcars_4136,03684.jpg,ood_test,test
standfordcars_4137,05593.jpg,ood_test,test
standfordcars_4138,04855.jpg,ood_test,test
standfordcars_4139,07384.jpg,ood_test,test
standfordcars_4140,07390.jpg,ood_test,test
standfordcars_4141,01939.jpg,ood_test,test
standfordcars_4142,05587.jpg,ood_test,test
standfordcars_4143,04841.jpg,ood_test,test
standfordcars_4144,04699.jpg,ood_test,test
standfordcars_4145,03690.jpg,ood_test,test
standfordcars_4146,03848.jpg,ood_test,test
standfordcars_4147,01087.jpg,ood_test,test
standfordcars_4148,06930.jpg,ood_test,test
standfordcars_4149,00399.jpg,ood_test,test
standfordcars_4150,01118.jpg,ood_test,test
standfordcars_4151,06677.jpg,ood_test,test
standfordcars_4152,07569.jpg,ood_test,test
standfordcars_4153,00206.jpg,ood_test,test
standfordcars_4154,04060.jpg,ood_test,test
standfordcars_4155,02411.jpg,ood_test,test
standfordcars_4156,02377.jpg,ood_test,test
standfordcars_4157,05418.jpg,ood_test,test
standfordcars_4158,04706.jpg,ood_test,test
standfordcars_4159,03069.jpg,ood_test,test
standfordcars_4160,00560.jpg,ood_test,test
standfordcars_4161,06111.jpg,ood_test,test
standfordcars_4162,00574.jpg,ood_test,test
standfordcars_4163,06105.jpg,ood_test,test
standfordcars_4164,02363.jpg,ood_test,test
standfordcars_4165,04712.jpg,ood_test,test
standfordcars_4166,04074.jpg,ood_test,test
standfordcars_4167,02405.jpg,ood_test,test
standfordcars_4168,06663.jpg,ood_test,test
standfordcars_4169,00212.jpg,ood_test,test
standfordcars_4170,03733.jpg,ood_test,test
standfordcars_4171,05342.jpg,ood_test,test
standfordcars_4172,01124.jpg,ood_test,test
standfordcars_4173,07555.jpg,ood_test,test
standfordcars_4174,06893.jpg,ood_test,test
standfordcars_4175,07233.jpg,ood_test,test
standfordcars_4176,01642.jpg,ood_test,test
standfordcars_4177,05424.jpg,ood_test,test
standfordcars_4178,03055.jpg,ood_test,test
standfordcars_4179,05430.jpg,ood_test,test
standfordcars_4180,03041.jpg,ood_test,test
standfordcars_4181,00548.jpg,ood_test,test
standfordcars_4182,07227.jpg,ood_test,test
standfordcars_4183,06139.jpg,ood_test,test
standfordcars_4184,01656.jpg,ood_test,test
standfordcars_4185,01130.jpg,ood_test,test
standfordcars_4186,07541.jpg,ood_test,test
standfordcars_4187,06887.jpg,ood_test,test
standfordcars_4188,03727.jpg,ood_test,test
standfordcars_4189,04048.jpg,ood_test,test
standfordcars_4190,05356.jpg,ood_test,test
standfordcars_4191,02439.jpg,ood_test,test
standfordcars_4192,03914.jpg,ood_test,test
standfordcars_4193,01865.jpg,ood_test,test
standfordcars_4194,04909.jpg,ood_test,test
standfordcars_4195,01871.jpg,ood_test,test
standfordcars_4196,06878.jpg,ood_test,test
standfordcars_4197,03900.jpg,ood_test,test
standfordcars_4198,07596.jpg,ood_test,test
standfordcars_4199,06850.jpg,ood_test,test
standfordcars_4200,06688.jpg,ood_test,test
standfordcars_4201,03928.jpg,ood_test,test
standfordcars_4202,05381.jpg,ood_test,test
standfordcars_4203,03096.jpg,ood_test,test
standfordcars_4204,02388.jpg,ood_test,test
standfordcars_4205,04921.jpg,ood_test,test
standfordcars_4206,01681.jpg,ood_test,test
standfordcars_4207,01859.jpg,ood_test,test
standfordcars_4208,01695.jpg,ood_test,test
standfordcars_4209,03082.jpg,ood_test,test
standfordcars_4210,04935.jpg,ood_test,test
standfordcars_4211,05395.jpg,ood_test,test
standfordcars_4212,07582.jpg,ood_test,test
standfordcars_4213,06844.jpg,ood_test,test
standfordcars_4214,06313.jpg,ood_test,test
standfordcars_4215,00762.jpg,ood_test,test
standfordcars_4216,04504.jpg,ood_test,test
standfordcars_4217,02175.jpg,ood_test,test
standfordcars_4218,02613.jpg,ood_test,test
standfordcars_4219,04262.jpg,ood_test,test
standfordcars_4220,00004.jpg,ood_test,test
standfordcars_4221,06475.jpg,ood_test,test
standfordcars_4222,00010.jpg,ood_test,test
standfordcars_4223,06461.jpg,ood_test,test
standfordcars_4224,02607.jpg,ood_test,test
standfordcars_4225,05168.jpg,ood_test,test
standfordcars_4226,04276.jpg,ood_test,test
standfordcars_4227,03519.jpg,ood_test,test
standfordcars_4228,04510.jpg,ood_test,test
standfordcars_4229,02161.jpg,ood_test,test
standfordcars_4230,01468.jpg,ood_test,test
standfordcars_4231,06307.jpg,ood_test,test
standfordcars_4232,07019.jpg,ood_test,test
standfordcars_4233,00776.jpg,ood_test,test
standfordcars_4234,03257.jpg,ood_test,test
standfordcars_4235,04538.jpg,ood_test,test
standfordcars_4236,05626.jpg,ood_test,test
standfordcars_4237,02149.jpg,ood_test,test
standfordcars_4238,01440.jpg,ood_test,test
standfordcars_4239,00986.jpg,ood_test,test
standfordcars_4240,07031.jpg,ood_test,test
standfordcars_4241,00038.jpg,ood_test,test
standfordcars_4242,07757.jpg,ood_test,test
standfordcars_4243,06449.jpg,ood_test,test
standfordcars_4244,01326.jpg,ood_test,test
standfordcars_4245,05140.jpg,ood_test,test
standfordcars_4246,03531.jpg,ood_test,test
standfordcars_4247,05154.jpg,ood_test,test
standfordcars_4248,03525.jpg,ood_test,test
standfordcars_4249,07743.jpg,ood_test,test
standfordcars_4250,01332.jpg,ood_test,test
standfordcars_4251,01454.jpg,ood_test,test
standfordcars_4252,00992.jpg,ood_test,test
standfordcars_4253,07025.jpg,ood_test,test
standfordcars_4254,03243.jpg,ood_test,test
standfordcars_4255,05632.jpg,ood_test,test
standfordcars_4256,05801.jpg,ood_test,test
standfordcars_4257,00979.jpg,ood_test,test
standfordcars_4258,07970.jpg,ood_test,test
standfordcars_4259,02808.jpg,ood_test,test
standfordcars_4260,07964.jpg,ood_test,test
standfordcars_4261,05815.jpg,ood_test,test
standfordcars_4262,01483.jpg,ood_test,test
standfordcars_4263,00945.jpg,ood_test,test
standfordcars_4264,03294.jpg,ood_test,test
standfordcars_4265,02834.jpg,ood_test,test
standfordcars_4266,05183.jpg,ood_test,test
standfordcars_4267,07794.jpg,ood_test,test
standfordcars_4268,07958.jpg,ood_test,test
standfordcars_4269,07780.jpg,ood_test,test
standfordcars_4270,04289.jpg,ood_test,test
standfordcars_4271,02820.jpg,ood_test,test
standfordcars_4272,05197.jpg,ood_test,test
standfordcars_4273,05829.jpg,ood_test,test
standfordcars_4274,03280.jpg,ood_test,test
standfordcars_4275,00789.jpg,ood_test,test
standfordcars_4276,01497.jpg,ood_test,test
standfordcars_4277,00951.jpg,ood_test,test
standfordcars_4278,05196.jpg,ood_test,test
standfordcars_4279,02821.jpg,ood_test,test
standfordcars_4280,04288.jpg,ood_test,test
standfordcars_4281,07781.jpg,ood_test,test
standfordcars_4282,07959.jpg,ood_test,test
standfordcars_4283,00950.jpg,ood_test,test
standfordcars_4284,01496.jpg,ood_test,test
standfordcars_4285,00788.jpg,ood_test,test
standfordcars_4286,03281.jpg,ood_test,test
standfordcars_4287,05828.jpg,ood_test,test
standfordcars_4288,03295.jpg,ood_test,test
standfordcars_4289,00944.jpg,ood_test,test
standfordcars_4290,01482.jpg,ood_test,test
standfordcars_4291,07795.jpg,ood_test,test
standfordcars_4292,05182.jpg,ood_test,test
standfordcars_4293,02835.jpg,ood_test,test
standfordcars_4294,07965.jpg,ood_test,test
standfordcars_4295,05814.jpg,ood_test,test
standfordcars_4296,00978.jpg,ood_test,test
standfordcars_4297,05800.jpg,ood_test,test
standfordcars_4298,02809.jpg,ood_test,test
standfordcars_4299,07971.jpg,ood_test,test
standfordcars_4300,01333.jpg,ood_test,test
standfordcars_4301,07742.jpg,ood_test,test
standfordcars_4302,03524.jpg,ood_test,test
standfordcars_4303,05155.jpg,ood_test,test
standfordcars_4304,05633.jpg,ood_test,test
standfordcars_4305,03242.jpg,ood_test,test
standfordcars_4306,07024.jpg,ood_test,test
standfordcars_4307,00993.jpg,ood_test,test
standfordcars_4308,01455.jpg,ood_test,test
standfordcars_4309,07030.jpg,ood_test,test
standfordcars_4310,00987.jpg,ood_test,test
standfordcars_4311,01441.jpg,ood_test,test
standfordcars_4312,02148.jpg,ood_test,test
standfordcars_4313,05627.jpg,ood_test,test
standfordcars_4314,04539.jpg,ood_test,test
standfordcars_4315,03256.jpg,ood_test,test
standfordcars_4316,03530.jpg,ood_test,test
standfordcars_4317,05141.jpg,ood_test,test
standfordcars_4318,01327.jpg,ood_test,test
standfordcars_4319,06448.jpg,ood_test,test
standfordcars_4320,07756.jpg,ood_test,test
standfordcars_4321,00039.jpg,ood_test,test
standfordcars_4322,03518.jpg,ood_test,test
standfordcars_4323,04277.jpg,ood_test,test
standfordcars_4324,05169.jpg,ood_test,test
standfordcars_4325,02606.jpg,ood_test,test
standfordcars_4326,06460.jpg,ood_test,test
standfordcars_4327,00011.jpg,ood_test,test
standfordcars_4328,00777.jpg,ood_test,test
standfordcars_4329,07018.jpg,ood_test,test
standfordcars_4330,06306.jpg,ood_test,test
standfordcars_4331,01469.jpg,ood_test,test
standfordcars_4332,02160.jpg,ood_test,test
standfordcars_4333,04511.jpg,ood_test,test
standfordcars_4334,02174.jpg,ood_test,test
standfordcars_4335,04505.jpg,ood_test,test
standfordcars_4336,00763.jpg,ood_test,test
standfordcars_4337,06312.jpg,ood_test,test
standfordcars_4338,06474.jpg,ood_test,test
standfordcars_4339,00005.jpg,ood_test,test
standfordcars_4340,04263.jpg,ood_test,test
standfordcars_4341,02612.jpg,ood_test,test
standfordcars_4342,04934.jpg,ood_test,test
standfordcars_4343,03083.jpg,ood_test,test
standfordcars_4344,01694.jpg,ood_test,test
standfordcars_4345,06845.jpg,ood_test,test
standfordcars_4346,07583.jpg,ood_test,test
standfordcars_4347,05394.jpg,ood_test,test
standfordcars_4348,05380.jpg,ood_test,test
standfordcars_4349,03929.jpg,ood_test,test
standfordcars_4350,06689.jpg,ood_test,test
standfordcars_4351,06851.jpg,ood_test,test
standfordcars_4352,07597.jpg,ood_test,test
standfordcars_4353,01858.jpg,ood_test,test
standfordcars_4354,01680.jpg,ood_test,test
standfordcars_4355,04920.jpg,ood_test,test
standfordcars_4356,02389.jpg,ood_test,test
standfordcars_4357,03097.jpg,ood_test,test
standfordcars_4358,01870.jpg,ood_test,test
standfordcars_4359,04908.jpg,ood_test,test
standfordcars_4360,03901.jpg,ood_test,test
standfordcars_4361,06879.jpg,ood_test,test
standfordcars_4362,03915.jpg,ood_test,test
standfordcars_4363,01864.jpg,ood_test,test
standfordcars_4364,01657.jpg,ood_test,test
standfordcars_4365,06138.jpg,ood_test,test
standfordcars_4366,07226.jpg,ood_test,test
standfordcars_4367,00549.jpg,ood_test,test
standfordcars_4368,03040.jpg,ood_test,test
standfordcars_4369,05431.jpg,ood_test,test
standfordcars_4370,02438.jpg,ood_test,test
standfordcars_4371,05357.jpg,ood_test,test
standfordcars_4372,04049.jpg,ood_test,test
standfordcars_4373,03726.jpg,ood_test,test
standfordcars_4374,06886.jpg,ood_test,test
standfordcars_4375,07540.jpg,ood_test,test
standfordcars_4376,01131.jpg,ood_test,test
standfordcars_4377,06892.jpg,ood_test,test
standfordcars_4378,07554.jpg,ood_test,test
standfordcars_4379,01125.jpg,ood_test,test
standfordcars_4380,05343.jpg,ood_test,test
standfordcars_4381,03732.jpg,ood_test,test
standfordcars_4382,03054.jpg,ood_test,test
standfordcars_4383,05425.jpg,ood_test,test
standfordcars_4384,01643.jpg,ood_test,test
standfordcars_4385,07232.jpg,ood_test,test
standfordcars_4386,04713.jpg,ood_test,test
standfordcars_4387,02362.jpg,ood_test,test
standfordcars_4388,06104.jpg,ood_test,test
standfordcars_4389,00575.jpg,ood_test,test
standfordcars_4390,00213.jpg,ood_test,test
standfordcars_4391,06662.jpg,ood_test,test
standfordcars_4392,02404.jpg,ood_test,test
standfordcars_4393,04075.jpg,ood_test,test
standfordcars_4394,02410.jpg,ood_test,test
standfordcars_4395,04061.jpg,ood_test,test
standfordcars_4396,00207.jpg,ood_test,test
standfordcars_4397,07568.jpg,ood_test,test
standfordcars_4398,06676.jpg,ood_test,test
standfordcars_4399,01119.jpg,ood_test,test
standfordcars_4400,06110.jpg,ood_test,test
standfordcars_4401,00561.jpg,ood_test,test
standfordcars_4402,03068.jpg,ood_test,test
standfordcars_4403,04707.jpg,ood_test,test
standfordcars_4404,05419.jpg,ood_test,test
standfordcars_4405,02376.jpg,ood_test,test
standfordcars_4406,04698.jpg,ood_test,test
standfordcars_4407,04840.jpg,ood_test,test
standfordcars_4408,05586.jpg,ood_test,test
standfordcars_4409,01938.jpg,ood_test,test
standfordcars_4410,07391.jpg,ood_test,test
standfordcars_4411,00398.jpg,ood_test,test
standfordcars_4412,06931.jpg,ood_test,test
standfordcars_4413,01086.jpg,ood_test,test
standfordcars_4414,03849.jpg,ood_test,test
standfordcars_4415,03691.jpg,ood_test,test
standfordcars_4416,03685.jpg,ood_test,test
standfordcars_4417,06925.jpg,ood_test,test
standfordcars_4418,01092.jpg,ood_test,test
standfordcars_4419,07385.jpg,ood_test,test
standfordcars_4420,04854.jpg,ood_test,test
standfordcars_4421,05592.jpg,ood_test,test
standfordcars_4422,01904.jpg,ood_test,test
standfordcars_4423,03875.jpg,ood_test,test
standfordcars_4424,06919.jpg,ood_test,test
standfordcars_4425,03861.jpg,ood_test,test
standfordcars_4426,04868.jpg,ood_test,test
standfordcars_4427,01910.jpg,ood_test,test
standfordcars_4428,07352.jpg,ood_test,test
standfordcars_4429,01723.jpg,ood_test,test
standfordcars_4430,04883.jpg,ood_test,test
standfordcars_4431,05545.jpg,ood_test,test
standfordcars_4432,03134.jpg,ood_test,test
standfordcars_4433,03652.jpg,ood_test,test
standfordcars_4434,05223.jpg,ood_test,test
standfordcars_4435,01045.jpg,ood_test,test
standfordcars_4436,07434.jpg,ood_test,test
standfordcars_4437,01051.jpg,ood_test,test
standfordcars_4438,07420.jpg,ood_test,test
standfordcars_4439,03646.jpg,ood_test,test
standfordcars_4440,04129.jpg,ood_test,test
standfordcars_4441,05237.jpg,ood_test,test
standfordcars_4442,02558.jpg,ood_test,test
standfordcars_4443,04897.jpg,ood_test,test
standfordcars_4444,05551.jpg,ood_test,test
standfordcars_4445,03120.jpg,ood_test,test
standfordcars_4446,00429.jpg,ood_test,test
standfordcars_4447,07346.jpg,ood_test,test
standfordcars_4448,06058.jpg,ood_test,test
standfordcars_4449,01737.jpg,ood_test,test
standfordcars_4450,02216.jpg,ood_test,test
standfordcars_4451,05579.jpg,ood_test,test
standfordcars_4452,04667.jpg,ood_test,test
standfordcars_4453,03108.jpg,ood_test,test
standfordcars_4454,00401.jpg,ood_test,test
standfordcars_4455,06070.jpg,ood_test,test
standfordcars_4456,01079.jpg,ood_test,test
standfordcars_4457,06716.jpg,ood_test,test
standfordcars_4458,07408.jpg,ood_test,test
standfordcars_4459,00367.jpg,ood_test,test
standfordcars_4460,04101.jpg,ood_test,test
standfordcars_4461,02570.jpg,ood_test,test
standfordcars_4462,04115.jpg,ood_test,test
standfordcars_4463,02564.jpg,ood_test,test
standfordcars_4464,06702.jpg,ood_test,test
standfordcars_4465,00373.jpg,ood_test,test
standfordcars_4466,00415.jpg,ood_test,test
standfordcars_4467,06064.jpg,ood_test,test
standfordcars_4468,02202.jpg,ood_test,test
standfordcars_4469,04673.jpg,ood_test,test
standfordcars_4470,02955.jpg,ood_test,test
standfordcars_4471,03493.jpg,ood_test,test
standfordcars_4472,01284.jpg,ood_test,test
standfordcars_4473,07193.jpg,ood_test,test
standfordcars_4474,00824.jpg,ood_test,test
standfordcars_4475,05784.jpg,ood_test,test
standfordcars_4476,05790.jpg,ood_test,test
standfordcars_4477,05948.jpg,ood_test,test
standfordcars_4478,07187.jpg,ood_test,test
standfordcars_4479,06299.jpg,ood_test,test
standfordcars_4480,00830.jpg,ood_test,test
standfordcars_4481,07839.jpg,ood_test,test
standfordcars_4482,01290.jpg,ood_test,test
standfordcars_4483,02941.jpg,ood_test,test
standfordcars_4484,03487.jpg,ood_test,test
standfordcars_4485,02799.jpg,ood_test,test
standfordcars_4486,07811.jpg,ood_test,test
standfordcars_4487,02969.jpg,ood_test,test
standfordcars_4488,05960.jpg,ood_test,test
standfordcars_4489,00818.jpg,ood_test,test
standfordcars_4490,05974.jpg,ood_test,test
standfordcars_4491,07805.jpg,ood_test,test
standfordcars_4492,00159.jpg,ood_test,test
standfordcars_4493,07636.jpg,ood_test,test
standfordcars_4494,06528.jpg,ood_test,test
standfordcars_4495,01247.jpg,ood_test,test
standfordcars_4496,05021.jpg,ood_test,test
standfordcars_4497,02996.jpg,ood_test,test
standfordcars_4498,03450.jpg,ood_test,test
standfordcars_4499,03336.jpg,ood_test,test
standfordcars_4500,04459.jpg,ood_test,test
standfordcars_4501,05747.jpg,ood_test,test
standfordcars_4502,02028.jpg,ood_test,test
standfordcars_4503,01521.jpg,ood_test,test
standfordcars_4504,07150.jpg,ood_test,test
standfordcars_4505,01535.jpg,ood_test,test
standfordcars_4506,07144.jpg,ood_test,test
standfordcars_4507,03322.jpg,ood_test,test
standfordcars_4508,05753.jpg,ood_test,test
standfordcars_4509,05035.jpg,ood_test,test
standfordcars_4510,02982.jpg,ood_test,test
standfordcars_4511,03444.jpg,ood_test,test
standfordcars_4512,07622.jpg,ood_test,test
standfordcars_4513,01253.jpg,ood_test,test
standfordcars_4514,02772.jpg,ood_test,test
standfordcars_4515,04303.jpg,ood_test,test
standfordcars_4516,00165.jpg,ood_test,test
standfordcars_4517,06514.jpg,ood_test,test
standfordcars_4518,06272.jpg,ood_test,test
standfordcars_4519,00603.jpg,ood_test,test
standfordcars_4520,04465.jpg,ood_test,test
standfordcars_4521,02014.jpg,ood_test,test
standfordcars_4522,04471.jpg,ood_test,test
standfordcars_4523,02000.jpg,ood_test,test
standfordcars_4524,01509.jpg,ood_test,test
standfordcars_4525,06266.jpg,ood_test,test
standfordcars_4526,07178.jpg,ood_test,test
standfordcars_4527,00617.jpg,ood_test,test
standfordcars_4528,00171.jpg,ood_test,test
standfordcars_4529,06500.jpg,ood_test,test
standfordcars_4530,02766.jpg,ood_test,test
standfordcars_4531,05009.jpg,ood_test,test
standfordcars_4532,04317.jpg,ood_test,test
standfordcars_4533,03478.jpg,ood_test,test
standfordcars_4534,02016.jpg,ood_test,test
standfordcars_4535,05779.jpg,ood_test,test
standfordcars_4536,04467.jpg,ood_test,test
standfordcars_4537,03308.jpg,ood_test,test
standfordcars_4538,00601.jpg,ood_test,test
standfordcars_4539,06270.jpg,ood_test,test
standfordcars_4540,01279.jpg,ood_test,test
standfordcars_4541,06516.jpg,ood_test,test
standfordcars_4542,07608.jpg,ood_test,test
standfordcars_4543,00167.jpg,ood_test,test
standfordcars_4544,04301.jpg,ood_test,test
standfordcars_4545,02770.jpg,ood_test,test
standfordcars_4546,04315.jpg,ood_test,test
standfordcars_4547,02764.jpg,ood_test,test
standfordcars_4548,06502.jpg,ood_test,test
standfordcars_4549,00173.jpg,ood_test,test
standfordcars_4550,00615.jpg,ood_test,test
standfordcars_4551,06264.jpg,ood_test,test
standfordcars_4552,02002.jpg,ood_test,test
standfordcars_4553,04473.jpg,ood_test,test
standfordcars_4554,07152.jpg,ood_test,test
standfordcars_4555,01523.jpg,ood_test,test
standfordcars_4556,05745.jpg,ood_test,test
standfordcars_4557,03334.jpg,ood_test,test
standfordcars_4558,03452.jpg,ood_test,test
standfordcars_4559,02994.jpg,ood_test,test
standfordcars_4560,05023.jpg,ood_test,test
standfordcars_4561,01245.jpg,ood_test,test
standfordcars_4562,07634.jpg,ood_test,test
standfordcars_4563,01251.jpg,ood_test,test
standfordcars_4564,07620.jpg,ood_test,test
standfordcars_4565,03446.jpg,ood_test,test
standfordcars_4566,02980.jpg,ood_test,test
standfordcars_4567,04329.jpg,ood_test,test
standfordcars_4568,05037.jpg,ood_test,test
standfordcars_4569,02758.jpg,ood_test,test
standfordcars_4570,05751.jpg,ood_test,test
standfordcars_4571,03320.jpg,ood_test,test
standfordcars_4572,05989.jpg,ood_test,test
standfordcars_4573,00629.jpg,ood_test,test
standfordcars_4574,07146.jpg,ood_test,test
standfordcars_4575,06258.jpg,ood_test,test
standfordcars_4576,01537.jpg,ood_test,test
standfordcars_4577,05962.jpg,ood_test,test
standfordcars_4578,07813.jpg,ood_test,test
standfordcars_4579,07807.jpg,ood_test,test
standfordcars_4580,05976.jpg,ood_test,test
standfordcars_4581,04498.jpg,ood_test,test
standfordcars_4582,05786.jpg,ood_test,test
standfordcars_4583,00826.jpg,ood_test,test
standfordcars_4584,07191.jpg,ood_test,test
standfordcars_4585,00198.jpg,ood_test,test
standfordcars_4586,01286.jpg,ood_test,test
standfordcars_4587,03491.jpg,ood_test,test
standfordcars_4588,02957.jpg,ood_test,test
standfordcars_4589,03485.jpg,ood_test,test
standfordcars_4590,02943.jpg,ood_test,test
standfordcars_4591,01292.jpg,ood_test,test
standfordcars_4592,00832.jpg,ood_test,test
standfordcars_4593,07185.jpg,ood_test,test
standfordcars_4594,05792.jpg,ood_test,test
standfordcars_4595,02572.jpg,ood_test,test
standfordcars_4596,04103.jpg,ood_test,test
standfordcars_4597,00365.jpg,ood_test,test
standfordcars_4598,06714.jpg,ood_test,test
standfordcars_4599,06072.jpg,ood_test,test
standfordcars_4600,00403.jpg,ood_test,test
standfordcars_4601,04665.jpg,ood_test,test
standfordcars_4602,02214.jpg,ood_test,test
standfordcars_4603,04671.jpg,ood_test,test
standfordcars_4604,02200.jpg,ood_test,test
standfordcars_4605,01709.jpg,ood_test,test
standfordcars_4606,06066.jpg,ood_test,test
standfordcars_4607,07378.jpg,ood_test,test
standfordcars_4608,00417.jpg,ood_test,test
standfordcars_4609,00371.jpg,ood_test,test
standfordcars_4610,06700.jpg,ood_test,test
standfordcars_4611,02566.jpg,ood_test,test
standfordcars_4612,05209.jpg,ood_test,test
standfordcars_4613,04117.jpg,ood_test,test
standfordcars_4614,03678.jpg,ood_test,test
standfordcars_4615,00359.jpg,ood_test,test
standfordcars_4616,07436.jpg,ood_test,test
standfordcars_4617,06728.jpg,ood_test,test
standfordcars_4618,01047.jpg,ood_test,test
standfordcars_4619,05221.jpg,ood_test,test
standfordcars_4620,03888.jpg,ood_test,test
standfordcars_4621,03650.jpg,ood_test,test
standfordcars_4622,03136.jpg,ood_test,test
standfordcars_4623,04659.jpg,ood_test,test
standfordcars_4624,05547.jpg,ood_test,test
standfordcars_4625,04881.jpg,ood_test,test
standfordcars_4626,02228.jpg,ood_test,test
standfordcars_4627,01721.jpg,ood_test,test
standfordcars_4628,07350.jpg,ood_test,test
standfordcars_4629,01735.jpg,ood_test,test
standfordcars_4630,07344.jpg,ood_test,test
standfordcars_4631,03122.jpg,ood_test,test
standfordcars_4632,05553.jpg,ood_test,test
standfordcars_4633,04895.jpg,ood_test,test
standfordcars_4634,05235.jpg,ood_test,test
standfordcars_4635,03644.jpg,ood_test,test
standfordcars_4636,07422.jpg,ood_test,test
standfordcars_4637,01053.jpg,ood_test,test
standfordcars_4638,03877.jpg,ood_test,test
standfordcars_4639,01906.jpg,ood_test,test
standfordcars_4640,01912.jpg,ood_test,test
standfordcars_4641,03863.jpg,ood_test,test
standfordcars_4642,03693.jpg,ood_test,test
standfordcars_4643,01084.jpg,ood_test,test
standfordcars_4644,06933.jpg,ood_test,test
standfordcars_4645,07393.jpg,ood_test,test
standfordcars_4646,05584.jpg,ood_test,test
standfordcars_4647,04842.jpg,ood_test,test
standfordcars_4648,05590.jpg,ood_test,test
standfordcars_4649,04856.jpg,ood_test,test
standfordcars_4650,07387.jpg,ood_test,test
standfordcars_4651,06099.jpg,ood_test,test
standfordcars_4652,01090.jpg,ood_test,test
standfordcars_4653,06927.jpg,ood_test,test
standfordcars_4654,03687.jpg,ood_test,test
standfordcars_4655,02599.jpg,ood_test,test
standfordcars_4656,03718.jpg,ood_test,test
standfordcars_4657,04077.jpg,ood_test,test
standfordcars_4658,05369.jpg,ood_test,test
standfordcars_4659,02406.jpg,ood_test,test
standfordcars_4660,06660.jpg,ood_test,test
standfordcars_4661,00211.jpg,ood_test,test
standfordcars_4662,00577.jpg,ood_test,test
standfordcars_4663,07218.jpg,ood_test,test
standfordcars_4664,06106.jpg,ood_test,test
standfordcars_4665,01669.jpg,ood_test,test
standfordcars_4666,02360.jpg,ood_test,test
standfordcars_4667,04711.jpg,ood_test,test
standfordcars_4668,02374.jpg,ood_test,test
standfordcars_4669,04705.jpg,ood_test,test
standfordcars_4670,00563.jpg,ood_test,test
standfordcars_4671,06112.jpg,ood_test,test
standfordcars_4672,06674.jpg,ood_test,test
standfordcars_4673,00205.jpg,ood_test,test
standfordcars_4674,04063.jpg,ood_test,test
standfordcars_4675,02412.jpg,ood_test,test
standfordcars_4676,01133.jpg,ood_test,test
standfordcars_4677,07542.jpg,ood_test,test
standfordcars_4678,06884.jpg,ood_test,test
standfordcars_4679,03724.jpg,ood_test,test
standfordcars_4680,05355.jpg,ood_test,test
standfordcars_4681,05433.jpg,ood_test,test
standfordcars_4682,03042.jpg,ood_test,test
standfordcars_4683,07224.jpg,ood_test,test
standfordcars_4684,01655.jpg,ood_test,test
standfordcars_4685,01899.jpg,ood_test,test
standfordcars_4686,07230.jpg,ood_test,test
standfordcars_4687,01641.jpg,ood_test,test
standfordcars_4688,02348.jpg,ood_test,test
standfordcars_4689,05427.jpg,ood_test,test
standfordcars_4690,04739.jpg,ood_test,test
standfordcars_4691,03056.jpg,ood_test,test
standfordcars_4692,03730.jpg,ood_test,test
standfordcars_4693,05341.jpg,ood_test,test
standfordcars_4694,01127.jpg,ood_test,test
standfordcars_4695,06648.jpg,ood_test,test
standfordcars_4696,07556.jpg,ood_test,test
standfordcars_4697,00239.jpg,ood_test,test
standfordcars_4698,06890.jpg,ood_test,test
standfordcars_4699,03903.jpg,ood_test,test
standfordcars_4700,01872.jpg,ood_test,test
standfordcars_4701,01866.jpg,ood_test,test
standfordcars_4702,03917.jpg,ood_test,test
standfordcars_4703,05396.jpg,ood_test,test
standfordcars_4704,04088.jpg,ood_test,test
standfordcars_4705,07581.jpg,ood_test,test
standfordcars_4706,06847.jpg,ood_test,test
standfordcars_4707,01696.jpg,ood_test,test
standfordcars_4708,00588.jpg,ood_test,test
standfordcars_4709,03081.jpg,ood_test,test
standfordcars_4710,04936.jpg,ood_test,test
standfordcars_4711,03095.jpg,ood_test,test
standfordcars_4712,04922.jpg,ood_test,test
standfordcars_4713,01682.jpg,ood_test,test
standfordcars_4714,07595.jpg,ood_test,test
standfordcars_4715,06853.jpg,ood_test,test
standfordcars_4716,05382.jpg,ood_test,test
standfordcars_4717,04513.jpg,ood_test,test
standfordcars_4718,02162.jpg,ood_test,test
standfordcars_4719,06304.jpg,ood_test,test
standfordcars_4720,00775.jpg,ood_test,test
standfordcars_4721,00013.jpg,ood_test,test
standfordcars_4722,06462.jpg,ood_test,test
standfordcars_4723,02604.jpg,ood_test,test
standfordcars_4724,04275.jpg,ood_test,test
standfordcars_4725,02610.jpg,ood_test,test
standfordcars_4726,04261.jpg,ood_test,test
standfordcars_4727,00007.jpg,ood_test,test
standfordcars_4728,07768.jpg,ood_test,test
standfordcars_4729,06476.jpg,ood_test,test
standfordcars_4730,01319.jpg,ood_test,test
standfordcars_4731,06310.jpg,ood_test,test
standfordcars_4732,00761.jpg,ood_test,test
standfordcars_4733,03268.jpg,ood_test,test
standfordcars_4734,04507.jpg,ood_test,test
standfordcars_4735,05619.jpg,ood_test,test
standfordcars_4736,02176.jpg,ood_test,test
standfordcars_4737,01457.jpg,ood_test,test
standfordcars_4738,06338.jpg,ood_test,test
standfordcars_4739,00991.jpg,ood_test,test
standfordcars_4740,07026.jpg,ood_test,test
standfordcars_4741,00749.jpg,ood_test,test
standfordcars_4742,03240.jpg,ood_test,test
standfordcars_4743,05631.jpg,ood_test,test
standfordcars_4744,02638.jpg,ood_test,test
standfordcars_4745,05157.jpg,ood_test,test
standfordcars_4746,04249.jpg,ood_test,test
standfordcars_4747,03526.jpg,ood_test,test
standfordcars_4748,07740.jpg,ood_test,test
standfordcars_4749,07998.jpg,ood_test,test
standfordcars_4750,01331.jpg,ood_test,test
standfordcars_4751,07754.jpg,ood_test,test
standfordcars_4752,01325.jpg,ood_test,test
standfordcars_4753,05143.jpg,ood_test,test
standfordcars_4754,03532.jpg,ood_test,test
standfordcars_4755,03254.jpg,ood_test,test
standfordcars_4756,05625.jpg,ood_test,test
standfordcars_4757,01443.jpg,ood_test,test
standfordcars_4758,00985.jpg,ood_test,test
standfordcars_4759,07032.jpg,ood_test,test
standfordcars_4760,05816.jpg,ood_test,test
standfordcars_4761,07967.jpg,ood_test,test
standfordcars_4762,07973.jpg,ood_test,test
standfordcars_4763,05802.jpg,ood_test,test
standfordcars_4764,03283.jpg,ood_test,test
standfordcars_4765,01494.jpg,ood_test,test
standfordcars_4766,00952.jpg,ood_test,test
standfordcars_4767,07783.jpg,ood_test,test
standfordcars_4768,02823.jpg,ood_test,test
standfordcars_4769,05194.jpg,ood_test,test
standfordcars_4770,02837.jpg,ood_test,test
standfordcars_4771,05180.jpg,ood_test,test
standfordcars_4772,06489.jpg,ood_test,test
standfordcars_4773,07797.jpg,ood_test,test
standfordcars_4774,01480.jpg,ood_test,test
standfordcars_4775,00946.jpg,ood_test,test
standfordcars_4776,02189.jpg,ood_test,test
standfordcars_4777,03297.jpg,ood_test,test
standfordcars_4778,07796.jpg,ood_test,test
standfordcars_4779,06488.jpg,ood_test,test
standfordcars_4780,05181.jpg,ood_test,test
standfordcars_4781,02836.jpg,ood_test,test
standfordcars_4782,03296.jpg,ood_test,test
standfordcars_4783,02188.jpg,ood_test,test
standfordcars_4784,00947.jpg,ood_test,test
standfordcars_4785,01481.jpg,ood_test,test
standfordcars_4786,00953.jpg,ood_test,test
standfordcars_4787,01495.jpg,ood_test,test
standfordcars_4788,03282.jpg,ood_test,test
standfordcars_4789,05195.jpg,ood_test,test
standfordcars_4790,02822.jpg,ood_test,test
standfordcars_4791,07782.jpg,ood_test,test
standfordcars_4792,07972.jpg,ood_test,test
standfordcars_4793,05803.jpg,ood_test,test
standfordcars_4794,05817.jpg,ood_test,test
standfordcars_4795,07966.jpg,ood_test,test
standfordcars_4796,03533.jpg,ood_test,test
standfordcars_4797,05142.jpg,ood_test,test
standfordcars_4798,01324.jpg,ood_test,test
standfordcars_4799,07755.jpg,ood_test,test
standfordcars_4800,07033.jpg,ood_test,test
standfordcars_4801,00984.jpg,ood_test,test
standfordcars_4802,01442.jpg,ood_test,test
standfordcars_4803,05624.jpg,ood_test,test
standfordcars_4804,03255.jpg,ood_test,test
standfordcars_4805,05630.jpg,ood_test,test
standfordcars_4806,03241.jpg,ood_test,test
standfordcars_4807,00748.jpg,ood_test,test
standfordcars_4808,07027.jpg,ood_test,test
standfordcars_4809,00990.jpg,ood_test,test
standfordcars_4810,06339.jpg,ood_test,test
standfordcars_4811,01456.jpg,ood_test,test
standfordcars_4812,01330.jpg,ood_test,test
standfordcars_4813,07999.jpg,ood_test,test
standfordcars_4814,07741.jpg,ood_test,test
standfordcars_4815,03527.jpg,ood_test,test
standfordcars_4816,04248.jpg,ood_test,test
standfordcars_4817,05156.jpg,ood_test,test
standfordcars_4818,02639.jpg,ood_test,test
standfordcars_4819,01318.jpg,ood_test,test
standfordcars_4820,06477.jpg,ood_test,test
standfordcars_4821,07769.jpg,ood_test,test
standfordcars_4822,00006.jpg,ood_test,test
standfordcars_4823,04260.jpg,ood_test,test
standfordcars_4824,02611.jpg,ood_test,test
standfordcars_4825,02177.jpg,ood_test,test
standfordcars_4826,05618.jpg,ood_test,test
standfordcars_4827,04506.jpg,ood_test,test
standfordcars_4828,03269.jpg,ood_test,test
standfordcars_4829,00760.jpg,ood_test,test
standfordcars_4830,06311.jpg,ood_test,test
standfordcars_4831,00774.jpg,ood_test,test
standfordcars_4832,06305.jpg,ood_test,test
standfordcars_4833,02163.jpg,ood_test,test
standfordcars_4834,04512.jpg,ood_test,test
standfordcars_4835,04274.jpg,ood_test,test
standfordcars_4836,02605.jpg,ood_test,test
standfordcars_4837,06463.jpg,ood_test,test
standfordcars_4838,00012.jpg,ood_test,test
standfordcars_4839,01683.jpg,ood_test,test
standfordcars_4840,04923.jpg,ood_test,test
standfordcars_4841,03094.jpg,ood_test,test
standfordcars_4842,05383.jpg,ood_test,test
standfordcars_4843,06852.jpg,ood_test,test
standfordcars_4844,07594.jpg,ood_test,test
standfordcars_4845,06846.jpg,ood_test,test
standfordcars_4846,07580.jpg,ood_test,test
standfordcars_4847,04089.jpg,ood_test,test
standfordcars_4848,05397.jpg,ood_test,test
standfordcars_4849,04937.jpg,ood_test,test
standfordcars_4850,03080.jpg,ood_test,test
standfordcars_4851,00589.jpg,ood_test,test
standfordcars_4852,01697.jpg,ood_test,test
standfordcars_4853,01867.jpg,ood_test,test
standfordcars_4854,03916.jpg,ood_test,test
standfordcars_4855,03902.jpg,ood_test,test
standfordcars_4856,01873.jpg,ood_test,test
standfordcars_4857,03057.jpg,ood_test,test
standfordcars_4858,04738.jpg,ood_test,test
standfordcars_4859,05426.jpg,ood_test,test
standfordcars_4860,02349.jpg,ood_test,test
standfordcars_4861,01640.jpg,ood_test,test
standfordcars_4862,07231.jpg,ood_test,test
standfordcars_4863,01898.jpg,ood_test,test
standfordcars_4864,06891.jpg,ood_test,test
standfordcars_4865,00238.jpg,ood_test,test
standfordcars_4866,07557.jpg,ood_test,test
standfordcars_4867,06649.jpg,ood_test,test
standfordcars_4868,01126.jpg,ood_test,test
standfordcars_4869,05340.jpg,ood_test,test
standfordcars_4870,03731.jpg,ood_test,test
standfordcars_4871,05354.jpg,ood_test,test
standfordcars_4872,03725.jpg,ood_test,test
standfordcars_4873,06885.jpg,ood_test,test
standfordcars_4874,07543.jpg,ood_test,test
standfordcars_4875,01132.jpg,ood_test,test
standfordcars_4876,01654.jpg,ood_test,test
standfordcars_4877,07225.jpg,ood_test,test
standfordcars_4878,03043.jpg,ood_test,test
standfordcars_4879,05432.jpg,ood_test,test
standfordcars_4880,06113.jpg,ood_test,test
standfordcars_4881,00562.jpg,ood_test,test
standfordcars_4882,04704.jpg,ood_test,test
standfordcars_4883,02375.jpg,ood_test,test
standfordcars_4884,02413.jpg,ood_test,test
standfordcars_4885,04062.jpg,ood_test,test
standfordcars_4886,00204.jpg,ood_test,test
standfordcars_4887,06675.jpg,ood_test,test
standfordcars_4888,00210.jpg,ood_test,test
standfordcars_4889,06661.jpg,ood_test,test
standfordcars_4890,02407.jpg,ood_test,test
standfordcars_4891,05368.jpg,ood_test,test
standfordcars_4892,04076.jpg,ood_test,test
standfordcars_4893,03719.jpg,ood_test,test
standfordcars_4894,04710.jpg,ood_test,test
standfordcars_4895,02361.jpg,ood_test,test
standfordcars_4896,01668.jpg,ood_test,test
standfordcars_4897,06107.jpg,ood_test,test
standfordcars_4898,07219.jpg,ood_test,test
standfordcars_4899,00576.jpg,ood_test,test
standfordcars_4900,06098.jpg,ood_test,test
standfordcars_4901,07386.jpg,ood_test,test
standfordcars_4902,04857.jpg,ood_test,test
standfordcars_4903,05591.jpg,ood_test,test
standfordcars_4904,02598.jpg,ood_test,test
standfordcars_4905,03686.jpg,ood_test,test
standfordcars_4906,06926.jpg,ood_test,test
standfordcars_4907,01091.jpg,ood_test,test
standfordcars_4908,06932.jpg,ood_test,test
standfordcars_4909,01085.jpg,ood_test,test
standfordcars_4910,03692.jpg,ood_test,test
standfordcars_4911,04843.jpg,ood_test,test
standfordcars_4912,05585.jpg,ood_test,test
standfordcars_4913,07392.jpg,ood_test,test
standfordcars_4914,01913.jpg,ood_test,test
standfordcars_4915,03862.jpg,ood_test,test
standfordcars_4916,03876.jpg,ood_test,test
standfordcars_4917,01907.jpg,ood_test,test
standfordcars_4918,04894.jpg,ood_test,test
standfordcars_4919,05552.jpg,ood_test,test
standfordcars_4920,03123.jpg,ood_test,test
standfordcars_4921,07345.jpg,ood_test,test
standfordcars_4922,01734.jpg,ood_test,test
standfordcars_4923,01052.jpg,ood_test,test
standfordcars_4924,07423.jpg,ood_test,test
standfordcars_4925,03645.jpg,ood_test,test
standfordcars_4926,05234.jpg,ood_test,test
standfordcars_4927,03651.jpg,ood_test,test
standfordcars_4928,03889.jpg,ood_test,test
standfordcars_4929,05220.jpg,ood_test,test
standfordcars_4930,01046.jpg,ood_test,test
standfordcars_4931,06729.jpg,ood_test,test
standfordcars_4932,07437.jpg,ood_test,test
standfordcars_4933,00358.jpg,ood_test,test
standfordcars_4934,07351.jpg,ood_test,test
standfordcars_4935,01720.jpg,ood_test,test
standfordcars_4936,02229.jpg,ood_test,test
standfordcars_4937,04880.jpg,ood_test,test
standfordcars_4938,05546.jpg,ood_test,test
standfordcars_4939,04658.jpg,ood_test,test
standfordcars_4940,03137.jpg,ood_test,test
standfordcars_4941,00416.jpg,ood_test,test
standfordcars_4942,07379.jpg,ood_test,test
standfordcars_4943,06067.jpg,ood_test,test
standfordcars_4944,01708.jpg,ood_test,test
standfordcars_4945,02201.jpg,ood_test,test
standfordcars_4946,04670.jpg,ood_test,test
standfordcars_4947,03679.jpg,ood_test,test
standfordcars_4948,04116.jpg,ood_test,test
standfordcars_4949,05208.jpg,ood_test,test
standfordcars_4950,02567.jpg,ood_test,test
standfordcars_4951,06701.jpg,ood_test,test
standfordcars_4952,00370.jpg,ood_test,test
standfordcars_4953,06715.jpg,ood_test,test
standfordcars_4954,00364.jpg,ood_test,test
standfordcars_4955,04102.jpg,ood_test,test
standfordcars_4956,02573.jpg,ood_test,test
standfordcars_4957,02215.jpg,ood_test,test
standfordcars_4958,04664.jpg,ood_test,test
standfordcars_4959,00402.jpg,ood_test,test
standfordcars_4960,06073.jpg,ood_test,test
standfordcars_4961,01293.jpg,ood_test,test
standfordcars_4962,02942.jpg,ood_test,test
standfordcars_4963,03484.jpg,ood_test,test
standfordcars_4964,05793.jpg,ood_test,test
standfordcars_4965,07184.jpg,ood_test,test
standfordcars_4966,00833.jpg,ood_test,test
standfordcars_4967,07190.jpg,ood_test,test
standfordcars_4968,00827.jpg,ood_test,test
standfordcars_4969,05787.jpg,ood_test,test
standfordcars_4970,04499.jpg,ood_test,test
standfordcars_4971,02956.jpg,ood_test,test
standfordcars_4972,03490.jpg,ood_test,test
standfordcars_4973,01287.jpg,ood_test,test
standfordcars_4974,00199.jpg,ood_test,test
standfordcars_4975,07806.jpg,ood_test,test
standfordcars_4976,05977.jpg,ood_test,test
standfordcars_4977,05963.jpg,ood_test,test
standfordcars_4978,07812.jpg,ood_test,test
standfordcars_4979,02759.jpg,ood_test,test
standfordcars_4980,05036.jpg,ood_test,test
standfordcars_4981,04328.jpg,ood_test,test
standfordcars_4982,02981.jpg,ood_test,test
standfordcars_4983,03447.jpg,ood_test,test
standfordcars_4984,07621.jpg,ood_test,test
standfordcars_4985,01250.jpg,ood_test,test
standfordcars_4986,01536.jpg,ood_test,test
standfordcars_4987,06259.jpg,ood_test,test
standfordcars_4988,07147.jpg,ood_test,test
standfordcars_4989,00628.jpg,ood_test,test
standfordcars_4990,05988.jpg,ood_test,test
standfordcars_4991,03321.jpg,ood_test,test
standfordcars_4992,05750.jpg,ood_test,test
standfordcars_4993,03335.jpg,ood_test,test
standfordcars_4994,05744.jpg,ood_test,test
standfordcars_4995,01522.jpg,ood_test,test
standfordcars_4996,07153.jpg,ood_test,test
standfordcars_4997,07635.jpg,ood_test,test
standfordcars_4998,01244.jpg,ood_test,test
standfordcars_4999,05022.jpg,ood_test,test
standfordcars_5000,02995.jpg,ood_test,test
standfordcars_5001,03453.jpg,ood_test,test
standfordcars_5002,00172.jpg,ood_test,test
standfordcars_5003,06503.jpg,ood_test,test
standfordcars_5004,02765.jpg,ood_test,test
standfordcars_5005,04314.jpg,ood_test,test
standfordcars_5006,04472.jpg,ood_test,test
standfordcars_5007,02003.jpg,ood_test,test
standfordcars_5008,06265.jpg,ood_test,test
standfordcars_5009,00614.jpg,ood_test,test
standfordcars_5010,06271.jpg,ood_test,test
standfordcars_5011,00600.jpg,ood_test,test
standfordcars_5012,03309.jpg,ood_test,test
standfordcars_5013,04466.jpg,ood_test,test
standfordcars_5014,05778.jpg,ood_test,test
standfordcars_5015,02017.jpg,ood_test,test
standfordcars_5016,02771.jpg,ood_test,test
standfordcars_5017,04300.jpg,ood_test,test
standfordcars_5018,00166.jpg,ood_test,test
standfordcars_5019,07609.jpg,ood_test,test
standfordcars_5020,06517.jpg,ood_test,test
standfordcars_5021,01278.jpg,ood_test,test
standfordcars_5022,02991.jpg,ood_test,test
standfordcars_5023,04338.jpg,ood_test,test
standfordcars_5024,03457.jpg,ood_test,test
standfordcars_5025,02749.jpg,ood_test,test
standfordcars_5026,05026.jpg,ood_test,test
standfordcars_5027,01240.jpg,ood_test,test
standfordcars_5028,07631.jpg,ood_test,test
standfordcars_5029,07157.jpg,ood_test,test
standfordcars_5030,00638.jpg,ood_test,test
standfordcars_5031,01526.jpg,ood_test,test
standfordcars_5032,06249.jpg,ood_test,test
standfordcars_5033,05740.jpg,ood_test,test
standfordcars_5034,03331.jpg,ood_test,test
standfordcars_5035,05998.jpg,ood_test,test
standfordcars_5036,05754.jpg,ood_test,test
standfordcars_5037,03325.jpg,ood_test,test
standfordcars_5038,07143.jpg,ood_test,test
standfordcars_5039,01532.jpg,ood_test,test
standfordcars_5040,01254.jpg,ood_test,test
standfordcars_5041,07625.jpg,ood_test,test
standfordcars_5042,02985.jpg,ood_test,test
standfordcars_5043,03443.jpg,ood_test,test
standfordcars_5044,05032.jpg,ood_test,test
standfordcars_5045,06513.jpg,ood_test,test
standfordcars_5046,00162.jpg,ood_test,test
standfordcars_5047,04304.jpg,ood_test,test
standfordcars_5048,02775.jpg,ood_test,test
standfordcars_5049,02013.jpg,ood_test,test
standfordcars_5050,04462.jpg,ood_test,test
standfordcars_5051,00604.jpg,ood_test,test
standfordcars_5052,06275.jpg,ood_test,test
standfordcars_5053,00610.jpg,ood_test,test
standfordcars_5054,06261.jpg,ood_test,test
standfordcars_5055,05768.jpg,ood_test,test
standfordcars_5056,02007.jpg,ood_test,test
standfordcars_5057,03319.jpg,ood_test,test
standfordcars_5058,04476.jpg,ood_test,test
standfordcars_5059,04310.jpg,ood_test,test
standfordcars_5060,02761.jpg,ood_test,test
standfordcars_5061,06507.jpg,ood_test,test
standfordcars_5062,01268.jpg,ood_test,test
standfordcars_5063,00176.jpg,ood_test,test
standfordcars_5064,07619.jpg,ood_test,test
standfordcars_5065,01283.jpg,ood_test,test
standfordcars_5066,02952.jpg,ood_test,test
standfordcars_5067,03494.jpg,ood_test,test
standfordcars_5068,05783.jpg,ood_test,test
standfordcars_5069,00823.jpg,ood_test,test
standfordcars_5070,07194.jpg,ood_test,test
standfordcars_5071,00837.jpg,ood_test,test
standfordcars_5072,07180.jpg,ood_test,test
standfordcars_5073,04489.jpg,ood_test,test
standfordcars_5074,05797.jpg,ood_test,test
standfordcars_5075,02946.jpg,ood_test,test
standfordcars_5076,03480.jpg,ood_test,test
standfordcars_5077,00189.jpg,ood_test,test
standfordcars_5078,01297.jpg,ood_test,test
standfordcars_5079,07816.jpg,ood_test,test
standfordcars_5080,05967.jpg,ood_test,test
standfordcars_5081,05973.jpg,ood_test,test
standfordcars_5082,07802.jpg,ood_test,test
standfordcars_5083,03133.jpg,ood_test,test
standfordcars_5084,04884.jpg,ood_test,test
standfordcars_5085,05542.jpg,ood_test,test
standfordcars_5086,01724.jpg,ood_test,test
standfordcars_5087,07355.jpg,ood_test,test
standfordcars_5088,07433.jpg,ood_test,test
standfordcars_5089,01042.jpg,ood_test,test
standfordcars_5090,05224.jpg,ood_test,test
standfordcars_5091,03655.jpg,ood_test,test
standfordcars_5092,05230.jpg,ood_test,test
standfordcars_5093,03899.jpg,ood_test,test
standfordcars_5094,03641.jpg,ood_test,test
standfordcars_5095,07427.jpg,ood_test,test
standfordcars_5096,00348.jpg,ood_test,test
standfordcars_5097,01056.jpg,ood_test,test
standfordcars_5098,06739.jpg,ood_test,test
standfordcars_5099,01730.jpg,ood_test,test
standfordcars_5100,07341.jpg,ood_test,test
standfordcars_5101,04648.jpg,ood_test,test
standfordcars_5102,03127.jpg,ood_test,test
standfordcars_5103,04890.jpg,ood_test,test
standfordcars_5104,02239.jpg,ood_test,test
standfordcars_5105,05556.jpg,ood_test,test
standfordcars_5106,06077.jpg,ood_test,test
standfordcars_5107,01718.jpg,ood_test,test
standfordcars_5108,00406.jpg,ood_test,test
standfordcars_5109,07369.jpg,ood_test,test
standfordcars_5110,04660.jpg,ood_test,test
standfordcars_5111,02211.jpg,ood_test,test
standfordcars_5112,05218.jpg,ood_test,test
standfordcars_5113,02577.jpg,ood_test,test
standfordcars_5114,03669.jpg,ood_test,test
standfordcars_5115,04106.jpg,ood_test,test
standfordcars_5116,00360.jpg,ood_test,test
standfordcars_5117,06711.jpg,ood_test,test
standfordcars_5118,00374.jpg,ood_test,test
standfordcars_5119,06705.jpg,ood_test,test
standfordcars_5120,02563.jpg,ood_test,test
standfordcars_5121,04112.jpg,ood_test,test
standfordcars_5122,04674.jpg,ood_test,test
standfordcars_5123,02205.jpg,ood_test,test
standfordcars_5124,06063.jpg,ood_test,test
standfordcars_5125,00412.jpg,ood_test,test
standfordcars_5126,07396.jpg,ood_test,test
standfordcars_5127,06088.jpg,ood_test,test
standfordcars_5128,04847.jpg,ood_test,test
standfordcars_5129,05581.jpg,ood_test,test
standfordcars_5130,03696.jpg,ood_test,test
standfordcars_5131,02588.jpg,ood_test,test
standfordcars_5132,01081.jpg,ood_test,test
standfordcars_5133,06936.jpg,ood_test,test
standfordcars_5134,01095.jpg,ood_test,test
standfordcars_5135,06922.jpg,ood_test,test
standfordcars_5136,03682.jpg,ood_test,test
standfordcars_5137,04853.jpg,ood_test,test
standfordcars_5138,05595.jpg,ood_test,test
standfordcars_5139,07382.jpg,ood_test,test
standfordcars_5140,01903.jpg,ood_test,test
standfordcars_5141,03872.jpg,ood_test,test
standfordcars_5142,03866.jpg,ood_test,test
standfordcars_5143,01917.jpg,ood_test,test
standfordcars_5144,05436.jpg,ood_test,test
standfordcars_5145,02359.jpg,ood_test,test
standfordcars_5146,03047.jpg,ood_test,test
standfordcars_5147,04728.jpg,ood_test,test
standfordcars_5148,01888.jpg,ood_test,test
standfordcars_5149,07221.jpg,ood_test,test
standfordcars_5150,01650.jpg,ood_test,test
standfordcars_5151,06659.jpg,ood_test,test
standfordcars_5152,01136.jpg,ood_test,test
standfordcars_5153,00228.jpg,ood_test,test
standfordcars_5154,06881.jpg,ood_test,test
standfordcars_5155,07547.jpg,ood_test,test
standfordcars_5156,03721.jpg,ood_test,test
standfordcars_5157,05350.jpg,ood_test,test
standfordcars_5158,03735.jpg,ood_test,test
standfordcars_5159,05344.jpg,ood_test,test
standfordcars_5160,01122.jpg,ood_test,test
standfordcars_5161,06895.jpg,ood_test,test
standfordcars_5162,07553.jpg,ood_test,test
standfordcars_5163,07235.jpg,ood_test,test
standfordcars_5164,01644.jpg,ood_test,test
standfordcars_5165,05422.jpg,ood_test,test
standfordcars_5166,03053.jpg,ood_test,test
standfordcars_5167,00572.jpg,ood_test,test
standfordcars_5168,06103.jpg,ood_test,test
standfordcars_5169,02365.jpg,ood_test,test
standfordcars_5170,04714.jpg,ood_test,test
standfordcars_5171,04072.jpg,ood_test,test
standfordcars_5172,02403.jpg,ood_test,test
standfordcars_5173,06665.jpg,ood_test,test
standfordcars_5174,00214.jpg,ood_test,test
standfordcars_5175,06671.jpg,ood_test,test
standfordcars_5176,00200.jpg,ood_test,test
standfordcars_5177,04066.jpg,ood_test,test
standfordcars_5178,03709.jpg,ood_test,test
standfordcars_5179,02417.jpg,ood_test,test
standfordcars_5180,05378.jpg,ood_test,test
standfordcars_5181,02371.jpg,ood_test,test
standfordcars_5182,04700.jpg,ood_test,test
standfordcars_5183,07209.jpg,ood_test,test
standfordcars_5184,00566.jpg,ood_test,test
standfordcars_5185,01678.jpg,ood_test,test
standfordcars_5186,06117.jpg,ood_test,test
standfordcars_5187,01693.jpg,ood_test,test
standfordcars_5188,03084.jpg,ood_test,test
standfordcars_5189,04933.jpg,ood_test,test
standfordcars_5190,05393.jpg,ood_test,test
standfordcars_5191,06842.jpg,ood_test,test
standfordcars_5192,07584.jpg,ood_test,test
standfordcars_5193,06856.jpg,ood_test,test
standfordcars_5194,07590.jpg,ood_test,test
standfordcars_5195,05387.jpg,ood_test,test
standfordcars_5196,04099.jpg,ood_test,test
standfordcars_5197,03090.jpg,ood_test,test
standfordcars_5198,04927.jpg,ood_test,test
standfordcars_5199,01687.jpg,ood_test,test
standfordcars_5200,00599.jpg,ood_test,test
standfordcars_5201,01877.jpg,ood_test,test
standfordcars_5202,03906.jpg,ood_test,test
standfordcars_5203,03912.jpg,ood_test,test
standfordcars_5204,01863.jpg,ood_test,test
standfordcars_5205,05152.jpg,ood_test,test
standfordcars_5206,03523.jpg,ood_test,test
standfordcars_5207,07745.jpg,ood_test,test
standfordcars_5208,01334.jpg,ood_test,test
standfordcars_5209,00994.jpg,ood_test,test
standfordcars_5210,01452.jpg,ood_test,test
standfordcars_5211,07023.jpg,ood_test,test
standfordcars_5212,03245.jpg,ood_test,test
standfordcars_5213,05634.jpg,ood_test,test
standfordcars_5214,03251.jpg,ood_test,test
standfordcars_5215,05620.jpg,ood_test,test
standfordcars_5216,06329.jpg,ood_test,test
standfordcars_5217,00980.jpg,ood_test,test
standfordcars_5218,01446.jpg,ood_test,test
standfordcars_5219,00758.jpg,ood_test,test
standfordcars_5220,07037.jpg,ood_test,test
standfordcars_5221,07751.jpg,ood_test,test
standfordcars_5222,07989.jpg,ood_test,test
standfordcars_5223,01320.jpg,ood_test,test
standfordcars_5224,05146.jpg,ood_test,test
standfordcars_5225,02629.jpg,ood_test,test
standfordcars_5226,03537.jpg,ood_test,test
standfordcars_5227,04258.jpg,ood_test,test
standfordcars_5228,07779.jpg,ood_test,test
standfordcars_5229,00016.jpg,ood_test,test
standfordcars_5230,01308.jpg,ood_test,test
standfordcars_5231,06467.jpg,ood_test,test
standfordcars_5232,02601.jpg,ood_test,test
standfordcars_5233,04270.jpg,ood_test,test
standfordcars_5234,04516.jpg,ood_test,test
standfordcars_5235,03279.jpg,ood_test,test
standfordcars_5236,02167.jpg,ood_test,test
standfordcars_5237,05608.jpg,ood_test,test
standfordcars_5238,06301.jpg,ood_test,test
standfordcars_5239,00770.jpg,ood_test,test
standfordcars_5240,06315.jpg,ood_test,test
standfordcars_5241,00764.jpg,ood_test,test
standfordcars_5242,04502.jpg,ood_test,test
standfordcars_5243,02173.jpg,ood_test,test
standfordcars_5244,02615.jpg,ood_test,test
standfordcars_5245,04264.jpg,ood_test,test
standfordcars_5246,00002.jpg,ood_test,test
standfordcars_5247,06473.jpg,ood_test,test
standfordcars_5248,06498.jpg,ood_test,test
standfordcars_5249,07786.jpg,ood_test,test
standfordcars_5250,02826.jpg,ood_test,test
standfordcars_5251,05191.jpg,ood_test,test
standfordcars_5252,02198.jpg,ood_test,test
standfordcars_5253,03286.jpg,ood_test,test
standfordcars_5254,00957.jpg,ood_test,test
standfordcars_5255,01491.jpg,ood_test,test
standfordcars_5256,00943.jpg,ood_test,test
standfordcars_5257,01485.jpg,ood_test,test
standfordcars_5258,03292.jpg,ood_test,test
standfordcars_5259,02832.jpg,ood_test,test
standfordcars_5260,05185.jpg,ood_test,test
standfordcars_5261,07792.jpg,ood_test,test
standfordcars_5262,07962.jpg,ood_test,test
standfordcars_5263,05813.jpg,ood_test,test
standfordcars_5264,05807.jpg,ood_test,test
standfordcars_5265,07976.jpg,ood_test,test
standfordcars_5266,05806.jpg,ood_test,test
standfordcars_5267,07977.jpg,ood_test,test
standfordcars_5268,07963.jpg,ood_test,test
standfordcars_5269,05812.jpg,ood_test,test
standfordcars_5270,03293.jpg,ood_test,test
standfordcars_5271,01484.jpg,ood_test,test
standfordcars_5272,00942.jpg,ood_test,test
standfordcars_5273,07793.jpg,ood_test,test
standfordcars_5274,05184.jpg,ood_test,test
standfordcars_5275,02833.jpg,ood_test,test
standfordcars_5276,05190.jpg,ood_test,test
standfordcars_5277,02827.jpg,ood_test,test
standfordcars_5278,07787.jpg,ood_test,test
standfordcars_5279,06499.jpg,ood_test,test
standfordcars_5280,01490.jpg,ood_test,test
standfordcars_5281,00956.jpg,ood_test,test
standfordcars_5282,03287.jpg,ood_test,test
standfordcars_5283,02199.jpg,ood_test,test
standfordcars_5284,02172.jpg,ood_test,test
standfordcars_5285,04503.jpg,ood_test,test
standfordcars_5286,00765.jpg,ood_test,test
standfordcars_5287,06314.jpg,ood_test,test
standfordcars_5288,06472.jpg,ood_test,test
standfordcars_5289,00003.jpg,ood_test,test
standfordcars_5290,04265.jpg,ood_test,test
standfordcars_5291,02614.jpg,ood_test,test
standfordcars_5292,04271.jpg,ood_test,test
standfordcars_5293,02600.jpg,ood_test,test
standfordcars_5294,06466.jpg,ood_test,test
standfordcars_5295,01309.jpg,ood_test,test
standfordcars_5296,00017.jpg,ood_test,test
standfordcars_5297,07778.jpg,ood_test,test
standfordcars_5298,00771.jpg,ood_test,test
standfordcars_5299,06300.jpg,ood_test,test
standfordcars_5300,05609.jpg,ood_test,test
standfordcars_5301,02166.jpg,ood_test,test
standfordcars_5302,03278.jpg,ood_test,test
standfordcars_5303,04517.jpg,ood_test,test
standfordcars_5304,07036.jpg,ood_test,test
standfordcars_5305,00759.jpg,ood_test,test
standfordcars_5306,01447.jpg,ood_test,test
standfordcars_5307,00981.jpg,ood_test,test
standfordcars_5308,06328.jpg,ood_test,test
standfordcars_5309,05621.jpg,ood_test,test
standfordcars_5310,03250.jpg,ood_test,test
standfordcars_5311,04259.jpg,ood_test,test
standfordcars_5312,03536.jpg,ood_test,test
standfordcars_5313,02628.jpg,ood_test,test
standfordcars_5314,05147.jpg,ood_test,test
standfordcars_5315,01321.jpg,ood_test,test
standfordcars_5316,07988.jpg,ood_test,test
standfordcars_5317,07750.jpg,ood_test,test
standfordcars_5318,01335.jpg,ood_test,test
standfordcars_5319,07744.jpg,ood_test,test
standfordcars_5320,03522.jpg,ood_test,test
standfordcars_5321,05153.jpg,ood_test,test
standfordcars_5322,05635.jpg,ood_test,test
standfordcars_5323,03244.jpg,ood_test,test
standfordcars_5324,07022.jpg,ood_test,test
standfordcars_5325,01453.jpg,ood_test,test
standfordcars_5326,00995.jpg,ood_test,test
standfordcars_5327,03913.jpg,ood_test,test
standfordcars_5328,01862.jpg,ood_test,test
standfordcars_5329,01876.jpg,ood_test,test
standfordcars_5330,03907.jpg,ood_test,test
standfordcars_5331,04098.jpg,ood_test,test
standfordcars_5332,05386.jpg,ood_test,test
standfordcars_5333,07591.jpg,ood_test,test
standfordcars_5334,06857.jpg,ood_test,test
standfordcars_5335,00598.jpg,ood_test,test
standfordcars_5336,01686.jpg,ood_test,test
standfordcars_5337,04926.jpg,ood_test,test
standfordcars_5338,03091.jpg,ood_test,test
standfordcars_5339,04932.jpg,ood_test,test
standfordcars_5340,03085.jpg,ood_test,test
standfordcars_5341,01692.jpg,ood_test,test
standfordcars_5342,07585.jpg,ood_test,test
standfordcars_5343,06843.jpg,ood_test,test
standfordcars_5344,05392.jpg,ood_test,test
standfordcars_5345,05379.jpg,ood_test,test
standfordcars_5346,02416.jpg,ood_test,test
standfordcars_5347,03708.jpg,ood_test,test
standfordcars_5348,04067.jpg,ood_test,test
standfordcars_5349,00201.jpg,ood_test,test
standfordcars_5350,06670.jpg,ood_test,test
standfordcars_5351,06116.jpg,ood_test,test
standfordcars_5352,01679.jpg,ood_test,test
standfordcars_5353,00567.jpg,ood_test,test
standfordcars_5354,07208.jpg,ood_test,test
standfordcars_5355,04701.jpg,ood_test,test
standfordcars_5356,02370.jpg,ood_test,test
standfordcars_5357,04715.jpg,ood_test,test
standfordcars_5358,02364.jpg,ood_test,test
standfordcars_5359,06102.jpg,ood_test,test
standfordcars_5360,00573.jpg,ood_test,test
standfordcars_5361,00215.jpg,ood_test,test
standfordcars_5362,06664.jpg,ood_test,test
standfordcars_5363,02402.jpg,ood_test,test
standfordcars_5364,04073.jpg,ood_test,test
standfordcars_5365,07552.jpg,ood_test,test
standfordcars_5366,06894.jpg,ood_test,test
standfordcars_5367,01123.jpg,ood_test,test
standfordcars_5368,05345.jpg,ood_test,test
standfordcars_5369,03734.jpg,ood_test,test
standfordcars_5370,03052.jpg,ood_test,test
standfordcars_5371,05423.jpg,ood_test,test
standfordcars_5372,01645.jpg,ood_test,test
standfordcars_5373,07234.jpg,ood_test,test
standfordcars_5374,01651.jpg,ood_test,test
standfordcars_5375,07220.jpg,ood_test,test
standfordcars_5376,01889.jpg,ood_test,test
standfordcars_5377,04729.jpg,ood_test,test
standfordcars_5378,03046.jpg,ood_test,test
standfordcars_5379,02358.jpg,ood_test,test
standfordcars_5380,05437.jpg,ood_test,test
standfordcars_5381,05351.jpg,ood_test,test
standfordcars_5382,03720.jpg,ood_test,test
standfordcars_5383,07546.jpg,ood_test,test
standfordcars_5384,06880.jpg,ood_test,test
standfordcars_5385,00229.jpg,ood_test,test
standfordcars_5386,01137.jpg,ood_test,test
standfordcars_5387,06658.jpg,ood_test,test
standfordcars_5388,03867.jpg,ood_test,test
standfordcars_5389,01916.jpg,ood_test,test
standfordcars_5390,01902.jpg,ood_test,test
standfordcars_5391,03873.jpg,ood_test,test
standfordcars_5392,03683.jpg,ood_test,test
standfordcars_5393,06923.jpg,ood_test,test
standfordcars_5394,01094.jpg,ood_test,test
standfordcars_5395,07383.jpg,ood_test,test
standfordcars_5396,05594.jpg,ood_test,test
standfordcars_5397,04852.jpg,ood_test,test
standfordcars_5398,05580.jpg,ood_test,test
standfordcars_5399,04846.jpg,ood_test,test
standfordcars_5400,06089.jpg,ood_test,test
standfordcars_5401,07397.jpg,ood_test,test
standfordcars_5402,06937.jpg,ood_test,test
standfordcars_5403,01080.jpg,ood_test,test
standfordcars_5404,02589.jpg,ood_test,test
standfordcars_5405,03697.jpg,ood_test,test
standfordcars_5406,04113.jpg,ood_test,test
standfordcars_5407,02562.jpg,ood_test,test
standfordcars_5408,06704.jpg,ood_test,test
standfordcars_5409,00375.jpg,ood_test,test
standfordcars_5410,00413.jpg,ood_test,test
standfordcars_5411,06062.jpg,ood_test,test
standfordcars_5412,02204.jpg,ood_test,test
standfordcars_5413,04675.jpg,ood_test,test
standfordcars_5414,02210.jpg,ood_test,test
standfordcars_5415,04661.jpg,ood_test,test
standfordcars_5416,07368.jpg,ood_test,test
standfordcars_5417,00407.jpg,ood_test,test
standfordcars_5418,01719.jpg,ood_test,test
standfordcars_5419,06076.jpg,ood_test,test
standfordcars_5420,06710.jpg,ood_test,test
standfordcars_5421,00361.jpg,ood_test,test
standfordcars_5422,04107.jpg,ood_test,test
standfordcars_5423,03668.jpg,ood_test,test
standfordcars_5424,02576.jpg,ood_test,test
standfordcars_5425,05219.jpg,ood_test,test
standfordcars_5426,06738.jpg,ood_test,test
standfordcars_5427,01057.jpg,ood_test,test
standfordcars_5428,00349.jpg,ood_test,test
standfordcars_5429,07426.jpg,ood_test,test
standfordcars_5430,03640.jpg,ood_test,test
standfordcars_5431,03898.jpg,ood_test,test
standfordcars_5432,05231.jpg,ood_test,test
standfordcars_5433,05557.jpg,ood_test,test
standfordcars_5434,02238.jpg,ood_test,test
standfordcars_5435,04891.jpg,ood_test,test
standfordcars_5436,03126.jpg,ood_test,test
standfordcars_5437,04649.jpg,ood_test,test
standfordcars_5438,07340.jpg,ood_test,test
standfordcars_5439,01731.jpg,ood_test,test
standfordcars_5440,07354.jpg,ood_test,test
standfordcars_5441,01725.jpg,ood_test,test
standfordcars_5442,05543.jpg,ood_test,test
standfordcars_5443,04885.jpg,ood_test,test
standfordcars_5444,03132.jpg,ood_test,test
standfordcars_5445,03654.jpg,ood_test,test
standfordcars_5446,05225.jpg,ood_test,test
standfordcars_5447,01043.jpg,ood_test,test
standfordcars_5448,07432.jpg,ood_test,test
standfordcars_5449,05972.jpg,ood_test,test
standfordcars_5450,07803.jpg,ood_test,test
standfordcars_5451,07817.jpg,ood_test,test
standfordcars_5452,05966.jpg,ood_test,test
standfordcars_5453,05796.jpg,ood_test,test
standfordcars_5454,04488.jpg,ood_test,test
standfordcars_5455,07181.jpg,ood_test,test
standfordcars_5456,00836.jpg,ood_test,test
standfordcars_5457,01296.jpg,ood_test,test
standfordcars_5458,00188.jpg,ood_test,test
standfordcars_5459,03481.jpg,ood_test,test
standfordcars_5460,02947.jpg,ood_test,test
standfordcars_5461,03495.jpg,ood_test,test
standfordcars_5462,02953.jpg,ood_test,test
standfordcars_5463,01282.jpg,ood_test,test
standfordcars_5464,07195.jpg,ood_test,test
standfordcars_5465,00822.jpg,ood_test,test
standfordcars_5466,05782.jpg,ood_test,test
standfordcars_5467,04477.jpg,ood_test,test
standfordcars_5468,03318.jpg,ood_test,test
standfordcars_5469,02006.jpg,ood_test,test
standfordcars_5470,05769.jpg,ood_test,test
standfordcars_5471,06260.jpg,ood_test,test
standfordcars_5472,00611.jpg,ood_test,test
standfordcars_5473,07618.jpg,ood_test,test
standfordcars_5474,00177.jpg,ood_test,test
standfordcars_5475,01269.jpg,ood_test,test
standfordcars_5476,06506.jpg,ood_test,test
standfordcars_5477,02760.jpg,ood_test,test
standfordcars_5478,04311.jpg,ood_test,test
standfordcars_5479,02774.jpg,ood_test,test
standfordcars_5480,04305.jpg,ood_test,test
standfordcars_5481,00163.jpg,ood_test,test
standfordcars_5482,06512.jpg,ood_test,test
standfordcars_5483,06274.jpg,ood_test,test
standfordcars_5484,00605.jpg,ood_test,test
standfordcars_5485,04463.jpg,ood_test,test
standfordcars_5486,02012.jpg,ood_test,test
standfordcars_5487,01533.jpg,ood_test,test
standfordcars_5488,07142.jpg,ood_test,test
standfordcars_5489,03324.jpg,ood_test,test
standfordcars_5490,05755.jpg,ood_test,test
standfordcars_5491,05033.jpg,ood_test,test
standfordcars_5492,03442.jpg,ood_test,test
standfordcars_5493,02984.jpg,ood_test,test
standfordcars_5494,07624.jpg,ood_test,test
standfordcars_5495,01255.jpg,ood_test,test
standfordcars_5496,07630.jpg,ood_test,test
standfordcars_5497,01241.jpg,ood_test,test
standfordcars_5498,05027.jpg,ood_test,test
standfordcars_5499,02748.jpg,ood_test,test
standfordcars_5500,03456.jpg,ood_test,test
standfordcars_5501,04339.jpg,ood_test,test
standfordcars_5502,02990.jpg,ood_test,test
standfordcars_5503,05999.jpg,ood_test,test
standfordcars_5504,03330.jpg,ood_test,test
standfordcars_5505,05741.jpg,ood_test,test
standfordcars_5506,06248.jpg,ood_test,test
standfordcars_5507,01527.jpg,ood_test,test
standfordcars_5508,00639.jpg,ood_test,test
standfordcars_5509,07156.jpg,ood_test,test
standfordcars_5510,06538.jpg,ood_test,test
standfordcars_5511,01257.jpg,ood_test,test
standfordcars_5512,00149.jpg,ood_test,test
standfordcars_5513,07626.jpg,ood_test,test
standfordcars_5514,02986.jpg,ood_test,test
standfordcars_5515,03440.jpg,ood_test,test
standfordcars_5516,05031.jpg,ood_test,test
standfordcars_5517,05757.jpg,ood_test,test
standfordcars_5518,02038.jpg,ood_test,test
standfordcars_5519,03326.jpg,ood_test,test
standfordcars_5520,04449.jpg,ood_test,test
standfordcars_5521,07140.jpg,ood_test,test
standfordcars_5522,01531.jpg,ood_test,test
standfordcars_5523,07154.jpg,ood_test,test
standfordcars_5524,01525.jpg,ood_test,test
standfordcars_5525,05743.jpg,ood_test,test
standfordcars_5526,03332.jpg,ood_test,test
standfordcars_5527,02992.jpg,ood_test,test
standfordcars_5528,03454.jpg,ood_test,test
standfordcars_5529,05025.jpg,ood_test,test
standfordcars_5530,01243.jpg,ood_test,test
standfordcars_5531,07632.jpg,ood_test,test
standfordcars_5532,04313.jpg,ood_test,test
standfordcars_5533,02762.jpg,ood_test,test
standfordcars_5534,06504.jpg,ood_test,test
standfordcars_5535,00175.jpg,ood_test,test
standfordcars_5536,00613.jpg,ood_test,test
standfordcars_5537,06262.jpg,ood_test,test
standfordcars_5538,02004.jpg,ood_test,test
standfordcars_5539,04475.jpg,ood_test,test
standfordcars_5540,02010.jpg,ood_test,test
standfordcars_5541,04461.jpg,ood_test,test
standfordcars_5542,07168.jpg,ood_test,test
standfordcars_5543,00607.jpg,ood_test,test
standfordcars_5544,01519.jpg,ood_test,test
standfordcars_5545,06276.jpg,ood_test,test
standfordcars_5546,06510.jpg,ood_test,test
standfordcars_5547,00161.jpg,ood_test,test
standfordcars_5548,04307.jpg,ood_test,test
standfordcars_5549,03468.jpg,ood_test,test
standfordcars_5550,02776.jpg,ood_test,test
standfordcars_5551,05019.jpg,ood_test,test
standfordcars_5552,02945.jpg,ood_test,test
standfordcars_5553,03483.jpg,ood_test,test
standfordcars_5554,01294.jpg,ood_test,test
standfordcars_5555,00834.jpg,ood_test,test
standfordcars_5556,07183.jpg,ood_test,test
standfordcars_5557,05794.jpg,ood_test,test
standfordcars_5558,05958.jpg,ood_test,test
standfordcars_5559,05780.jpg,ood_test,test
standfordcars_5560,00820.jpg,ood_test,test
standfordcars_5561,06289.jpg,ood_test,test
standfordcars_5562,07197.jpg,ood_test,test
standfordcars_5563,01280.jpg,ood_test,test
standfordcars_5564,07829.jpg,ood_test,test
standfordcars_5565,02789.jpg,ood_test,test
standfordcars_5566,02951.jpg,ood_test,test
standfordcars_5567,03497.jpg,ood_test,test
standfordcars_5568,07801.jpg,ood_test,test
standfordcars_5569,02979.jpg,ood_test,test
standfordcars_5570,05970.jpg,ood_test,test
standfordcars_5571,00808.jpg,ood_test,test
standfordcars_5572,05964.jpg,ood_test,test
standfordcars_5573,07815.jpg,ood_test,test
standfordcars_5574,01733.jpg,ood_test,test
standfordcars_5575,07342.jpg,ood_test,test
standfordcars_5576,03124.jpg,ood_test,test
standfordcars_5577,04893.jpg,ood_test,test
standfordcars_5578,05555.jpg,ood_test,test
standfordcars_5579,05233.jpg,ood_test,test
standfordcars_5580,03642.jpg,ood_test,test
standfordcars_5581,07424.jpg,ood_test,test
standfordcars_5582,01055.jpg,ood_test,test
standfordcars_5583,07430.jpg,ood_test,test
standfordcars_5584,01041.jpg,ood_test,test
standfordcars_5585,05227.jpg,ood_test,test
standfordcars_5586,02548.jpg,ood_test,test
standfordcars_5587,03656.jpg,ood_test,test
standfordcars_5588,04139.jpg,ood_test,test
standfordcars_5589,03130.jpg,ood_test,test
standfordcars_5590,04887.jpg,ood_test,test
standfordcars_5591,05541.jpg,ood_test,test
standfordcars_5592,06048.jpg,ood_test,test
standfordcars_5593,01727.jpg,ood_test,test
standfordcars_5594,00439.jpg,ood_test,test
standfordcars_5595,07356.jpg,ood_test,test
standfordcars_5596,04677.jpg,ood_test,test
standfordcars_5597,03118.jpg,ood_test,test
standfordcars_5598,02206.jpg,ood_test,test
standfordcars_5599,05569.jpg,ood_test,test
standfordcars_5600,06060.jpg,ood_test,test
standfordcars_5601,00411.jpg,ood_test,test
standfordcars_5602,07418.jpg,ood_test,test
standfordcars_5603,00377.jpg,ood_test,test
standfordcars_5604,01069.jpg,ood_test,test
standfordcars_5605,06706.jpg,ood_test,test
standfordcars_5606,02560.jpg,ood_test,test
standfordcars_5607,04111.jpg,ood_test,test
standfordcars_5608,02574.jpg,ood_test,test
standfordcars_5609,04105.jpg,ood_test,test
standfordcars_5610,00363.jpg,ood_test,test
standfordcars_5611,06712.jpg,ood_test,test
standfordcars_5612,06074.jpg,ood_test,test
standfordcars_5613,00405.jpg,ood_test,test
standfordcars_5614,04663.jpg,ood_test,test
standfordcars_5615,02212.jpg,ood_test,test
standfordcars_5616,04850.jpg,ood_test,test
standfordcars_5617,05596.jpg,ood_test,test
standfordcars_5618,04688.jpg,ood_test,test
standfordcars_5619,07381.jpg,ood_test,test
standfordcars_5620,01928.jpg,ood_test,test
standfordcars_5621,01096.jpg,ood_test,test
standfordcars_5622,06921.jpg,ood_test,test
standfordcars_5623,00388.jpg,ood_test,test
standfordcars_5624,03681.jpg,ood_test,test
standfordcars_5625,03859.jpg,ood_test,test
standfordcars_5626,03695.jpg,ood_test,test
standfordcars_5627,01082.jpg,ood_test,test
standfordcars_5628,06935.jpg,ood_test,test
standfordcars_5629,07395.jpg,ood_test,test
standfordcars_5630,04844.jpg,ood_test,test
standfordcars_5631,05582.jpg,ood_test,test
standfordcars_5632,01914.jpg,ood_test,test
standfordcars_5633,03865.jpg,ood_test,test
standfordcars_5634,06909.jpg,ood_test,test
standfordcars_5635,03871.jpg,ood_test,test
standfordcars_5636,04878.jpg,ood_test,test
standfordcars_5637,01900.jpg,ood_test,test
standfordcars_5638,07236.jpg,ood_test,test
standfordcars_5639,00559.jpg,ood_test,test
standfordcars_5640,01647.jpg,ood_test,test
standfordcars_5641,06128.jpg,ood_test,test
standfordcars_5642,05421.jpg,ood_test,test
standfordcars_5643,03050.jpg,ood_test,test
standfordcars_5644,04059.jpg,ood_test,test
standfordcars_5645,03736.jpg,ood_test,test
standfordcars_5646,02428.jpg,ood_test,test
standfordcars_5647,05347.jpg,ood_test,test
standfordcars_5648,01121.jpg,ood_test,test
standfordcars_5649,06896.jpg,ood_test,test
standfordcars_5650,07550.jpg,ood_test,test
standfordcars_5651,01135.jpg,ood_test,test
standfordcars_5652,06882.jpg,ood_test,test
standfordcars_5653,07544.jpg,ood_test,test
standfordcars_5654,03722.jpg,ood_test,test
standfordcars_5655,05353.jpg,ood_test,test
standfordcars_5656,05435.jpg,ood_test,test
standfordcars_5657,03044.jpg,ood_test,test
standfordcars_5658,07222.jpg,ood_test,test
standfordcars_5659,01653.jpg,ood_test,test
standfordcars_5660,02372.jpg,ood_test,test
standfordcars_5661,04703.jpg,ood_test,test
standfordcars_5662,00565.jpg,ood_test,test
standfordcars_5663,06114.jpg,ood_test,test
standfordcars_5664,06672.jpg,ood_test,test
standfordcars_5665,00203.jpg,ood_test,test
standfordcars_5666,04065.jpg,ood_test,test
standfordcars_5667,02414.jpg,ood_test,test
standfordcars_5668,04071.jpg,ood_test,test
standfordcars_5669,02400.jpg,ood_test,test
standfordcars_5670,06666.jpg,ood_test,test
standfordcars_5671,01109.jpg,ood_test,test
standfordcars_5672,00217.jpg,ood_test,test
standfordcars_5673,07578.jpg,ood_test,test
standfordcars_5674,00571.jpg,ood_test,test
standfordcars_5675,06100.jpg,ood_test,test
standfordcars_5676,05409.jpg,ood_test,test
standfordcars_5677,02366.jpg,ood_test,test
standfordcars_5678,03078.jpg,ood_test,test
standfordcars_5679,04717.jpg,ood_test,test
standfordcars_5680,03093.jpg,ood_test,test
standfordcars_5681,04924.jpg,ood_test,test
standfordcars_5682,01684.jpg,ood_test,test
standfordcars_5683,06855.jpg,ood_test,test
standfordcars_5684,07593.jpg,ood_test,test
standfordcars_5685,05384.jpg,ood_test,test
standfordcars_5686,03939.jpg,ood_test,test
standfordcars_5687,05390.jpg,ood_test,test
standfordcars_5688,06841.jpg,ood_test,test
standfordcars_5689,07587.jpg,ood_test,test
standfordcars_5690,06699.jpg,ood_test,test
standfordcars_5691,01690.jpg,ood_test,test
standfordcars_5692,01848.jpg,ood_test,test
standfordcars_5693,03087.jpg,ood_test,test
standfordcars_5694,02399.jpg,ood_test,test
standfordcars_5695,04930.jpg,ood_test,test
standfordcars_5696,01860.jpg,ood_test,test
standfordcars_5697,04918.jpg,ood_test,test
standfordcars_5698,03911.jpg,ood_test,test
standfordcars_5699,06869.jpg,ood_test,test
standfordcars_5700,03905.jpg,ood_test,test
standfordcars_5701,01874.jpg,ood_test,test
standfordcars_5702,07752.jpg,ood_test,test
standfordcars_5703,01323.jpg,ood_test,test
standfordcars_5704,05145.jpg,ood_test,test
standfordcars_5705,03534.jpg,ood_test,test
standfordcars_5706,03252.jpg,ood_test,test
standfordcars_5707,05623.jpg,ood_test,test
standfordcars_5708,00983.jpg,ood_test,test
standfordcars_5709,01445.jpg,ood_test,test
standfordcars_5710,07034.jpg,ood_test,test
standfordcars_5711,00997.jpg,ood_test,test
standfordcars_5712,01451.jpg,ood_test,test
standfordcars_5713,07020.jpg,ood_test,test
standfordcars_5714,04529.jpg,ood_test,test
standfordcars_5715,03246.jpg,ood_test,test
standfordcars_5716,02158.jpg,ood_test,test
standfordcars_5717,05637.jpg,ood_test,test
standfordcars_5718,05151.jpg,ood_test,test
standfordcars_5719,03520.jpg,ood_test,test
standfordcars_5720,07746.jpg,ood_test,test
standfordcars_5721,00029.jpg,ood_test,test
standfordcars_5722,01337.jpg,ood_test,test
standfordcars_5723,06458.jpg,ood_test,test
standfordcars_5724,05179.jpg,ood_test,test
standfordcars_5725,02616.jpg,ood_test,test
standfordcars_5726,03508.jpg,ood_test,test
standfordcars_5727,04267.jpg,ood_test,test
standfordcars_5728,00001.jpg,ood_test,test
standfordcars_5729,06470.jpg,ood_test,test
standfordcars_5730,06316.jpg,ood_test,test
standfordcars_5731,01479.jpg,ood_test,test
standfordcars_5732,00767.jpg,ood_test,test
standfordcars_5733,07008.jpg,ood_test,test
standfordcars_5734,04501.jpg,ood_test,test
standfordcars_5735,02170.jpg,ood_test,test
standfordcars_5736,04515.jpg,ood_test,test
standfordcars_5737,02164.jpg,ood_test,test
standfordcars_5738,06302.jpg,ood_test,test
standfordcars_5739,00773.jpg,ood_test,test
standfordcars_5740,00015.jpg,ood_test,test
standfordcars_5741,06464.jpg,ood_test,test
standfordcars_5742,02602.jpg,ood_test,test
standfordcars_5743,04273.jpg,ood_test,test
standfordcars_5744,04298.jpg,ood_test,test
standfordcars_5745,02831.jpg,ood_test,test
standfordcars_5746,05186.jpg,ood_test,test
standfordcars_5747,07949.jpg,ood_test,test
standfordcars_5748,07791.jpg,ood_test,test
standfordcars_5749,00798.jpg,ood_test,test
standfordcars_5750,00940.jpg,ood_test,test
standfordcars_5751,01486.jpg,ood_test,test
standfordcars_5752,05838.jpg,ood_test,test
standfordcars_5753,03291.jpg,ood_test,test
standfordcars_5754,03285.jpg,ood_test,test
standfordcars_5755,00954.jpg,ood_test,test
standfordcars_5756,01492.jpg,ood_test,test
standfordcars_5757,07785.jpg,ood_test,test
standfordcars_5758,02825.jpg,ood_test,test
standfordcars_5759,05192.jpg,ood_test,test
standfordcars_5760,07975.jpg,ood_test,test
standfordcars_5761,05804.jpg,ood_test,test
standfordcars_5762,00968.jpg,ood_test,test
standfordcars_5763,05810.jpg,ood_test,test
standfordcars_5764,02819.jpg,ood_test,test
standfordcars_5765,07961.jpg,ood_test,test
standfordcars_5766,05811.jpg,ood_test,test
standfordcars_5767,00969.jpg,ood_test,test
standfordcars_5768,07960.jpg,ood_test,test
standfordcars_5769,02818.jpg,ood_test,test
standfordcars_5770,07974.jpg,ood_test,test
standfordcars_5771,05805.jpg,ood_test,test
standfordcars_5772,01493.jpg,ood_test,test
standfordcars_5773,00955.jpg,ood_test,test
standfordcars_5774,03284.jpg,ood_test,test
standfordcars_5775,05193.jpg,ood_test,test
standfordcars_5776,02824.jpg,ood_test,test
standfordcars_5777,07784.jpg,ood_test,test
standfordcars_5778,07790.jpg,ood_test,test
standfordcars_5779,07948.jpg,ood_test,test
standfordcars_5780,05187.jpg,ood_test,test
standfordcars_5781,02830.jpg,ood_test,test
standfordcars_5782,04299.jpg,ood_test,test
standfordcars_5783,03290.jpg,ood_test,test
standfordcars_5784,05839.jpg,ood_test,test
standfordcars_5785,01487.jpg,ood_test,test
standfordcars_5786,00941.jpg,ood_test,test
standfordcars_5787,00799.jpg,ood_test,test
standfordcars_5788,00772.jpg,ood_test,test
standfordcars_5789,06303.jpg,ood_test,test
standfordcars_5790,02165.jpg,ood_test,test
standfordcars_5791,04514.jpg,ood_test,test
standfordcars_5792,04272.jpg,ood_test,test
standfordcars_5793,02603.jpg,ood_test,test
standfordcars_5794,06465.jpg,ood_test,test
standfordcars_5795,00014.jpg,ood_test,test
standfordcars_5796,06471.jpg,ood_test,test
standfordcars_5797,04266.jpg,ood_test,test
standfordcars_5798,03509.jpg,ood_test,test
standfordcars_5799,02617.jpg,ood_test,test
standfordcars_5800,05178.jpg,ood_test,test
standfordcars_5801,02171.jpg,ood_test,test
standfordcars_5802,04500.jpg,ood_test,test
standfordcars_5803,07009.jpg,ood_test,test
standfordcars_5804,00766.jpg,ood_test,test
standfordcars_5805,01478.jpg,ood_test,test
standfordcars_5806,06317.jpg,ood_test,test
standfordcars_5807,05636.jpg,ood_test,test
standfordcars_5808,02159.jpg,ood_test,test
standfordcars_5809,03247.jpg,ood_test,test
standfordcars_5810,04528.jpg,ood_test,test
standfordcars_5811,07021.jpg,ood_test,test
standfordcars_5812,01450.jpg,ood_test,test
standfordcars_5813,00996.jpg,ood_test,test
standfordcars_5814,06459.jpg,ood_test,test
standfordcars_5815,01336.jpg,ood_test,test
standfordcars_5816,00028.jpg,ood_test,test
standfordcars_5817,07747.jpg,ood_test,test
standfordcars_5818,03521.jpg,ood_test,test
standfordcars_5819,05150.jpg,ood_test,test
standfordcars_5820,03535.jpg,ood_test,test
standfordcars_5821,05144.jpg,ood_test,test
standfordcars_5822,01322.jpg,ood_test,test
standfordcars_5823,07753.jpg,ood_test,test
standfordcars_5824,07035.jpg,ood_test,test
standfordcars_5825,01444.jpg,ood_test,test
standfordcars_5826,00982.jpg,ood_test,test
standfordcars_5827,05622.jpg,ood_test,test
standfordcars_5828,03253.jpg,ood_test,test
standfordcars_5829,03904.jpg,ood_test,test
standfordcars_5830,01875.jpg,ood_test,test
standfordcars_5831,04919.jpg,ood_test,test
standfordcars_5832,01861.jpg,ood_test,test
standfordcars_5833,06868.jpg,ood_test,test
standfordcars_5834,03910.jpg,ood_test,test
standfordcars_5835,06698.jpg,ood_test,test
standfordcars_5836,07586.jpg,ood_test,test
standfordcars_5837,06840.jpg,ood_test,test
standfordcars_5838,05391.jpg,ood_test,test
standfordcars_5839,03938.jpg,ood_test,test
standfordcars_5840,04931.jpg,ood_test,test
standfordcars_5841,02398.jpg,ood_test,test
standfordcars_5842,03086.jpg,ood_test,test
standfordcars_5843,01849.jpg,ood_test,test
standfordcars_5844,01691.jpg,ood_test,test
standfordcars_5845,01685.jpg,ood_test,test
standfordcars_5846,04925.jpg,ood_test,test
standfordcars_5847,03092.jpg,ood_test,test
standfordcars_5848,05385.jpg,ood_test,test
standfordcars_5849,07592.jpg,ood_test,test
standfordcars_5850,06854.jpg,ood_test,test
standfordcars_5851,07579.jpg,ood_test,test
standfordcars_5852,00216.jpg,ood_test,test
standfordcars_5853,01108.jpg,ood_test,test
standfordcars_5854,06667.jpg,ood_test,test
standfordcars_5855,02401.jpg,ood_test,test
standfordcars_5856,04070.jpg,ood_test,test
standfordcars_5857,04716.jpg,ood_test,test
standfordcars_5858,03079.jpg,ood_test,test
standfordcars_5859,02367.jpg,ood_test,test
standfordcars_5860,05408.jpg,ood_test,test
standfordcars_5861,06101.jpg,ood_test,test
standfordcars_5862,00570.jpg,ood_test,test
standfordcars_5863,06115.jpg,ood_test,test
standfordcars_5864,00564.jpg,ood_test,test
standfordcars_5865,04702.jpg,ood_test,test
standfordcars_5866,02373.jpg,ood_test,test
standfordcars_5867,02415.jpg,ood_test,test
standfordcars_5868,04064.jpg,ood_test,test
standfordcars_5869,00202.jpg,ood_test,test
standfordcars_5870,06673.jpg,ood_test,test
standfordcars_5871,05352.jpg,ood_test,test
standfordcars_5872,03723.jpg,ood_test,test
standfordcars_5873,07545.jpg,ood_test,test
standfordcars_5874,06883.jpg,ood_test,test
standfordcars_5875,01134.jpg,ood_test,test
standfordcars_5876,01652.jpg,ood_test,test
standfordcars_5877,07223.jpg,ood_test,test
standfordcars_5878,03045.jpg,ood_test,test
standfordcars_5879,05434.jpg,ood_test,test
standfordcars_5880,03051.jpg,ood_test,test
standfordcars_5881,05420.jpg,ood_test,test
standfordcars_5882,06129.jpg,ood_test,test
standfordcars_5883,01646.jpg,ood_test,test
standfordcars_5884,00558.jpg,ood_test,test
standfordcars_5885,07237.jpg,ood_test,test
standfordcars_5886,07551.jpg,ood_test,test
standfordcars_5887,06897.jpg,ood_test,test
standfordcars_5888,01120.jpg,ood_test,test
standfordcars_5889,05346.jpg,ood_test,test
standfordcars_5890,02429.jpg,ood_test,test
standfordcars_5891,03737.jpg,ood_test,test
standfordcars_5892,04058.jpg,ood_test,test
standfordcars_5893,03870.jpg,ood_test,test
standfordcars_5894,06908.jpg,ood_test,test
standfordcars_5895,01901.jpg,ood_test,test
standfordcars_5896,04879.jpg,ood_test,test
standfordcars_5897,01915.jpg,ood_test,test
standfordcars_5898,03864.jpg,ood_test,test
standfordcars_5899,06934.jpg,ood_test,test
standfordcars_5900,01083.jpg,ood_test,test
standfordcars_5901,03694.jpg,ood_test,test
standfordcars_5902,05583.jpg,ood_test,test
standfordcars_5903,04845.jpg,ood_test,test
standfordcars_5904,07394.jpg,ood_test,test
standfordcars_5905,01929.jpg,ood_test,test
standfordcars_5906,07380.jpg,ood_test,test
standfordcars_5907,04689.jpg,ood_test,test
standfordcars_5908,05597.jpg,ood_test,test
standfordcars_5909,04851.jpg,ood_test,test
standfordcars_5910,03858.jpg,ood_test,test
standfordcars_5911,03680.jpg,ood_test,test
standfordcars_5912,00389.jpg,ood_test,test
standfordcars_5913,06920.jpg,ood_test,test
standfordcars_5914,01097.jpg,ood_test,test
standfordcars_5915,06713.jpg,ood_test,test
standfordcars_5916,00362.jpg,ood_test,test
standfordcars_5917,04104.jpg,ood_test,test
standfordcars_5918,02575.jpg,ood_test,test
standfordcars_5919,02213.jpg,ood_test,test
standfordcars_5920,04662.jpg,ood_test,test
standfordcars_5921,00404.jpg,ood_test,test
standfordcars_5922,06075.jpg,ood_test,test
standfordcars_5923,00410.jpg,ood_test,test
standfordcars_5924,06061.jpg,ood_test,test
standfordcars_5925,05568.jpg,ood_test,test
standfordcars_5926,02207.jpg,ood_test,test
standfordcars_5927,03119.jpg,ood_test,test
standfordcars_5928,04676.jpg,ood_test,test
standfordcars_5929,04110.jpg,ood_test,test
standfordcars_5930,02561.jpg,ood_test,test
standfordcars_5931,06707.jpg,ood_test,test
standfordcars_5932,01068.jpg,ood_test,test
standfordcars_5933,00376.jpg,ood_test,test
standfordcars_5934,07419.jpg,ood_test,test
standfordcars_5935,04138.jpg,ood_test,test
standfordcars_5936,03657.jpg,ood_test,test
standfordcars_5937,02549.jpg,ood_test,test
standfordcars_5938,05226.jpg,ood_test,test
standfordcars_5939,01040.jpg,ood_test,test
standfordcars_5940,07431.jpg,ood_test,test
standfordcars_5941,07357.jpg,ood_test,test
standfordcars_5942,00438.jpg,ood_test,test
standfordcars_5943,01726.jpg,ood_test,test
standfordcars_5944,06049.jpg,ood_test,test
standfordcars_5945,05540.jpg,ood_test,test
standfordcars_5946,04886.jpg,ood_test,test
standfordcars_5947,03131.jpg,ood_test,test
standfordcars_5948,05554.jpg,ood_test,test
standfordcars_5949,04892.jpg,ood_test,test
standfordcars_5950,03125.jpg,ood_test,test
standfordcars_5951,07343.jpg,ood_test,test
standfordcars_5952,01732.jpg,ood_test,test
standfordcars_5953,01054.jpg,ood_test,test
standfordcars_5954,07425.jpg,ood_test,test
standfordcars_5955,03643.jpg,ood_test,test
standfordcars_5956,05232.jpg,ood_test,test
standfordcars_5957,05965.jpg,ood_test,test
standfordcars_5958,07814.jpg,ood_test,test
standfordcars_5959,02978.jpg,ood_test,test
standfordcars_5960,07800.jpg,ood_test,test
standfordcars_5961,00809.jpg,ood_test,test
standfordcars_5962,05971.jpg,ood_test,test
standfordcars_5963,07196.jpg,ood_test,test
standfordcars_5964,06288.jpg,ood_test,test
standfordcars_5965,00821.jpg,ood_test,test
standfordcars_5966,05781.jpg,ood_test,test
standfordcars_5967,05959.jpg,ood_test,test
standfordcars_5968,03496.jpg,ood_test,test
standfordcars_5969,02950.jpg,ood_test,test
standfordcars_5970,02788.jpg,ood_test,test
standfordcars_5971,07828.jpg,ood_test,test
standfordcars_5972,01281.jpg,ood_test,test
standfordcars_5973,01295.jpg,ood_test,test
standfordcars_5974,03482.jpg,ood_test,test
standfordcars_5975,02944.jpg,ood_test,test
standfordcars_5976,05795.jpg,ood_test,test
standfordcars_5977,07182.jpg,ood_test,test
standfordcars_5978,00835.jpg,ood_test,test
standfordcars_5979,06277.jpg,ood_test,test
standfordcars_5980,01518.jpg,ood_test,test
standfordcars_5981,00606.jpg,ood_test,test
standfordcars_5982,07169.jpg,ood_test,test
standfordcars_5983,04460.jpg,ood_test,test
standfordcars_5984,02011.jpg,ood_test,test
standfordcars_5985,05018.jpg,ood_test,test
standfordcars_5986,02777.jpg,ood_test,test
standfordcars_5987,03469.jpg,ood_test,test
standfordcars_5988,04306.jpg,ood_test,test
standfordcars_5989,00160.jpg,ood_test,test
standfordcars_5990,06511.jpg,ood_test,test
standfordcars_5991,00174.jpg,ood_test,test
standfordcars_5992,06505.jpg,ood_test,test
standfordcars_5993,02763.jpg,ood_test,test
standfordcars_5994,04312.jpg,ood_test,test
standfordcars_5995,04474.jpg,ood_test,test
standfordcars_5996,02005.jpg,ood_test,test
standfordcars_5997,06263.jpg,ood_test,test
standfordcars_5998,00612.jpg,ood_test,test
standfordcars_5999,03333.jpg,ood_test,test
standfordcars_6000,05742.jpg,ood_test,test
standfordcars_6001,01524.jpg,ood_test,test
standfordcars_6002,07155.jpg,ood_test,test
standfordcars_6003,07633.jpg,ood_test,test
standfordcars_6004,01242.jpg,ood_test,test
standfordcars_6005,05024.jpg,ood_test,test
standfordcars_6006,03455.jpg,ood_test,test
standfordcars_6007,02993.jpg,ood_test,test
standfordcars_6008,05030.jpg,ood_test,test
standfordcars_6009,03441.jpg,ood_test,test
standfordcars_6010,02987.jpg,ood_test,test
standfordcars_6011,07627.jpg,ood_test,test
standfordcars_6012,00148.jpg,ood_test,test
standfordcars_6013,01256.jpg,ood_test,test
standfordcars_6014,06539.jpg,ood_test,test
standfordcars_6015,01530.jpg,ood_test,test
standfordcars_6016,07141.jpg,ood_test,test
standfordcars_6017,04448.jpg,ood_test,test
standfordcars_6018,03327.jpg,ood_test,test
standfordcars_6019,02039.jpg,ood_test,test
standfordcars_6020,05756.jpg,ood_test,test
standfordcars_6021,06562.jpg,ood_test,test
standfordcars_6022,00113.jpg,ood_test,test
standfordcars_6023,04375.jpg,ood_test,test
standfordcars_6024,02704.jpg,ood_test,test
standfordcars_6025,02062.jpg,ood_test,test
standfordcars_6026,04413.jpg,ood_test,test
standfordcars_6027,00675.jpg,ood_test,test
standfordcars_6028,06204.jpg,ood_test,test
standfordcars_6029,00661.jpg,ood_test,test
standfordcars_6030,06210.jpg,ood_test,test
standfordcars_6031,02076.jpg,ood_test,test
standfordcars_6032,05719.jpg,ood_test,test
standfordcars_6033,04407.jpg,ood_test,test
standfordcars_6034,03368.jpg,ood_test,test
standfordcars_6035,04361.jpg,ood_test,test
standfordcars_6036,02710.jpg,ood_test,test
standfordcars_6037,01219.jpg,ood_test,test
standfordcars_6038,06576.jpg,ood_test,test
standfordcars_6039,07668.jpg,ood_test,test
standfordcars_6040,00107.jpg,ood_test,test
standfordcars_6041,03426.jpg,ood_test,test
standfordcars_6042,04349.jpg,ood_test,test
standfordcars_6043,05057.jpg,ood_test,test
standfordcars_6044,02738.jpg,ood_test,test
standfordcars_6045,07898.jpg,ood_test,test
standfordcars_6046,01231.jpg,ood_test,test
standfordcars_6047,07640.jpg,ood_test,test
standfordcars_6048,00649.jpg,ood_test,test
standfordcars_6049,07126.jpg,ood_test,test
standfordcars_6050,06238.jpg,ood_test,test
standfordcars_6051,00891.jpg,ood_test,test
standfordcars_6052,01557.jpg,ood_test,test
standfordcars_6053,05731.jpg,ood_test,test
standfordcars_6054,03340.jpg,ood_test,test
standfordcars_6055,05725.jpg,ood_test,test
standfordcars_6056,03354.jpg,ood_test,test
standfordcars_6057,07132.jpg,ood_test,test
standfordcars_6058,00885.jpg,ood_test,test
standfordcars_6059,01543.jpg,ood_test,test
standfordcars_6060,01225.jpg,ood_test,test
standfordcars_6061,07654.jpg,ood_test,test
standfordcars_6062,03432.jpg,ood_test,test
standfordcars_6063,05043.jpg,ood_test,test
standfordcars_6064,07867.jpg,ood_test,test
standfordcars_6065,05916.jpg,ood_test,test
standfordcars_6066,05902.jpg,ood_test,test
standfordcars_6067,07873.jpg,ood_test,test
standfordcars_6068,07683.jpg,ood_test,test
standfordcars_6069,05094.jpg,ood_test,test
standfordcars_6070,02923.jpg,ood_test,test
standfordcars_6071,03383.jpg,ood_test,test
standfordcars_6072,00852.jpg,ood_test,test
standfordcars_6073,01594.jpg,ood_test,test
standfordcars_6074,00846.jpg,ood_test,test
standfordcars_6075,01580.jpg,ood_test,test
standfordcars_6076,03397.jpg,ood_test,test
standfordcars_6077,02089.jpg,ood_test,test
standfordcars_6078,05080.jpg,ood_test,test
standfordcars_6079,02937.jpg,ood_test,test
standfordcars_6080,07697.jpg,ood_test,test
standfordcars_6081,06589.jpg,ood_test,test
standfordcars_6082,01769.jpg,ood_test,test
standfordcars_6083,06006.jpg,ood_test,test
standfordcars_6084,07318.jpg,ood_test,test
standfordcars_6085,00477.jpg,ood_test,test
standfordcars_6086,04611.jpg,ood_test,test
standfordcars_6087,02260.jpg,ood_test,test
standfordcars_6088,02506.jpg,ood_test,test
standfordcars_6089,05269.jpg,ood_test,test
standfordcars_6090,04177.jpg,ood_test,test
standfordcars_6091,03618.jpg,ood_test,test
standfordcars_6092,00311.jpg,ood_test,test
standfordcars_6093,06760.jpg,ood_test,test
standfordcars_6094,00305.jpg,ood_test,test
standfordcars_6095,06774.jpg,ood_test,test
standfordcars_6096,02512.jpg,ood_test,test
standfordcars_6097,04163.jpg,ood_test,test
standfordcars_6098,04605.jpg,ood_test,test
standfordcars_6099,02274.jpg,ood_test,test
standfordcars_6100,06012.jpg,ood_test,test
standfordcars_6101,00463.jpg,ood_test,test
standfordcars_6102,03142.jpg,ood_test,test
standfordcars_6103,05533.jpg,ood_test,test
standfordcars_6104,01755.jpg,ood_test,test
standfordcars_6105,08017.jpg,ood_test,test
standfordcars_6106,07324.jpg,ood_test,test
standfordcars_6107,06984.jpg,ood_test,test
standfordcars_6108,07442.jpg,ood_test,test
standfordcars_6109,01033.jpg,ood_test,test
standfordcars_6110,05255.jpg,ood_test,test
standfordcars_6111,03624.jpg,ood_test,test
standfordcars_6112,05241.jpg,ood_test,test
standfordcars_6113,03630.jpg,ood_test,test
standfordcars_6114,00339.jpg,ood_test,test
standfordcars_6115,06990.jpg,ood_test,test
standfordcars_6116,07456.jpg,ood_test,test
standfordcars_6117,06748.jpg,ood_test,test
standfordcars_6118,01027.jpg,ood_test,test
standfordcars_6119,01741.jpg,ood_test,test
standfordcars_6120,08003.jpg,ood_test,test
standfordcars_6121,01999.jpg,ood_test,test
standfordcars_6122,07330.jpg,ood_test,test
standfordcars_6123,03156.jpg,ood_test,test
standfordcars_6124,04639.jpg,ood_test,test
standfordcars_6125,05527.jpg,ood_test,test
standfordcars_6126,02248.jpg,ood_test,test
standfordcars_6127,01972.jpg,ood_test,test
standfordcars_6128,03803.jpg,ood_test,test
standfordcars_6129,03817.jpg,ood_test,test
standfordcars_6130,01966.jpg,ood_test,test
standfordcars_6131,00488.jpg,ood_test,test
standfordcars_6132,01796.jpg,ood_test,test
standfordcars_6133,04836.jpg,ood_test,test
standfordcars_6134,03181.jpg,ood_test,test
standfordcars_6135,04188.jpg,ood_test,test
standfordcars_6136,05296.jpg,ood_test,test
standfordcars_6137,06947.jpg,ood_test,test
standfordcars_6138,07481.jpg,ood_test,test
standfordcars_6139,06953.jpg,ood_test,test
standfordcars_6140,07495.jpg,ood_test,test
standfordcars_6141,05282.jpg,ood_test,test
standfordcars_6142,04822.jpg,ood_test,test
standfordcars_6143,03195.jpg,ood_test,test
standfordcars_6144,01782.jpg,ood_test,test
standfordcars_6145,00503.jpg,ood_test,test
standfordcars_6146,06172.jpg,ood_test,test
standfordcars_6147,02314.jpg,ood_test,test
standfordcars_6148,04765.jpg,ood_test,test
standfordcars_6149,04003.jpg,ood_test,test
standfordcars_6150,02472.jpg,ood_test,test
standfordcars_6151,06614.jpg,ood_test,test
standfordcars_6152,00265.jpg,ood_test,test
standfordcars_6153,06600.jpg,ood_test,test
standfordcars_6154,00271.jpg,ood_test,test
standfordcars_6155,03778.jpg,ood_test,test
standfordcars_6156,04017.jpg,ood_test,test
standfordcars_6157,05309.jpg,ood_test,test
standfordcars_6158,02466.jpg,ood_test,test
standfordcars_6159,02300.jpg,ood_test,test
standfordcars_6160,04771.jpg,ood_test,test
standfordcars_6161,00517.jpg,ood_test,test
standfordcars_6162,07278.jpg,ood_test,test
standfordcars_6163,06166.jpg,ood_test,test
standfordcars_6164,01609.jpg,ood_test,test
standfordcars_6165,04981.jpg,ood_test,test
standfordcars_6166,02328.jpg,ood_test,test
standfordcars_6167,05447.jpg,ood_test,test
standfordcars_6168,04759.jpg,ood_test,test
standfordcars_6169,03036.jpg,ood_test,test
standfordcars_6170,07250.jpg,ood_test,test
standfordcars_6171,01621.jpg,ood_test,test
standfordcars_6172,01147.jpg,ood_test,test
standfordcars_6173,06628.jpg,ood_test,test
standfordcars_6174,07536.jpg,ood_test,test
standfordcars_6175,00259.jpg,ood_test,test
standfordcars_6176,03750.jpg,ood_test,test
standfordcars_6177,05321.jpg,ood_test,test
standfordcars_6178,03988.jpg,ood_test,test
standfordcars_6179,03744.jpg,ood_test,test
standfordcars_6180,05335.jpg,ood_test,test
standfordcars_6181,01153.jpg,ood_test,test
standfordcars_6182,07522.jpg,ood_test,test
standfordcars_6183,07244.jpg,ood_test,test
standfordcars_6184,01635.jpg,ood_test,test
standfordcars_6185,04995.jpg,ood_test,test
standfordcars_6186,05453.jpg,ood_test,test
standfordcars_6187,03022.jpg,ood_test,test
standfordcars_6188,01806.jpg,ood_test,test
standfordcars_6189,03977.jpg,ood_test,test
standfordcars_6190,03963.jpg,ood_test,test
standfordcars_6191,01812.jpg,ood_test,test
standfordcars_6192,07293.jpg,ood_test,test
standfordcars_6193,04942.jpg,ood_test,test
standfordcars_6194,05484.jpg,ood_test,test
standfordcars_6195,03793.jpg,ood_test,test
standfordcars_6196,06833.jpg,ood_test,test
standfordcars_6197,01184.jpg,ood_test,test
standfordcars_6198,06827.jpg,ood_test,test
standfordcars_6199,01190.jpg,ood_test,test
standfordcars_6200,02499.jpg,ood_test,test
standfordcars_6201,03787.jpg,ood_test,test
standfordcars_6202,04956.jpg,ood_test,test
standfordcars_6203,05490.jpg,ood_test,test
standfordcars_6204,06199.jpg,ood_test,test
standfordcars_6205,07287.jpg,ood_test,test
standfordcars_6206,00067.jpg,ood_test,test
standfordcars_6207,07708.jpg,ood_test,test
standfordcars_6208,06416.jpg,ood_test,test
standfordcars_6209,01379.jpg,ood_test,test
standfordcars_6210,02670.jpg,ood_test,test
standfordcars_6211,04201.jpg,ood_test,test
standfordcars_6212,03208.jpg,ood_test,test
standfordcars_6213,04567.jpg,ood_test,test
standfordcars_6214,05679.jpg,ood_test,test
standfordcars_6215,02116.jpg,ood_test,test
standfordcars_6216,06370.jpg,ood_test,test
standfordcars_6217,00701.jpg,ood_test,test
standfordcars_6218,06364.jpg,ood_test,test
standfordcars_6219,00715.jpg,ood_test,test
standfordcars_6220,04573.jpg,ood_test,test
standfordcars_6221,02102.jpg,ood_test,test
standfordcars_6222,02664.jpg,ood_test,test
standfordcars_6223,04215.jpg,ood_test,test
standfordcars_6224,00073.jpg,ood_test,test
standfordcars_6225,06402.jpg,ood_test,test
standfordcars_6226,05123.jpg,ood_test,test
standfordcars_6227,02894.jpg,ood_test,test
standfordcars_6228,03552.jpg,ood_test,test
standfordcars_6229,07734.jpg,ood_test,test
standfordcars_6230,01345.jpg,ood_test,test
standfordcars_6231,01423.jpg,ood_test,test
standfordcars_6232,07052.jpg,ood_test,test
standfordcars_6233,03234.jpg,ood_test,test
standfordcars_6234,05645.jpg,ood_test,test
standfordcars_6235,03220.jpg,ood_test,test
standfordcars_6236,05889.jpg,ood_test,test
standfordcars_6237,05651.jpg,ood_test,test
standfordcars_6238,01437.jpg,ood_test,test
standfordcars_6239,06358.jpg,ood_test,test
standfordcars_6240,07046.jpg,ood_test,test
standfordcars_6241,00729.jpg,ood_test,test
standfordcars_6242,07720.jpg,ood_test,test
standfordcars_6243,01351.jpg,ood_test,test
standfordcars_6244,02658.jpg,ood_test,test
standfordcars_6245,05137.jpg,ood_test,test
standfordcars_6246,02880.jpg,ood_test,test
standfordcars_6247,04229.jpg,ood_test,test
standfordcars_6248,03546.jpg,ood_test,test
standfordcars_6249,07913.jpg,ood_test,test
standfordcars_6250,05862.jpg,ood_test,test
standfordcars_6251,05876.jpg,ood_test,test
standfordcars_6252,07907.jpg,ood_test,test
standfordcars_6253,01386.jpg,ood_test,test
standfordcars_6254,00098.jpg,ood_test,test
standfordcars_6255,02857.jpg,ood_test,test
standfordcars_6256,03591.jpg,ood_test,test
standfordcars_6257,05686.jpg,ood_test,test
standfordcars_6258,04598.jpg,ood_test,test
standfordcars_6259,07091.jpg,ood_test,test
standfordcars_6260,00926.jpg,ood_test,test
standfordcars_6261,07085.jpg,ood_test,test
standfordcars_6262,00932.jpg,ood_test,test
standfordcars_6263,05692.jpg,ood_test,test
standfordcars_6264,02843.jpg,ood_test,test
standfordcars_6265,03585.jpg,ood_test,test
standfordcars_6266,01392.jpg,ood_test,test
standfordcars_6267,05693.jpg,ood_test,test
standfordcars_6268,00933.jpg,ood_test,test
standfordcars_6269,07084.jpg,ood_test,test
standfordcars_6270,01393.jpg,ood_test,test
standfordcars_6271,03584.jpg,ood_test,test
standfordcars_6272,02842.jpg,ood_test,test
standfordcars_6273,03590.jpg,ood_test,test
standfordcars_6274,02856.jpg,ood_test,test
standfordcars_6275,00099.jpg,ood_test,test
standfordcars_6276,01387.jpg,ood_test,test
standfordcars_6277,00927.jpg,ood_test,test
standfordcars_6278,07090.jpg,ood_test,test
standfordcars_6279,04599.jpg,ood_test,test
standfordcars_6280,05687.jpg,ood_test,test
standfordcars_6281,05877.jpg,ood_test,test
standfordcars_6282,07906.jpg,ood_test,test
standfordcars_6283,07912.jpg,ood_test,test
standfordcars_6284,05863.jpg,ood_test,test
standfordcars_6285,00728.jpg,ood_test,test
standfordcars_6286,07047.jpg,ood_test,test
standfordcars_6287,06359.jpg,ood_test,test
standfordcars_6288,01436.jpg,ood_test,test
standfordcars_6289,05650.jpg,ood_test,test
standfordcars_6290,05888.jpg,ood_test,test
standfordcars_6291,03221.jpg,ood_test,test
standfordcars_6292,03547.jpg,ood_test,test
standfordcars_6293,04228.jpg,ood_test,test
standfordcars_6294,02881.jpg,ood_test,test
standfordcars_6295,05136.jpg,ood_test,test
standfordcars_6296,02659.jpg,ood_test,test
standfordcars_6297,01350.jpg,ood_test,test
standfordcars_6298,07721.jpg,ood_test,test
standfordcars_6299,01344.jpg,ood_test,test
standfordcars_6300,07735.jpg,ood_test,test
standfordcars_6301,03553.jpg,ood_test,test
standfordcars_6302,02895.jpg,ood_test,test
standfordcars_6303,05122.jpg,ood_test,test
standfordcars_6304,05644.jpg,ood_test,test
standfordcars_6305,03235.jpg,ood_test,test
standfordcars_6306,07053.jpg,ood_test,test
standfordcars_6307,01422.jpg,ood_test,test
standfordcars_6308,02103.jpg,ood_test,test
standfordcars_6309,04572.jpg,ood_test,test
standfordcars_6310,00714.jpg,ood_test,test
standfordcars_6311,06365.jpg,ood_test,test
standfordcars_6312,06403.jpg,ood_test,test
standfordcars_6313,00072.jpg,ood_test,test
standfordcars_6314,04214.jpg,ood_test,test
standfordcars_6315,02665.jpg,ood_test,test
standfordcars_6316,04200.jpg,ood_test,test
standfordcars_6317,02671.jpg,ood_test,test
standfordcars_6318,01378.jpg,ood_test,test
standfordcars_6319,06417.jpg,ood_test,test
standfordcars_6320,07709.jpg,ood_test,test
standfordcars_6321,00066.jpg,ood_test,test
standfordcars_6322,00700.jpg,ood_test,test
standfordcars_6323,06371.jpg,ood_test,test
standfordcars_6324,02117.jpg,ood_test,test
standfordcars_6325,05678.jpg,ood_test,test
standfordcars_6326,04566.jpg,ood_test,test
standfordcars_6327,03209.jpg,ood_test,test
standfordcars_6328,03786.jpg,ood_test,test
standfordcars_6329,02498.jpg,ood_test,test
standfordcars_6330,01191.jpg,ood_test,test
standfordcars_6331,06826.jpg,ood_test,test
standfordcars_6332,07286.jpg,ood_test,test
standfordcars_6333,06198.jpg,ood_test,test
standfordcars_6334,05491.jpg,ood_test,test
standfordcars_6335,04957.jpg,ood_test,test
standfordcars_6336,05485.jpg,ood_test,test
standfordcars_6337,04943.jpg,ood_test,test
standfordcars_6338,07292.jpg,ood_test,test
standfordcars_6339,01185.jpg,ood_test,test
standfordcars_6340,06832.jpg,ood_test,test
standfordcars_6341,03792.jpg,ood_test,test
standfordcars_6342,03962.jpg,ood_test,test
standfordcars_6343,01813.jpg,ood_test,test
standfordcars_6344,01807.jpg,ood_test,test
standfordcars_6345,03976.jpg,ood_test,test
standfordcars_6346,07523.jpg,ood_test,test
standfordcars_6347,01152.jpg,ood_test,test
standfordcars_6348,05334.jpg,ood_test,test
standfordcars_6349,03745.jpg,ood_test,test
standfordcars_6350,03023.jpg,ood_test,test
standfordcars_6351,05452.jpg,ood_test,test
standfordcars_6352,04994.jpg,ood_test,test
standfordcars_6353,01634.jpg,ood_test,test
standfordcars_6354,07245.jpg,ood_test,test
standfordcars_6355,01620.jpg,ood_test,test
standfordcars_6356,07251.jpg,ood_test,test
standfordcars_6357,03037.jpg,ood_test,test
standfordcars_6358,04758.jpg,ood_test,test
standfordcars_6359,05446.jpg,ood_test,test
standfordcars_6360,02329.jpg,ood_test,test
standfordcars_6361,04980.jpg,ood_test,test
standfordcars_6362,03989.jpg,ood_test,test
standfordcars_6363,05320.jpg,ood_test,test
standfordcars_6364,03751.jpg,ood_test,test
standfordcars_6365,00258.jpg,ood_test,test
standfordcars_6366,07537.jpg,ood_test,test
standfordcars_6367,06629.jpg,ood_test,test
standfordcars_6368,01146.jpg,ood_test,test
standfordcars_6369,02467.jpg,ood_test,test
standfordcars_6370,05308.jpg,ood_test,test
standfordcars_6371,04016.jpg,ood_test,test
standfordcars_6372,03779.jpg,ood_test,test
standfordcars_6373,00270.jpg,ood_test,test
standfordcars_6374,06601.jpg,ood_test,test
standfordcars_6375,01608.jpg,ood_test,test
standfordcars_6376,06167.jpg,ood_test,test
standfordcars_6377,07279.jpg,ood_test,test
standfordcars_6378,00516.jpg,ood_test,test
standfordcars_6379,04770.jpg,ood_test,test
standfordcars_6380,02301.jpg,ood_test,test
standfordcars_6381,04764.jpg,ood_test,test
standfordcars_6382,02315.jpg,ood_test,test
standfordcars_6383,06173.jpg,ood_test,test
standfordcars_6384,00502.jpg,ood_test,test
standfordcars_6385,00264.jpg,ood_test,test
standfordcars_6386,06615.jpg,ood_test,test
standfordcars_6387,02473.jpg,ood_test,test
standfordcars_6388,04002.jpg,ood_test,test
standfordcars_6389,05283.jpg,ood_test,test
standfordcars_6390,07494.jpg,ood_test,test
standfordcars_6391,06952.jpg,ood_test,test
standfordcars_6392,01783.jpg,ood_test,test
standfordcars_6393,03194.jpg,ood_test,test
standfordcars_6394,04823.jpg,ood_test,test
standfordcars_6395,03180.jpg,ood_test,test
standfordcars_6396,04837.jpg,ood_test,test
standfordcars_6397,01797.jpg,ood_test,test
standfordcars_6398,00489.jpg,ood_test,test
standfordcars_6399,07480.jpg,ood_test,test
standfordcars_6400,06946.jpg,ood_test,test
standfordcars_6401,05297.jpg,ood_test,test
standfordcars_6402,04189.jpg,ood_test,test
standfordcars_6403,03816.jpg,ood_test,test
standfordcars_6404,01967.jpg,ood_test,test
standfordcars_6405,01973.jpg,ood_test,test
standfordcars_6406,03802.jpg,ood_test,test
standfordcars_6407,01026.jpg,ood_test,test
standfordcars_6408,06749.jpg,ood_test,test
standfordcars_6409,07457.jpg,ood_test,test
standfordcars_6410,06991.jpg,ood_test,test
standfordcars_6411,00338.jpg,ood_test,test
standfordcars_6412,03631.jpg,ood_test,test
standfordcars_6413,05240.jpg,ood_test,test
standfordcars_6414,02249.jpg,ood_test,test
standfordcars_6415,05526.jpg,ood_test,test
standfordcars_6416,04638.jpg,ood_test,test
standfordcars_6417,03157.jpg,ood_test,test
standfordcars_6418,07331.jpg,ood_test,test
standfordcars_6419,08002.jpg,ood_test,test
standfordcars_6420,01998.jpg,ood_test,test
standfordcars_6421,01740.jpg,ood_test,test
standfordcars_6422,07325.jpg,ood_test,test
standfordcars_6423,08016.jpg,ood_test,test
standfordcars_6424,01754.jpg,ood_test,test
standfordcars_6425,05532.jpg,ood_test,test
standfordcars_6426,03143.jpg,ood_test,test
standfordcars_6427,03625.jpg,ood_test,test
standfordcars_6428,05254.jpg,ood_test,test
standfordcars_6429,01032.jpg,ood_test,test
standfordcars_6430,07443.jpg,ood_test,test
standfordcars_6431,06985.jpg,ood_test,test
standfordcars_6432,04162.jpg,ood_test,test
standfordcars_6433,02513.jpg,ood_test,test
standfordcars_6434,06775.jpg,ood_test,test
standfordcars_6435,00304.jpg,ood_test,test
standfordcars_6436,00462.jpg,ood_test,test
standfordcars_6437,06013.jpg,ood_test,test
standfordcars_6438,02275.jpg,ood_test,test
standfordcars_6439,04604.jpg,ood_test,test
standfordcars_6440,02261.jpg,ood_test,test
standfordcars_6441,04610.jpg,ood_test,test
standfordcars_6442,00476.jpg,ood_test,test
standfordcars_6443,07319.jpg,ood_test,test
standfordcars_6444,06007.jpg,ood_test,test
standfordcars_6445,01768.jpg,ood_test,test
standfordcars_6446,06761.jpg,ood_test,test
standfordcars_6447,00310.jpg,ood_test,test
standfordcars_6448,03619.jpg,ood_test,test
standfordcars_6449,04176.jpg,ood_test,test
standfordcars_6450,05268.jpg,ood_test,test
standfordcars_6451,02507.jpg,ood_test,test
standfordcars_6452,02088.jpg,ood_test,test
standfordcars_6453,03396.jpg,ood_test,test
standfordcars_6454,01581.jpg,ood_test,test
standfordcars_6455,00847.jpg,ood_test,test
standfordcars_6456,06588.jpg,ood_test,test
standfordcars_6457,07696.jpg,ood_test,test
standfordcars_6458,02936.jpg,ood_test,test
standfordcars_6459,05081.jpg,ood_test,test
standfordcars_6460,02922.jpg,ood_test,test
standfordcars_6461,05095.jpg,ood_test,test
standfordcars_6462,07682.jpg,ood_test,test
standfordcars_6463,01595.jpg,ood_test,test
standfordcars_6464,00853.jpg,ood_test,test
standfordcars_6465,03382.jpg,ood_test,test
standfordcars_6466,05903.jpg,ood_test,test
standfordcars_6467,07872.jpg,ood_test,test
standfordcars_6468,07866.jpg,ood_test,test
standfordcars_6469,05917.jpg,ood_test,test
standfordcars_6470,01542.jpg,ood_test,test
standfordcars_6471,00884.jpg,ood_test,test
standfordcars_6472,07133.jpg,ood_test,test
standfordcars_6473,03355.jpg,ood_test,test
standfordcars_6474,05724.jpg,ood_test,test
standfordcars_6475,05042.jpg,ood_test,test
standfordcars_6476,03433.jpg,ood_test,test
standfordcars_6477,07655.jpg,ood_test,test
standfordcars_6478,01224.jpg,ood_test,test
standfordcars_6479,07641.jpg,ood_test,test
standfordcars_6480,01230.jpg,ood_test,test
standfordcars_6481,07899.jpg,ood_test,test
standfordcars_6482,02739.jpg,ood_test,test
standfordcars_6483,05056.jpg,ood_test,test
standfordcars_6484,04348.jpg,ood_test,test
standfordcars_6485,03427.jpg,ood_test,test
standfordcars_6486,03341.jpg,ood_test,test
standfordcars_6487,05730.jpg,ood_test,test
standfordcars_6488,01556.jpg,ood_test,test
standfordcars_6489,00890.jpg,ood_test,test
standfordcars_6490,06239.jpg,ood_test,test
standfordcars_6491,07127.jpg,ood_test,test
standfordcars_6492,00648.jpg,ood_test,test
standfordcars_6493,03369.jpg,ood_test,test
standfordcars_6494,04406.jpg,ood_test,test
standfordcars_6495,05718.jpg,ood_test,test
standfordcars_6496,02077.jpg,ood_test,test
standfordcars_6497,06211.jpg,ood_test,test
standfordcars_6498,00660.jpg,ood_test,test
standfordcars_6499,00106.jpg,ood_test,test
standfordcars_6500,07669.jpg,ood_test,test
standfordcars_6501,06577.jpg,ood_test,test
standfordcars_6502,01218.jpg,ood_test,test
standfordcars_6503,02711.jpg,ood_test,test
standfordcars_6504,04360.jpg,ood_test,test
standfordcars_6505,02705.jpg,ood_test,test
standfordcars_6506,04374.jpg,ood_test,test
standfordcars_6507,00112.jpg,ood_test,test
standfordcars_6508,06563.jpg,ood_test,test
standfordcars_6509,06205.jpg,ood_test,test
standfordcars_6510,00674.jpg,ood_test,test
standfordcars_6511,04412.jpg,ood_test,test
standfordcars_6512,02063.jpg,ood_test,test
standfordcars_6513,04362.jpg,ood_test,test
standfordcars_6514,02713.jpg,ood_test,test
standfordcars_6515,06575.jpg,ood_test,test
standfordcars_6516,00104.jpg,ood_test,test
standfordcars_6517,00662.jpg,ood_test,test
standfordcars_6518,06213.jpg,ood_test,test
standfordcars_6519,02075.jpg,ood_test,test
standfordcars_6520,04404.jpg,ood_test,test
standfordcars_6521,02061.jpg,ood_test,test
standfordcars_6522,04410.jpg,ood_test,test
standfordcars_6523,00676.jpg,ood_test,test
standfordcars_6524,07119.jpg,ood_test,test
standfordcars_6525,06207.jpg,ood_test,test
standfordcars_6526,01568.jpg,ood_test,test
standfordcars_6527,06561.jpg,ood_test,test
standfordcars_6528,00110.jpg,ood_test,test
standfordcars_6529,03419.jpg,ood_test,test
standfordcars_6530,04376.jpg,ood_test,test
standfordcars_6531,05068.jpg,ood_test,test
standfordcars_6532,02707.jpg,ood_test,test
standfordcars_6533,01226.jpg,ood_test,test
standfordcars_6534,06549.jpg,ood_test,test
standfordcars_6535,07657.jpg,ood_test,test
standfordcars_6536,00138.jpg,ood_test,test
standfordcars_6537,03431.jpg,ood_test,test
standfordcars_6538,05040.jpg,ood_test,test
standfordcars_6539,02049.jpg,ood_test,test
standfordcars_6540,05726.jpg,ood_test,test
standfordcars_6541,04438.jpg,ood_test,test
standfordcars_6542,03357.jpg,ood_test,test
standfordcars_6543,07131.jpg,ood_test,test
standfordcars_6544,00886.jpg,ood_test,test
standfordcars_6545,01540.jpg,ood_test,test
standfordcars_6546,07125.jpg,ood_test,test
standfordcars_6547,00892.jpg,ood_test,test
standfordcars_6548,01554.jpg,ood_test,test
standfordcars_6549,05732.jpg,ood_test,test
standfordcars_6550,03343.jpg,ood_test,test
standfordcars_6551,03425.jpg,ood_test,test
standfordcars_6552,05054.jpg,ood_test,test
standfordcars_6553,01232.jpg,ood_test,test
standfordcars_6554,07643.jpg,ood_test,test
standfordcars_6555,07870.jpg,ood_test,test
standfordcars_6556,02908.jpg,ood_test,test
standfordcars_6557,05901.jpg,ood_test,test
standfordcars_6558,00879.jpg,ood_test,test
standfordcars_6559,05915.jpg,ood_test,test
standfordcars_6560,07864.jpg,ood_test,test
standfordcars_6561,05083.jpg,ood_test,test
standfordcars_6562,02934.jpg,ood_test,test
standfordcars_6563,07694.jpg,ood_test,test
standfordcars_6564,00845.jpg,ood_test,test
standfordcars_6565,01583.jpg,ood_test,test
standfordcars_6566,03394.jpg,ood_test,test
standfordcars_6567,05929.jpg,ood_test,test
standfordcars_6568,03380.jpg,ood_test,test
standfordcars_6569,00851.jpg,ood_test,test
standfordcars_6570,01597.jpg,ood_test,test
standfordcars_6571,00689.jpg,ood_test,test
standfordcars_6572,07680.jpg,ood_test,test
standfordcars_6573,07858.jpg,ood_test,test
standfordcars_6574,05097.jpg,ood_test,test
standfordcars_6575,04389.jpg,ood_test,test
standfordcars_6576,02920.jpg,ood_test,test
standfordcars_6577,03169.jpg,ood_test,test
standfordcars_6578,04606.jpg,ood_test,test
standfordcars_6579,05518.jpg,ood_test,test
standfordcars_6580,02277.jpg,ood_test,test
standfordcars_6581,06011.jpg,ood_test,test
standfordcars_6582,00460.jpg,ood_test,test
standfordcars_6583,00306.jpg,ood_test,test
standfordcars_6584,07469.jpg,ood_test,test
standfordcars_6585,06777.jpg,ood_test,test
standfordcars_6586,01018.jpg,ood_test,test
standfordcars_6587,02511.jpg,ood_test,test
standfordcars_6588,04160.jpg,ood_test,test
standfordcars_6589,02505.jpg,ood_test,test
standfordcars_6590,04174.jpg,ood_test,test
standfordcars_6591,00312.jpg,ood_test,test
standfordcars_6592,06763.jpg,ood_test,test
standfordcars_6593,06005.jpg,ood_test,test
standfordcars_6594,08028.jpg,ood_test,test
standfordcars_6595,00474.jpg,ood_test,test
standfordcars_6596,04612.jpg,ood_test,test
standfordcars_6597,02263.jpg,ood_test,test
standfordcars_6598,01742.jpg,ood_test,test
standfordcars_6599,07333.jpg,ood_test,test
standfordcars_6600,08000.jpg,ood_test,test
standfordcars_6601,03155.jpg,ood_test,test
standfordcars_6602,05524.jpg,ood_test,test
standfordcars_6603,05242.jpg,ood_test,test
standfordcars_6604,03633.jpg,ood_test,test
standfordcars_6605,06993.jpg,ood_test,test
standfordcars_6606,07455.jpg,ood_test,test
standfordcars_6607,01024.jpg,ood_test,test
standfordcars_6608,06987.jpg,ood_test,test
standfordcars_6609,07441.jpg,ood_test,test
standfordcars_6610,01030.jpg,ood_test,test
standfordcars_6611,02539.jpg,ood_test,test
standfordcars_6612,05256.jpg,ood_test,test
standfordcars_6613,04148.jpg,ood_test,test
standfordcars_6614,03627.jpg,ood_test,test
standfordcars_6615,03141.jpg,ood_test,test
standfordcars_6616,05530.jpg,ood_test,test
standfordcars_6617,01756.jpg,ood_test,test
standfordcars_6618,06039.jpg,ood_test,test
standfordcars_6619,07327.jpg,ood_test,test
standfordcars_6620,08014.jpg,ood_test,test
standfordcars_6621,00448.jpg,ood_test,test
standfordcars_6622,01965.jpg,ood_test,test
standfordcars_6623,03814.jpg,ood_test,test
standfordcars_6624,06978.jpg,ood_test,test
standfordcars_6625,03800.jpg,ood_test,test
standfordcars_6626,04809.jpg,ood_test,test
standfordcars_6627,01971.jpg,ood_test,test
standfordcars_6628,02288.jpg,ood_test,test
standfordcars_6629,04821.jpg,ood_test,test
standfordcars_6630,03196.jpg,ood_test,test
standfordcars_6631,01959.jpg,ood_test,test
standfordcars_6632,01781.jpg,ood_test,test
standfordcars_6633,06788.jpg,ood_test,test
standfordcars_6634,06950.jpg,ood_test,test
standfordcars_6635,07496.jpg,ood_test,test
standfordcars_6636,03828.jpg,ood_test,test
standfordcars_6637,05281.jpg,ood_test,test
standfordcars_6638,05295.jpg,ood_test,test
standfordcars_6639,06944.jpg,ood_test,test
standfordcars_6640,07482.jpg,ood_test,test
standfordcars_6641,01795.jpg,ood_test,test
standfordcars_6642,04835.jpg,ood_test,test
standfordcars_6643,03182.jpg,ood_test,test
standfordcars_6644,02303.jpg,ood_test,test
standfordcars_6645,04772.jpg,ood_test,test
standfordcars_6646,00514.jpg,ood_test,test
standfordcars_6647,06165.jpg,ood_test,test
standfordcars_6648,06603.jpg,ood_test,test
standfordcars_6649,00272.jpg,ood_test,test
standfordcars_6650,04014.jpg,ood_test,test
standfordcars_6651,02465.jpg,ood_test,test
standfordcars_6652,04000.jpg,ood_test,test
standfordcars_6653,02471.jpg,ood_test,test
standfordcars_6654,01178.jpg,ood_test,test
standfordcars_6655,06617.jpg,ood_test,test
standfordcars_6656,07509.jpg,ood_test,test
standfordcars_6657,00266.jpg,ood_test,test
standfordcars_6658,00500.jpg,ood_test,test
standfordcars_6659,06171.jpg,ood_test,test
standfordcars_6660,02317.jpg,ood_test,test
standfordcars_6661,05478.jpg,ood_test,test
standfordcars_6662,04766.jpg,ood_test,test
standfordcars_6663,03009.jpg,ood_test,test
standfordcars_6664,00528.jpg,ood_test,test
standfordcars_6665,07247.jpg,ood_test,test
standfordcars_6666,06159.jpg,ood_test,test
standfordcars_6667,01636.jpg,ood_test,test
standfordcars_6668,04996.jpg,ood_test,test
standfordcars_6669,05450.jpg,ood_test,test
standfordcars_6670,03021.jpg,ood_test,test
standfordcars_6671,03747.jpg,ood_test,test
standfordcars_6672,04028.jpg,ood_test,test
standfordcars_6673,05336.jpg,ood_test,test
standfordcars_6674,02459.jpg,ood_test,test
standfordcars_6675,01150.jpg,ood_test,test
standfordcars_6676,07521.jpg,ood_test,test
standfordcars_6677,01144.jpg,ood_test,test
standfordcars_6678,07535.jpg,ood_test,test
standfordcars_6679,03753.jpg,ood_test,test
standfordcars_6680,05322.jpg,ood_test,test
standfordcars_6681,04982.jpg,ood_test,test
standfordcars_6682,05444.jpg,ood_test,test
standfordcars_6683,03035.jpg,ood_test,test
standfordcars_6684,07253.jpg,ood_test,test
standfordcars_6685,01622.jpg,ood_test,test
standfordcars_6686,01811.jpg,ood_test,test
standfordcars_6687,04969.jpg,ood_test,test
standfordcars_6688,03960.jpg,ood_test,test
standfordcars_6689,06818.jpg,ood_test,test
standfordcars_6690,03974.jpg,ood_test,test
standfordcars_6691,01805.jpg,ood_test,test
standfordcars_6692,04955.jpg,ood_test,test
standfordcars_6693,05493.jpg,ood_test,test
standfordcars_6694,07284.jpg,ood_test,test
standfordcars_6695,06824.jpg,ood_test,test
standfordcars_6696,01193.jpg,ood_test,test
standfordcars_6697,03784.jpg,ood_test,test
standfordcars_6698,03948.jpg,ood_test,test
standfordcars_6699,03790.jpg,ood_test,test
standfordcars_6700,06830.jpg,ood_test,test
standfordcars_6701,00299.jpg,ood_test,test
standfordcars_6702,01187.jpg,ood_test,test
standfordcars_6703,07290.jpg,ood_test,test
standfordcars_6704,01839.jpg,ood_test,test
standfordcars_6705,04799.jpg,ood_test,test
standfordcars_6706,04941.jpg,ood_test,test
standfordcars_6707,05487.jpg,ood_test,test
standfordcars_6708,02667.jpg,ood_test,test
standfordcars_6709,05108.jpg,ood_test,test
standfordcars_6710,04216.jpg,ood_test,test
standfordcars_6711,03579.jpg,ood_test,test
standfordcars_6712,00070.jpg,ood_test,test
standfordcars_6713,06401.jpg,ood_test,test
standfordcars_6714,01408.jpg,ood_test,test
standfordcars_6715,06367.jpg,ood_test,test
standfordcars_6716,07079.jpg,ood_test,test
standfordcars_6717,00716.jpg,ood_test,test
standfordcars_6718,04570.jpg,ood_test,test
standfordcars_6719,02101.jpg,ood_test,test
standfordcars_6720,04564.jpg,ood_test,test
standfordcars_6721,02115.jpg,ood_test,test
standfordcars_6722,06373.jpg,ood_test,test
standfordcars_6723,00702.jpg,ood_test,test
standfordcars_6724,00064.jpg,ood_test,test
standfordcars_6725,06415.jpg,ood_test,test
standfordcars_6726,02673.jpg,ood_test,test
standfordcars_6727,04202.jpg,ood_test,test
standfordcars_6728,07723.jpg,ood_test,test
standfordcars_6729,01352.jpg,ood_test,test
standfordcars_6730,05134.jpg,ood_test,test
standfordcars_6731,02883.jpg,ood_test,test
standfordcars_6732,03545.jpg,ood_test,test
standfordcars_6733,03223.jpg,ood_test,test
standfordcars_6734,05652.jpg,ood_test,test
standfordcars_6735,01434.jpg,ood_test,test
standfordcars_6736,07045.jpg,ood_test,test
standfordcars_6737,01420.jpg,ood_test,test
standfordcars_6738,07051.jpg,ood_test,test
standfordcars_6739,03237.jpg,ood_test,test
standfordcars_6740,04558.jpg,ood_test,test
standfordcars_6741,05646.jpg,ood_test,test
standfordcars_6742,02129.jpg,ood_test,test
standfordcars_6743,05120.jpg,ood_test,test
standfordcars_6744,02897.jpg,ood_test,test
standfordcars_6745,03551.jpg,ood_test,test
standfordcars_6746,00058.jpg,ood_test,test
standfordcars_6747,07737.jpg,ood_test,test
standfordcars_6748,06429.jpg,ood_test,test
standfordcars_6749,01346.jpg,ood_test,test
standfordcars_6750,07904.jpg,ood_test,test
standfordcars_6751,05875.jpg,ood_test,test
standfordcars_6752,00919.jpg,ood_test,test
standfordcars_6753,05861.jpg,ood_test,test
standfordcars_6754,02868.jpg,ood_test,test
standfordcars_6755,07910.jpg,ood_test,test
standfordcars_6756,02840.jpg,ood_test,test
standfordcars_6757,03586.jpg,ood_test,test
standfordcars_6758,02698.jpg,ood_test,test
standfordcars_6759,01391.jpg,ood_test,test
standfordcars_6760,07938.jpg,ood_test,test
standfordcars_6761,07086.jpg,ood_test,test
standfordcars_6762,00931.jpg,ood_test,test
standfordcars_6763,06398.jpg,ood_test,test
standfordcars_6764,05691.jpg,ood_test,test
standfordcars_6765,05849.jpg,ood_test,test
standfordcars_6766,05685.jpg,ood_test,test
standfordcars_6767,07092.jpg,ood_test,test
standfordcars_6768,00925.jpg,ood_test,test
standfordcars_6769,01385.jpg,ood_test,test
standfordcars_6770,02854.jpg,ood_test,test
standfordcars_6771,03592.jpg,ood_test,test
standfordcars_6772,00924.jpg,ood_test,test
standfordcars_6773,07093.jpg,ood_test,test
standfordcars_6774,05684.jpg,ood_test,test
standfordcars_6775,03593.jpg,ood_test,test
standfordcars_6776,02855.jpg,ood_test,test
standfordcars_6777,01384.jpg,ood_test,test
standfordcars_6778,07939.jpg,ood_test,test
standfordcars_6779,01390.jpg,ood_test,test
standfordcars_6780,02699.jpg,ood_test,test
standfordcars_6781,03587.jpg,ood_test,test
standfordcars_6782,02841.jpg,ood_test,test
standfordcars_6783,05848.jpg,ood_test,test
standfordcars_6784,05690.jpg,ood_test,test
standfordcars_6785,06399.jpg,ood_test,test
standfordcars_6786,00930.jpg,ood_test,test
standfordcars_6787,07087.jpg,ood_test,test
standfordcars_6788,05860.jpg,ood_test,test
standfordcars_6789,00918.jpg,ood_test,test
standfordcars_6790,07911.jpg,ood_test,test
standfordcars_6791,02869.jpg,ood_test,test
standfordcars_6792,07905.jpg,ood_test,test
standfordcars_6793,05874.jpg,ood_test,test
standfordcars_6794,02128.jpg,ood_test,test
standfordcars_6795,05647.jpg,ood_test,test
standfordcars_6796,04559.jpg,ood_test,test
standfordcars_6797,03236.jpg,ood_test,test
standfordcars_6798,07050.jpg,ood_test,test
standfordcars_6799,01421.jpg,ood_test,test
standfordcars_6800,01347.jpg,ood_test,test
standfordcars_6801,06428.jpg,ood_test,test
standfordcars_6802,07736.jpg,ood_test,test
standfordcars_6803,00059.jpg,ood_test,test
standfordcars_6804,03550.jpg,ood_test,test
standfordcars_6805,02896.jpg,ood_test,test
standfordcars_6806,05121.jpg,ood_test,test
standfordcars_6807,03544.jpg,ood_test,test
standfordcars_6808,02882.jpg,ood_test,test
standfordcars_6809,05135.jpg,ood_test,test
standfordcars_6810,01353.jpg,ood_test,test
standfordcars_6811,07722.jpg,ood_test,test
standfordcars_6812,07044.jpg,ood_test,test
standfordcars_6813,01435.jpg,ood_test,test
standfordcars_6814,05653.jpg,ood_test,test
standfordcars_6815,03222.jpg,ood_test,test
standfordcars_6816,00703.jpg,ood_test,test
standfordcars_6817,06372.jpg,ood_test,test
standfordcars_6818,02114.jpg,ood_test,test
standfordcars_6819,04565.jpg,ood_test,test
standfordcars_6820,04203.jpg,ood_test,test
standfordcars_6821,02672.jpg,ood_test,test
standfordcars_6822,06414.jpg,ood_test,test
standfordcars_6823,00065.jpg,ood_test,test
standfordcars_6824,06400.jpg,ood_test,test
standfordcars_6825,00071.jpg,ood_test,test
standfordcars_6826,03578.jpg,ood_test,test
standfordcars_6827,04217.jpg,ood_test,test
standfordcars_6828,05109.jpg,ood_test,test
standfordcars_6829,02666.jpg,ood_test,test
standfordcars_6830,02100.jpg,ood_test,test
standfordcars_6831,04571.jpg,ood_test,test
standfordcars_6832,00717.jpg,ood_test,test
standfordcars_6833,07078.jpg,ood_test,test
standfordcars_6834,06366.jpg,ood_test,test
standfordcars_6835,01409.jpg,ood_test,test
standfordcars_6836,01186.jpg,ood_test,test
standfordcars_6837,00298.jpg,ood_test,test
standfordcars_6838,06831.jpg,ood_test,test
standfordcars_6839,03791.jpg,ood_test,test
standfordcars_6840,03949.jpg,ood_test,test
standfordcars_6841,05486.jpg,ood_test,test
standfordcars_6842,04940.jpg,ood_test,test
standfordcars_6843,04798.jpg,ood_test,test
standfordcars_6844,01838.jpg,ood_test,test
standfordcars_6845,07291.jpg,ood_test,test
standfordcars_6846,07285.jpg,ood_test,test
standfordcars_6847,05492.jpg,ood_test,test
standfordcars_6848,04954.jpg,ood_test,test
standfordcars_6849,03785.jpg,ood_test,test
standfordcars_6850,01192.jpg,ood_test,test
standfordcars_6851,06825.jpg,ood_test,test
standfordcars_6852,03975.jpg,ood_test,test
standfordcars_6853,01804.jpg,ood_test,test
standfordcars_6854,04968.jpg,ood_test,test
standfordcars_6855,01810.jpg,ood_test,test
standfordcars_6856,06819.jpg,ood_test,test
standfordcars_6857,03961.jpg,ood_test,test
standfordcars_6858,05323.jpg,ood_test,test
standfordcars_6859,03752.jpg,ood_test,test
standfordcars_6860,07534.jpg,ood_test,test
standfordcars_6861,01145.jpg,ood_test,test
standfordcars_6862,01623.jpg,ood_test,test
standfordcars_6863,07252.jpg,ood_test,test
standfordcars_6864,03034.jpg,ood_test,test
standfordcars_6865,05445.jpg,ood_test,test
standfordcars_6866,04983.jpg,ood_test,test
standfordcars_6867,03020.jpg,ood_test,test
standfordcars_6868,05451.jpg,ood_test,test
standfordcars_6869,04997.jpg,ood_test,test
standfordcars_6870,01637.jpg,ood_test,test
standfordcars_6871,06158.jpg,ood_test,test
standfordcars_6872,07246.jpg,ood_test,test
standfordcars_6873,00529.jpg,ood_test,test
standfordcars_6874,07520.jpg,ood_test,test
standfordcars_6875,01151.jpg,ood_test,test
standfordcars_6876,02458.jpg,ood_test,test
standfordcars_6877,05337.jpg,ood_test,test
standfordcars_6878,04029.jpg,ood_test,test
standfordcars_6879,03746.jpg,ood_test,test
standfordcars_6880,00267.jpg,ood_test,test
standfordcars_6881,07508.jpg,ood_test,test
standfordcars_6882,06616.jpg,ood_test,test
standfordcars_6883,01179.jpg,ood_test,test
standfordcars_6884,02470.jpg,ood_test,test
standfordcars_6885,04001.jpg,ood_test,test
standfordcars_6886,03008.jpg,ood_test,test
standfordcars_6887,04767.jpg,ood_test,test
standfordcars_6888,05479.jpg,ood_test,test
standfordcars_6889,02316.jpg,ood_test,test
standfordcars_6890,06170.jpg,ood_test,test
standfordcars_6891,00501.jpg,ood_test,test
standfordcars_6892,06164.jpg,ood_test,test
standfordcars_6893,00515.jpg,ood_test,test
standfordcars_6894,04773.jpg,ood_test,test
standfordcars_6895,02302.jpg,ood_test,test
standfordcars_6896,02464.jpg,ood_test,test
standfordcars_6897,04015.jpg,ood_test,test
standfordcars_6898,00273.jpg,ood_test,test
standfordcars_6899,06602.jpg,ood_test,test
standfordcars_6900,07483.jpg,ood_test,test
standfordcars_6901,06945.jpg,ood_test,test
standfordcars_6902,05294.jpg,ood_test,test
standfordcars_6903,03183.jpg,ood_test,test
standfordcars_6904,04834.jpg,ood_test,test
standfordcars_6905,01794.jpg,ood_test,test
standfordcars_6906,01780.jpg,ood_test,test
standfordcars_6907,01958.jpg,ood_test,test
standfordcars_6908,03197.jpg,ood_test,test
standfordcars_6909,04820.jpg,ood_test,test
standfordcars_6910,02289.jpg,ood_test,test
standfordcars_6911,05280.jpg,ood_test,test
standfordcars_6912,03829.jpg,ood_test,test
standfordcars_6913,07497.jpg,ood_test,test
standfordcars_6914,06951.jpg,ood_test,test
standfordcars_6915,06789.jpg,ood_test,test
standfordcars_6916,03801.jpg,ood_test,test
standfordcars_6917,06979.jpg,ood_test,test
standfordcars_6918,01970.jpg,ood_test,test
standfordcars_6919,04808.jpg,ood_test,test
standfordcars_6920,01964.jpg,ood_test,test
standfordcars_6921,03815.jpg,ood_test,test
standfordcars_6922,03626.jpg,ood_test,test
standfordcars_6923,04149.jpg,ood_test,test
standfordcars_6924,05257.jpg,ood_test,test
standfordcars_6925,02538.jpg,ood_test,test
standfordcars_6926,01031.jpg,ood_test,test
standfordcars_6927,07440.jpg,ood_test,test
standfordcars_6928,06986.jpg,ood_test,test
standfordcars_6929,00449.jpg,ood_test,test
standfordcars_6930,08015.jpg,ood_test,test
standfordcars_6931,07326.jpg,ood_test,test
standfordcars_6932,06038.jpg,ood_test,test
standfordcars_6933,01757.jpg,ood_test,test
standfordcars_6934,05531.jpg,ood_test,test
standfordcars_6935,03140.jpg,ood_test,test
standfordcars_6936,05525.jpg,ood_test,test
standfordcars_6937,03154.jpg,ood_test,test
standfordcars_6938,08001.jpg,ood_test,test
standfordcars_6939,07332.jpg,ood_test,test
standfordcars_6940,01743.jpg,ood_test,test
standfordcars_6941,01025.jpg,ood_test,test
standfordcars_6942,07454.jpg,ood_test,test
standfordcars_6943,06992.jpg,ood_test,test
standfordcars_6944,03632.jpg,ood_test,test
standfordcars_6945,05243.jpg,ood_test,test
standfordcars_6946,06762.jpg,ood_test,test
standfordcars_6947,00313.jpg,ood_test,test
standfordcars_6948,04175.jpg,ood_test,test
standfordcars_6949,02504.jpg,ood_test,test
standfordcars_6950,02262.jpg,ood_test,test
standfordcars_6951,04613.jpg,ood_test,test
standfordcars_6952,00475.jpg,ood_test,test
standfordcars_6953,08029.jpg,ood_test,test
standfordcars_6954,06004.jpg,ood_test,test
standfordcars_6955,00461.jpg,ood_test,test
standfordcars_6956,06010.jpg,ood_test,test
standfordcars_6957,02276.jpg,ood_test,test
standfordcars_6958,05519.jpg,ood_test,test
standfordcars_6959,04607.jpg,ood_test,test
standfordcars_6960,03168.jpg,ood_test,test
standfordcars_6961,04161.jpg,ood_test,test
standfordcars_6962,02510.jpg,ood_test,test
standfordcars_6963,01019.jpg,ood_test,test
standfordcars_6964,06776.jpg,ood_test,test
standfordcars_6965,07468.jpg,ood_test,test
standfordcars_6966,00307.jpg,ood_test,test
standfordcars_6967,00688.jpg,ood_test,test
standfordcars_6968,01596.jpg,ood_test,test
standfordcars_6969,00850.jpg,ood_test,test
standfordcars_6970,03381.jpg,ood_test,test
standfordcars_6971,05928.jpg,ood_test,test
standfordcars_6972,02921.jpg,ood_test,test
standfordcars_6973,04388.jpg,ood_test,test
standfordcars_6974,05096.jpg,ood_test,test
standfordcars_6975,07859.jpg,ood_test,test
standfordcars_6976,07681.jpg,ood_test,test
standfordcars_6977,07695.jpg,ood_test,test
standfordcars_6978,02935.jpg,ood_test,test
standfordcars_6979,05082.jpg,ood_test,test
standfordcars_6980,03395.jpg,ood_test,test
standfordcars_6981,01582.jpg,ood_test,test
standfordcars_6982,00844.jpg,ood_test,test
standfordcars_6983,05914.jpg,ood_test,test
standfordcars_6984,07865.jpg,ood_test,test
standfordcars_6985,02909.jpg,ood_test,test
standfordcars_6986,07871.jpg,ood_test,test
standfordcars_6987,00878.jpg,ood_test,test
standfordcars_6988,05900.jpg,ood_test,test
standfordcars_6989,03342.jpg,ood_test,test
standfordcars_6990,05733.jpg,ood_test,test
standfordcars_6991,01555.jpg,ood_test,test
standfordcars_6992,00893.jpg,ood_test,test
standfordcars_6993,07124.jpg,ood_test,test
standfordcars_6994,07642.jpg,ood_test,test
standfordcars_6995,01233.jpg,ood_test,test
standfordcars_6996,05055.jpg,ood_test,test
standfordcars_6997,03424.jpg,ood_test,test
standfordcars_6998,05041.jpg,ood_test,test
standfordcars_6999,03430.jpg,ood_test,test
standfordcars_7000,00139.jpg,ood_test,test
standfordcars_7001,07656.jpg,ood_test,test
standfordcars_7002,06548.jpg,ood_test,test
standfordcars_7003,01227.jpg,ood_test,test
standfordcars_7004,01541.jpg,ood_test,test
standfordcars_7005,00887.jpg,ood_test,test
standfordcars_7006,07130.jpg,ood_test,test
standfordcars_7007,03356.jpg,ood_test,test
standfordcars_7008,04439.jpg,ood_test,test
standfordcars_7009,05727.jpg,ood_test,test
standfordcars_7010,02048.jpg,ood_test,test
standfordcars_7011,01569.jpg,ood_test,test
standfordcars_7012,06206.jpg,ood_test,test
standfordcars_7013,07118.jpg,ood_test,test
standfordcars_7014,00677.jpg,ood_test,test
standfordcars_7015,04411.jpg,ood_test,test
standfordcars_7016,02060.jpg,ood_test,test
standfordcars_7017,02706.jpg,ood_test,test
standfordcars_7018,05069.jpg,ood_test,test
standfordcars_7019,04377.jpg,ood_test,test
standfordcars_7020,03418.jpg,ood_test,test
standfordcars_7021,00111.jpg,ood_test,test
standfordcars_7022,06560.jpg,ood_test,test
standfordcars_7023,00105.jpg,ood_test,test
standfordcars_7024,06574.jpg,ood_test,test
standfordcars_7025,02712.jpg,ood_test,test
standfordcars_7026,04363.jpg,ood_test,test
standfordcars_7027,04405.jpg,ood_test,test
standfordcars_7028,02074.jpg,ood_test,test
standfordcars_7029,06212.jpg,ood_test,test
standfordcars_7030,00663.jpg,ood_test,test
standfordcars_7031,05723.jpg,ood_test,test
standfordcars_7032,03352.jpg,ood_test,test
standfordcars_7033,07134.jpg,ood_test,test
standfordcars_7034,01545.jpg,ood_test,test
standfordcars_7035,00883.jpg,ood_test,test
standfordcars_7036,01223.jpg,ood_test,test
standfordcars_7037,07652.jpg,ood_test,test
standfordcars_7038,03434.jpg,ood_test,test
standfordcars_7039,05045.jpg,ood_test,test
standfordcars_7040,03420.jpg,ood_test,test
standfordcars_7041,05051.jpg,ood_test,test
standfordcars_7042,06558.jpg,ood_test,test
standfordcars_7043,01237.jpg,ood_test,test
standfordcars_7044,00129.jpg,ood_test,test
standfordcars_7045,07646.jpg,ood_test,test
standfordcars_7046,07120.jpg,ood_test,test
standfordcars_7047,01551.jpg,ood_test,test
standfordcars_7048,00897.jpg,ood_test,test
standfordcars_7049,05737.jpg,ood_test,test
standfordcars_7050,02058.jpg,ood_test,test
standfordcars_7051,03346.jpg,ood_test,test
standfordcars_7052,04429.jpg,ood_test,test
standfordcars_7053,07108.jpg,ood_test,test
standfordcars_7054,00667.jpg,ood_test,test
standfordcars_7055,01579.jpg,ood_test,test
standfordcars_7056,06216.jpg,ood_test,test
standfordcars_7057,02070.jpg,ood_test,test
standfordcars_7058,04401.jpg,ood_test,test
standfordcars_7059,04367.jpg,ood_test,test
standfordcars_7060,03408.jpg,ood_test,test
standfordcars_7061,02716.jpg,ood_test,test
standfordcars_7062,05079.jpg,ood_test,test
standfordcars_7063,06570.jpg,ood_test,test
standfordcars_7064,00101.jpg,ood_test,test
standfordcars_7065,06564.jpg,ood_test,test
standfordcars_7066,00115.jpg,ood_test,test
standfordcars_7067,04373.jpg,ood_test,test
standfordcars_7068,02702.jpg,ood_test,test
standfordcars_7069,02064.jpg,ood_test,test
standfordcars_7070,04415.jpg,ood_test,test
standfordcars_7071,00673.jpg,ood_test,test
standfordcars_7072,06202.jpg,ood_test,test
standfordcars_7073,01586.jpg,ood_test,test
standfordcars_7074,00840.jpg,ood_test,test
standfordcars_7075,00698.jpg,ood_test,test
standfordcars_7076,05938.jpg,ood_test,test
standfordcars_7077,03391.jpg,ood_test,test
standfordcars_7078,05086.jpg,ood_test,test
standfordcars_7079,04398.jpg,ood_test,test
standfordcars_7080,02931.jpg,ood_test,test
standfordcars_7081,07691.jpg,ood_test,test
standfordcars_7082,07849.jpg,ood_test,test
standfordcars_7083,07685.jpg,ood_test,test
standfordcars_7084,05092.jpg,ood_test,test
standfordcars_7085,02925.jpg,ood_test,test
standfordcars_7086,03385.jpg,ood_test,test
standfordcars_7087,01592.jpg,ood_test,test
standfordcars_7088,00854.jpg,ood_test,test
standfordcars_7089,05904.jpg,ood_test,test
standfordcars_7090,07875.jpg,ood_test,test
standfordcars_7091,02919.jpg,ood_test,test
standfordcars_7092,07861.jpg,ood_test,test
standfordcars_7093,00868.jpg,ood_test,test
standfordcars_7094,05910.jpg,ood_test,test
standfordcars_7095,05247.jpg,ood_test,test
standfordcars_7096,02528.jpg,ood_test,test
standfordcars_7097,03636.jpg,ood_test,test
standfordcars_7098,04159.jpg,ood_test,test
standfordcars_7099,07450.jpg,ood_test,test
standfordcars_7100,06996.jpg,ood_test,test
standfordcars_7101,01021.jpg,ood_test,test
standfordcars_7102,06028.jpg,ood_test,test
standfordcars_7103,01747.jpg,ood_test,test
standfordcars_7104,00459.jpg,ood_test,test
standfordcars_7105,07336.jpg,ood_test,test
standfordcars_7106,08005.jpg,ood_test,test
standfordcars_7107,03150.jpg,ood_test,test
standfordcars_7108,05521.jpg,ood_test,test
standfordcars_7109,03144.jpg,ood_test,test
standfordcars_7110,05535.jpg,ood_test,test
standfordcars_7111,01753.jpg,ood_test,test
standfordcars_7112,07322.jpg,ood_test,test
standfordcars_7113,08011.jpg,ood_test,test
standfordcars_7114,07444.jpg,ood_test,test
standfordcars_7115,06982.jpg,ood_test,test
standfordcars_7116,01035.jpg,ood_test,test
standfordcars_7117,05253.jpg,ood_test,test
standfordcars_7118,03622.jpg,ood_test,test
standfordcars_7119,00303.jpg,ood_test,test
standfordcars_7120,06772.jpg,ood_test,test
standfordcars_7121,02514.jpg,ood_test,test
standfordcars_7122,04165.jpg,ood_test,test
standfordcars_7123,04603.jpg,ood_test,test
standfordcars_7124,02272.jpg,ood_test,test
standfordcars_7125,06014.jpg,ood_test,test
standfordcars_7126,00465.jpg,ood_test,test
standfordcars_7127,08039.jpg,ood_test,test
standfordcars_7128,06000.jpg,ood_test,test
standfordcars_7129,00471.jpg,ood_test,test
standfordcars_7130,04617.jpg,ood_test,test
standfordcars_7131,03178.jpg,ood_test,test
standfordcars_7132,02266.jpg,ood_test,test
standfordcars_7133,05509.jpg,ood_test,test
standfordcars_7134,02500.jpg,ood_test,test
standfordcars_7135,04171.jpg,ood_test,test
standfordcars_7136,07478.jpg,ood_test,test
standfordcars_7137,00317.jpg,ood_test,test
standfordcars_7138,01009.jpg,ood_test,test
standfordcars_7139,06766.jpg,ood_test,test
standfordcars_7140,07493.jpg,ood_test,test
standfordcars_7141,06955.jpg,ood_test,test
standfordcars_7142,05284.jpg,ood_test,test
standfordcars_7143,04824.jpg,ood_test,test
standfordcars_7144,03193.jpg,ood_test,test
standfordcars_7145,01784.jpg,ood_test,test
standfordcars_7146,01948.jpg,ood_test,test
standfordcars_7147,01790.jpg,ood_test,test
standfordcars_7148,02299.jpg,ood_test,test
standfordcars_7149,04830.jpg,ood_test,test
standfordcars_7150,03187.jpg,ood_test,test
standfordcars_7151,03839.jpg,ood_test,test
standfordcars_7152,05290.jpg,ood_test,test
standfordcars_7153,06799.jpg,ood_test,test
standfordcars_7154,07487.jpg,ood_test,test
standfordcars_7155,06941.jpg,ood_test,test
standfordcars_7156,03811.jpg,ood_test,test
standfordcars_7157,06969.jpg,ood_test,test
standfordcars_7158,01960.jpg,ood_test,test
standfordcars_7159,04818.jpg,ood_test,test
standfordcars_7160,01974.jpg,ood_test,test
standfordcars_7161,03805.jpg,ood_test,test
standfordcars_7162,03742.jpg,ood_test,test
standfordcars_7163,05333.jpg,ood_test,test
standfordcars_7164,01155.jpg,ood_test,test
standfordcars_7165,07524.jpg,ood_test,test
standfordcars_7166,07242.jpg,ood_test,test
standfordcars_7167,01633.jpg,ood_test,test
standfordcars_7168,05455.jpg,ood_test,test
standfordcars_7169,04993.jpg,ood_test,test
standfordcars_7170,03024.jpg,ood_test,test
standfordcars_7171,05441.jpg,ood_test,test
standfordcars_7172,04987.jpg,ood_test,test
standfordcars_7173,03030.jpg,ood_test,test
standfordcars_7174,07256.jpg,ood_test,test
standfordcars_7175,00539.jpg,ood_test,test
standfordcars_7176,01627.jpg,ood_test,test
standfordcars_7177,06148.jpg,ood_test,test
standfordcars_7178,01141.jpg,ood_test,test
standfordcars_7179,07530.jpg,ood_test,test
standfordcars_7180,04039.jpg,ood_test,test
standfordcars_7181,03756.jpg,ood_test,test
standfordcars_7182,02448.jpg,ood_test,test
standfordcars_7183,05327.jpg,ood_test,test
standfordcars_7184,06606.jpg,ood_test,test
standfordcars_7185,01169.jpg,ood_test,test
standfordcars_7186,00277.jpg,ood_test,test
standfordcars_7187,07518.jpg,ood_test,test
standfordcars_7188,04011.jpg,ood_test,test
standfordcars_7189,02460.jpg,ood_test,test
standfordcars_7190,05469.jpg,ood_test,test
standfordcars_7191,02306.jpg,ood_test,test
standfordcars_7192,03018.jpg,ood_test,test
standfordcars_7193,04777.jpg,ood_test,test
standfordcars_7194,00511.jpg,ood_test,test
standfordcars_7195,06160.jpg,ood_test,test
standfordcars_7196,00505.jpg,ood_test,test
standfordcars_7197,06174.jpg,ood_test,test
standfordcars_7198,02312.jpg,ood_test,test
standfordcars_7199,04763.jpg,ood_test,test
standfordcars_7200,04005.jpg,ood_test,test
standfordcars_7201,02474.jpg,ood_test,test
standfordcars_7202,06612.jpg,ood_test,test
standfordcars_7203,00263.jpg,ood_test,test
standfordcars_7204,06821.jpg,ood_test,test
standfordcars_7205,00288.jpg,ood_test,test
standfordcars_7206,01196.jpg,ood_test,test
standfordcars_7207,03959.jpg,ood_test,test
standfordcars_7208,03781.jpg,ood_test,test
standfordcars_7209,04788.jpg,ood_test,test
standfordcars_7210,05496.jpg,ood_test,test
standfordcars_7211,04950.jpg,ood_test,test
standfordcars_7212,07281.jpg,ood_test,test
standfordcars_7213,01828.jpg,ood_test,test
standfordcars_7214,07295.jpg,ood_test,test
standfordcars_7215,05482.jpg,ood_test,test
standfordcars_7216,04944.jpg,ood_test,test
standfordcars_7217,03795.jpg,ood_test,test
standfordcars_7218,06835.jpg,ood_test,test
standfordcars_7219,01182.jpg,ood_test,test
standfordcars_7220,03965.jpg,ood_test,test
standfordcars_7221,01814.jpg,ood_test,test
standfordcars_7222,04978.jpg,ood_test,test
standfordcars_7223,01800.jpg,ood_test,test
standfordcars_7224,06809.jpg,ood_test,test
standfordcars_7225,03971.jpg,ood_test,test
standfordcars_7226,04549.jpg,ood_test,test
standfordcars_7227,03226.jpg,ood_test,test
standfordcars_7228,02138.jpg,ood_test,test
standfordcars_7229,05657.jpg,ood_test,test
standfordcars_7230,01431.jpg,ood_test,test
standfordcars_7231,07040.jpg,ood_test,test
standfordcars_7232,07726.jpg,ood_test,test
standfordcars_7233,00049.jpg,ood_test,test
standfordcars_7234,01357.jpg,ood_test,test
standfordcars_7235,06438.jpg,ood_test,test
standfordcars_7236,05131.jpg,ood_test,test
standfordcars_7237,03540.jpg,ood_test,test
standfordcars_7238,02886.jpg,ood_test,test
standfordcars_7239,05125.jpg,ood_test,test
standfordcars_7240,03554.jpg,ood_test,test
standfordcars_7241,02892.jpg,ood_test,test
standfordcars_7242,07732.jpg,ood_test,test
standfordcars_7243,01343.jpg,ood_test,test
standfordcars_7244,01425.jpg,ood_test,test
standfordcars_7245,07054.jpg,ood_test,test
standfordcars_7246,03232.jpg,ood_test,test
standfordcars_7247,05643.jpg,ood_test,test
standfordcars_7248,06362.jpg,ood_test,test
standfordcars_7249,00713.jpg,ood_test,test
standfordcars_7250,04575.jpg,ood_test,test
standfordcars_7251,02104.jpg,ood_test,test
standfordcars_7252,02662.jpg,ood_test,test
standfordcars_7253,04213.jpg,ood_test,test
standfordcars_7254,00075.jpg,ood_test,test
standfordcars_7255,06404.jpg,ood_test,test
standfordcars_7256,00061.jpg,ood_test,test
standfordcars_7257,06410.jpg,ood_test,test
standfordcars_7258,05119.jpg,ood_test,test
standfordcars_7259,02676.jpg,ood_test,test
standfordcars_7260,03568.jpg,ood_test,test
standfordcars_7261,04207.jpg,ood_test,test
standfordcars_7262,04561.jpg,ood_test,test
standfordcars_7263,02110.jpg,ood_test,test
standfordcars_7264,06376.jpg,ood_test,test
standfordcars_7265,01419.jpg,ood_test,test
standfordcars_7266,00707.jpg,ood_test,test
standfordcars_7267,07068.jpg,ood_test,test
standfordcars_7268,07083.jpg,ood_test,test
standfordcars_7269,00934.jpg,ood_test,test
standfordcars_7270,05694.jpg,ood_test,test
standfordcars_7271,03583.jpg,ood_test,test
standfordcars_7272,02845.jpg,ood_test,test
standfordcars_7273,01394.jpg,ood_test,test
standfordcars_7274,01380.jpg,ood_test,test
standfordcars_7275,07929.jpg,ood_test,test
standfordcars_7276,03597.jpg,ood_test,test
standfordcars_7277,02851.jpg,ood_test,test
standfordcars_7278,02689.jpg,ood_test,test
standfordcars_7279,05680.jpg,ood_test,test
standfordcars_7280,05858.jpg,ood_test,test
standfordcars_7281,07097.jpg,ood_test,test
standfordcars_7282,00920.jpg,ood_test,test
standfordcars_7283,06389.jpg,ood_test,test
standfordcars_7284,05870.jpg,ood_test,test
standfordcars_7285,00908.jpg,ood_test,test
standfordcars_7286,07901.jpg,ood_test,test
standfordcars_7287,02879.jpg,ood_test,test
standfordcars_7288,07915.jpg,ood_test,test
standfordcars_7289,05864.jpg,ood_test,test
standfordcars_7290,07914.jpg,ood_test,test
standfordcars_7291,05865.jpg,ood_test,test
standfordcars_7292,00909.jpg,ood_test,test
standfordcars_7293,05871.jpg,ood_test,test
standfordcars_7294,02878.jpg,ood_test,test
standfordcars_7295,07900.jpg,ood_test,test
standfordcars_7296,02688.jpg,ood_test,test
standfordcars_7297,02850.jpg,ood_test,test
standfordcars_7298,03596.jpg,ood_test,test
standfordcars_7299,07928.jpg,ood_test,test
standfordcars_7300,01381.jpg,ood_test,test
standfordcars_7301,06388.jpg,ood_test,test
standfordcars_7302,00921.jpg,ood_test,test
standfordcars_7303,07096.jpg,ood_test,test
standfordcars_7304,05859.jpg,ood_test,test
standfordcars_7305,05681.jpg,ood_test,test
standfordcars_7306,05695.jpg,ood_test,test
standfordcars_7307,00935.jpg,ood_test,test
standfordcars_7308,07082.jpg,ood_test,test
standfordcars_7309,01395.jpg,ood_test,test
standfordcars_7310,02844.jpg,ood_test,test
standfordcars_7311,03582.jpg,ood_test,test
standfordcars_7312,04206.jpg,ood_test,test
standfordcars_7313,03569.jpg,ood_test,test
standfordcars_7314,02677.jpg,ood_test,test
standfordcars_7315,05118.jpg,ood_test,test
standfordcars_7316,06411.jpg,ood_test,test
standfordcars_7317,00060.jpg,ood_test,test
standfordcars_7318,07069.jpg,ood_test,test
standfordcars_7319,00706.jpg,ood_test,test
standfordcars_7320,01418.jpg,ood_test,test
standfordcars_7321,06377.jpg,ood_test,test
standfordcars_7322,02111.jpg,ood_test,test
standfordcars_7323,04560.jpg,ood_test,test
standfordcars_7324,02105.jpg,ood_test,test
standfordcars_7325,04574.jpg,ood_test,test
standfordcars_7326,00712.jpg,ood_test,test
standfordcars_7327,06363.jpg,ood_test,test
standfordcars_7328,06405.jpg,ood_test,test
standfordcars_7329,00074.jpg,ood_test,test
standfordcars_7330,04212.jpg,ood_test,test
standfordcars_7331,02663.jpg,ood_test,test
standfordcars_7332,01342.jpg,ood_test,test
standfordcars_7333,07733.jpg,ood_test,test
standfordcars_7334,02893.jpg,ood_test,test
standfordcars_7335,03555.jpg,ood_test,test
standfordcars_7336,05124.jpg,ood_test,test
standfordcars_7337,05642.jpg,ood_test,test
standfordcars_7338,03233.jpg,ood_test,test
standfordcars_7339,07055.jpg,ood_test,test
standfordcars_7340,01424.jpg,ood_test,test
standfordcars_7341,07041.jpg,ood_test,test
standfordcars_7342,01430.jpg,ood_test,test
standfordcars_7343,05656.jpg,ood_test,test
standfordcars_7344,02139.jpg,ood_test,test
standfordcars_7345,03227.jpg,ood_test,test
standfordcars_7346,04548.jpg,ood_test,test
standfordcars_7347,02887.jpg,ood_test,test
standfordcars_7348,03541.jpg,ood_test,test
standfordcars_7349,05130.jpg,ood_test,test
standfordcars_7350,06439.jpg,ood_test,test
standfordcars_7351,01356.jpg,ood_test,test
standfordcars_7352,00048.jpg,ood_test,test
standfordcars_7353,07727.jpg,ood_test,test
standfordcars_7354,01801.jpg,ood_test,test
standfordcars_7355,04979.jpg,ood_test,test
standfordcars_7356,03970.jpg,ood_test,test
standfordcars_7357,06808.jpg,ood_test,test
standfordcars_7358,03964.jpg,ood_test,test
standfordcars_7359,01815.jpg,ood_test,test
standfordcars_7360,04945.jpg,ood_test,test
standfordcars_7361,05483.jpg,ood_test,test
standfordcars_7362,07294.jpg,ood_test,test
standfordcars_7363,01183.jpg,ood_test,test
standfordcars_7364,06834.jpg,ood_test,test
standfordcars_7365,03794.jpg,ood_test,test
standfordcars_7366,03780.jpg,ood_test,test
standfordcars_7367,03958.jpg,ood_test,test
standfordcars_7368,01197.jpg,ood_test,test
standfordcars_7369,00289.jpg,ood_test,test
standfordcars_7370,06820.jpg,ood_test,test
standfordcars_7371,01829.jpg,ood_test,test
standfordcars_7372,07280.jpg,ood_test,test
standfordcars_7373,04951.jpg,ood_test,test
standfordcars_7374,05497.jpg,ood_test,test
standfordcars_7375,04789.jpg,ood_test,test
standfordcars_7376,04762.jpg,ood_test,test
standfordcars_7377,02313.jpg,ood_test,test
standfordcars_7378,06175.jpg,ood_test,test
standfordcars_7379,00504.jpg,ood_test,test
standfordcars_7380,00262.jpg,ood_test,test
standfordcars_7381,06613.jpg,ood_test,test
standfordcars_7382,02475.jpg,ood_test,test
standfordcars_7383,04004.jpg,ood_test,test
standfordcars_7384,02461.jpg,ood_test,test
standfordcars_7385,04010.jpg,ood_test,test
standfordcars_7386,07519.jpg,ood_test,test
standfordcars_7387,00276.jpg,ood_test,test
standfordcars_7388,01168.jpg,ood_test,test
standfordcars_7389,06607.jpg,ood_test,test
standfordcars_7390,06161.jpg,ood_test,test
standfordcars_7391,00510.jpg,ood_test,test
standfordcars_7392,04776.jpg,ood_test,test
standfordcars_7393,03019.jpg,ood_test,test
standfordcars_7394,02307.jpg,ood_test,test
standfordcars_7395,05468.jpg,ood_test,test
standfordcars_7396,06149.jpg,ood_test,test
standfordcars_7397,01626.jpg,ood_test,test
standfordcars_7398,00538.jpg,ood_test,test
standfordcars_7399,07257.jpg,ood_test,test
standfordcars_7400,03031.jpg,ood_test,test
standfordcars_7401,04986.jpg,ood_test,test
standfordcars_7402,05440.jpg,ood_test,test
standfordcars_7403,05326.jpg,ood_test,test
standfordcars_7404,02449.jpg,ood_test,test
standfordcars_7405,03757.jpg,ood_test,test
standfordcars_7406,04038.jpg,ood_test,test
standfordcars_7407,07531.jpg,ood_test,test
standfordcars_7408,01140.jpg,ood_test,test
standfordcars_7409,07525.jpg,ood_test,test
standfordcars_7410,01154.jpg,ood_test,test
standfordcars_7411,05332.jpg,ood_test,test
standfordcars_7412,03743.jpg,ood_test,test
standfordcars_7413,03025.jpg,ood_test,test
standfordcars_7414,04992.jpg,ood_test,test
standfordcars_7415,05454.jpg,ood_test,test
standfordcars_7416,01632.jpg,ood_test,test
standfordcars_7417,07243.jpg,ood_test,test
standfordcars_7418,01975.jpg,ood_test,test
standfordcars_7419,03804.jpg,ood_test,test
standfordcars_7420,06968.jpg,ood_test,test
standfordcars_7421,03810.jpg,ood_test,test
standfordcars_7422,04819.jpg,ood_test,test
standfordcars_7423,01961.jpg,ood_test,test
standfordcars_7424,03186.jpg,ood_test,test
standfordcars_7425,04831.jpg,ood_test,test
standfordcars_7426,02298.jpg,ood_test,test
standfordcars_7427,01791.jpg,ood_test,test
standfordcars_7428,01949.jpg,ood_test,test
standfordcars_7429,06940.jpg,ood_test,test
standfordcars_7430,07486.jpg,ood_test,test
standfordcars_7431,06798.jpg,ood_test,test
standfordcars_7432,05291.jpg,ood_test,test
standfordcars_7433,03838.jpg,ood_test,test
standfordcars_7434,05285.jpg,ood_test,test
standfordcars_7435,06954.jpg,ood_test,test
standfordcars_7436,07492.jpg,ood_test,test
standfordcars_7437,01785.jpg,ood_test,test
standfordcars_7438,03192.jpg,ood_test,test
standfordcars_7439,04825.jpg,ood_test,test
standfordcars_7440,05508.jpg,ood_test,test
standfordcars_7441,02267.jpg,ood_test,test
standfordcars_7442,03179.jpg,ood_test,test
standfordcars_7443,04616.jpg,ood_test,test
standfordcars_7444,00470.jpg,ood_test,test
standfordcars_7445,06001.jpg,ood_test,test
standfordcars_7446,06767.jpg,ood_test,test
standfordcars_7447,01008.jpg,ood_test,test
standfordcars_7448,00316.jpg,ood_test,test
standfordcars_7449,07479.jpg,ood_test,test
standfordcars_7450,04170.jpg,ood_test,test
standfordcars_7451,02501.jpg,ood_test,test
standfordcars_7452,04164.jpg,ood_test,test
standfordcars_7453,02515.jpg,ood_test,test
standfordcars_7454,06773.jpg,ood_test,test
standfordcars_7455,00302.jpg,ood_test,test
standfordcars_7456,08038.jpg,ood_test,test
standfordcars_7457,00464.jpg,ood_test,test
standfordcars_7458,06015.jpg,ood_test,test
standfordcars_7459,02273.jpg,ood_test,test
standfordcars_7460,04602.jpg,ood_test,test
standfordcars_7461,08010.jpg,ood_test,test
standfordcars_7462,07323.jpg,ood_test,test
standfordcars_7463,01752.jpg,ood_test,test
standfordcars_7464,05534.jpg,ood_test,test
standfordcars_7465,03145.jpg,ood_test,test
standfordcars_7466,03623.jpg,ood_test,test
standfordcars_7467,05252.jpg,ood_test,test
standfordcars_7468,01034.jpg,ood_test,test
standfordcars_7469,06983.jpg,ood_test,test
standfordcars_7470,07445.jpg,ood_test,test
standfordcars_7471,01020.jpg,ood_test,test
standfordcars_7472,06997.jpg,ood_test,test
standfordcars_7473,07451.jpg,ood_test,test
standfordcars_7474,04158.jpg,ood_test,test
standfordcars_7475,03637.jpg,ood_test,test
standfordcars_7476,02529.jpg,ood_test,test
standfordcars_7477,05246.jpg,ood_test,test
standfordcars_7478,05520.jpg,ood_test,test
standfordcars_7479,03151.jpg,ood_test,test
standfordcars_7480,08004.jpg,ood_test,test
standfordcars_7481,07337.jpg,ood_test,test
standfordcars_7482,00458.jpg,ood_test,test
standfordcars_7483,01746.jpg,ood_test,test
standfordcars_7484,06029.jpg,ood_test,test
standfordcars_7485,07860.jpg,ood_test,test
standfordcars_7486,02918.jpg,ood_test,test
standfordcars_7487,05911.jpg,ood_test,test
standfordcars_7488,00869.jpg,ood_test,test
standfordcars_7489,05905.jpg,ood_test,test
standfordcars_7490,07874.jpg,ood_test,test
standfordcars_7491,02924.jpg,ood_test,test
standfordcars_7492,05093.jpg,ood_test,test
standfordcars_7493,07684.jpg,ood_test,test
standfordcars_7494,00855.jpg,ood_test,test
standfordcars_7495,01593.jpg,ood_test,test
standfordcars_7496,03384.jpg,ood_test,test
standfordcars_7497,03390.jpg,ood_test,test
standfordcars_7498,05939.jpg,ood_test,test
standfordcars_7499,00699.jpg,ood_test,test
standfordcars_7500,00841.jpg,ood_test,test
standfordcars_7501,01587.jpg,ood_test,test
standfordcars_7502,07848.jpg,ood_test,test
standfordcars_7503,07690.jpg,ood_test,test
standfordcars_7504,02930.jpg,ood_test,test
standfordcars_7505,04399.jpg,ood_test,test
standfordcars_7506,05087.jpg,ood_test,test
standfordcars_7507,02703.jpg,ood_test,test
standfordcars_7508,04372.jpg,ood_test,test
standfordcars_7509,00114.jpg,ood_test,test
standfordcars_7510,06565.jpg,ood_test,test
standfordcars_7511,06203.jpg,ood_test,test
standfordcars_7512,00672.jpg,ood_test,test
standfordcars_7513,04414.jpg,ood_test,test
standfordcars_7514,02065.jpg,ood_test,test
standfordcars_7515,04400.jpg,ood_test,test
standfordcars_7516,02071.jpg,ood_test,test
standfordcars_7517,06217.jpg,ood_test,test
standfordcars_7518,01578.jpg,ood_test,test
standfordcars_7519,00666.jpg,ood_test,test
standfordcars_7520,07109.jpg,ood_test,test
standfordcars_7521,00100.jpg,ood_test,test
standfordcars_7522,06571.jpg,ood_test,test
standfordcars_7523,05078.jpg,ood_test,test
standfordcars_7524,02717.jpg,ood_test,test
standfordcars_7525,03409.jpg,ood_test,test
standfordcars_7526,04366.jpg,ood_test,test
standfordcars_7527,07647.jpg,ood_test,test
standfordcars_7528,00128.jpg,ood_test,test
standfordcars_7529,01236.jpg,ood_test,test
standfordcars_7530,06559.jpg,ood_test,test
standfordcars_7531,05050.jpg,ood_test,test
standfordcars_7532,03421.jpg,ood_test,test
standfordcars_7533,04428.jpg,ood_test,test
standfordcars_7534,03347.jpg,ood_test,test
standfordcars_7535,02059.jpg,ood_test,test
standfordcars_7536,05736.jpg,ood_test,test
standfordcars_7537,00896.jpg,ood_test,test
standfordcars_7538,01550.jpg,ood_test,test
standfordcars_7539,07121.jpg,ood_test,test
standfordcars_7540,00882.jpg,ood_test,test
standfordcars_7541,01544.jpg,ood_test,test
standfordcars_7542,07135.jpg,ood_test,test
standfordcars_7543,03353.jpg,ood_test,test
standfordcars_7544,05722.jpg,ood_test,test
standfordcars_7545,05044.jpg,ood_test,test
standfordcars_7546,03435.jpg,ood_test,test
standfordcars_7547,07653.jpg,ood_test,test
standfordcars_7548,01222.jpg,ood_test,test
standfordcars_7549,07123.jpg,ood_test,test
standfordcars_7550,01552.jpg,ood_test,test
standfordcars_7551,00894.jpg,ood_test,test
standfordcars_7552,05734.jpg,ood_test,test
standfordcars_7553,03345.jpg,ood_test,test
standfordcars_7554,03423.jpg,ood_test,test
standfordcars_7555,05052.jpg,ood_test,test
standfordcars_7556,01234.jpg,ood_test,test
standfordcars_7557,07645.jpg,ood_test,test
standfordcars_7558,07889.jpg,ood_test,test
standfordcars_7559,01220.jpg,ood_test,test
standfordcars_7560,07651.jpg,ood_test,test
standfordcars_7561,04358.jpg,ood_test,test
standfordcars_7562,03437.jpg,ood_test,test
standfordcars_7563,02729.jpg,ood_test,test
standfordcars_7564,05046.jpg,ood_test,test
standfordcars_7565,05720.jpg,ood_test,test
standfordcars_7566,03351.jpg,ood_test,test
standfordcars_7567,07137.jpg,ood_test,test
standfordcars_7568,00658.jpg,ood_test,test
standfordcars_7569,01546.jpg,ood_test,test
standfordcars_7570,06229.jpg,ood_test,test
standfordcars_7571,00880.jpg,ood_test,test
standfordcars_7572,05708.jpg,ood_test,test
standfordcars_7573,02067.jpg,ood_test,test
standfordcars_7574,03379.jpg,ood_test,test
standfordcars_7575,04416.jpg,ood_test,test
standfordcars_7576,00670.jpg,ood_test,test
standfordcars_7577,06201.jpg,ood_test,test
standfordcars_7578,06567.jpg,ood_test,test
standfordcars_7579,01208.jpg,ood_test,test
standfordcars_7580,00116.jpg,ood_test,test
standfordcars_7581,07679.jpg,ood_test,test
standfordcars_7582,04370.jpg,ood_test,test
standfordcars_7583,02701.jpg,ood_test,test
standfordcars_7584,04364.jpg,ood_test,test
standfordcars_7585,02715.jpg,ood_test,test
standfordcars_7586,06573.jpg,ood_test,test
standfordcars_7587,00102.jpg,ood_test,test
standfordcars_7588,00664.jpg,ood_test,test
standfordcars_7589,06215.jpg,ood_test,test
standfordcars_7590,02073.jpg,ood_test,test
standfordcars_7591,04402.jpg,ood_test,test
standfordcars_7592,03386.jpg,ood_test,test
standfordcars_7593,02098.jpg,ood_test,test
standfordcars_7594,01591.jpg,ood_test,test
standfordcars_7595,00857.jpg,ood_test,test
standfordcars_7596,07686.jpg,ood_test,test
standfordcars_7597,06598.jpg,ood_test,test
standfordcars_7598,05091.jpg,ood_test,test
standfordcars_7599,02926.jpg,ood_test,test
standfordcars_7600,05085.jpg,ood_test,test
standfordcars_7601,02932.jpg,ood_test,test
standfordcars_7602,07692.jpg,ood_test,test
standfordcars_7603,01585.jpg,ood_test,test
standfordcars_7604,00843.jpg,ood_test,test
standfordcars_7605,03392.jpg,ood_test,test
standfordcars_7606,05913.jpg,ood_test,test
standfordcars_7607,07862.jpg,ood_test,test
standfordcars_7608,07876.jpg,ood_test,test
standfordcars_7609,05907.jpg,ood_test,test
standfordcars_7610,07447.jpg,ood_test,test
standfordcars_7611,00328.jpg,ood_test,test
standfordcars_7612,06981.jpg,ood_test,test
standfordcars_7613,01036.jpg,ood_test,test
standfordcars_7614,06759.jpg,ood_test,test
standfordcars_7615,05250.jpg,ood_test,test
standfordcars_7616,03621.jpg,ood_test,test
standfordcars_7617,04628.jpg,ood_test,test
standfordcars_7618,03147.jpg,ood_test,test
standfordcars_7619,02259.jpg,ood_test,test
standfordcars_7620,05536.jpg,ood_test,test
standfordcars_7621,01750.jpg,ood_test,test
standfordcars_7622,08012.jpg,ood_test,test
standfordcars_7623,01988.jpg,ood_test,test
standfordcars_7624,07321.jpg,ood_test,test
standfordcars_7625,01744.jpg,ood_test,test
standfordcars_7626,08006.jpg,ood_test,test
standfordcars_7627,07335.jpg,ood_test,test
standfordcars_7628,03153.jpg,ood_test,test
standfordcars_7629,05522.jpg,ood_test,test
standfordcars_7630,05244.jpg,ood_test,test
standfordcars_7631,03635.jpg,ood_test,test
standfordcars_7632,07453.jpg,ood_test,test
standfordcars_7633,06995.jpg,ood_test,test
standfordcars_7634,01022.jpg,ood_test,test
standfordcars_7635,02503.jpg,ood_test,test
standfordcars_7636,04172.jpg,ood_test,test
standfordcars_7637,00314.jpg,ood_test,test
standfordcars_7638,06765.jpg,ood_test,test
standfordcars_7639,06003.jpg,ood_test,test
standfordcars_7640,00472.jpg,ood_test,test
standfordcars_7641,04614.jpg,ood_test,test
standfordcars_7642,02265.jpg,ood_test,test
standfordcars_7643,04600.jpg,ood_test,test
standfordcars_7644,02271.jpg,ood_test,test
standfordcars_7645,06017.jpg,ood_test,test
standfordcars_7646,01778.jpg,ood_test,test
standfordcars_7647,00466.jpg,ood_test,test
standfordcars_7648,07309.jpg,ood_test,test
standfordcars_7649,00300.jpg,ood_test,test
standfordcars_7650,06771.jpg,ood_test,test
standfordcars_7651,05278.jpg,ood_test,test
standfordcars_7652,02517.jpg,ood_test,test
standfordcars_7653,03609.jpg,ood_test,test
standfordcars_7654,04166.jpg,ood_test,test
standfordcars_7655,05293.jpg,ood_test,test
standfordcars_7656,07484.jpg,ood_test,test
standfordcars_7657,06942.jpg,ood_test,test
standfordcars_7658,01793.jpg,ood_test,test
standfordcars_7659,04833.jpg,ood_test,test
standfordcars_7660,03184.jpg,ood_test,test
standfordcars_7661,04827.jpg,ood_test,test
standfordcars_7662,03190.jpg,ood_test,test
standfordcars_7663,00499.jpg,ood_test,test
standfordcars_7664,01787.jpg,ood_test,test
standfordcars_7665,07490.jpg,ood_test,test
standfordcars_7666,06956.jpg,ood_test,test
standfordcars_7667,04199.jpg,ood_test,test
standfordcars_7668,05287.jpg,ood_test,test
standfordcars_7669,03806.jpg,ood_test,test
standfordcars_7670,01977.jpg,ood_test,test
standfordcars_7671,01963.jpg,ood_test,test
standfordcars_7672,03812.jpg,ood_test,test
standfordcars_7673,01142.jpg,ood_test,test
standfordcars_7674,07533.jpg,ood_test,test
standfordcars_7675,03755.jpg,ood_test,test
standfordcars_7676,05324.jpg,ood_test,test
standfordcars_7677,05442.jpg,ood_test,test
standfordcars_7678,04984.jpg,ood_test,test
standfordcars_7679,03033.jpg,ood_test,test
standfordcars_7680,07255.jpg,ood_test,test
standfordcars_7681,01624.jpg,ood_test,test
standfordcars_7682,07241.jpg,ood_test,test
standfordcars_7683,01630.jpg,ood_test,test
standfordcars_7684,05456.jpg,ood_test,test
standfordcars_7685,04990.jpg,ood_test,test
standfordcars_7686,02339.jpg,ood_test,test
standfordcars_7687,03027.jpg,ood_test,test
standfordcars_7688,04748.jpg,ood_test,test
standfordcars_7689,03741.jpg,ood_test,test
standfordcars_7690,05330.jpg,ood_test,test
standfordcars_7691,03999.jpg,ood_test,test
standfordcars_7692,06639.jpg,ood_test,test
standfordcars_7693,01156.jpg,ood_test,test
standfordcars_7694,00248.jpg,ood_test,test
standfordcars_7695,07527.jpg,ood_test,test
standfordcars_7696,04006.jpg,ood_test,test
standfordcars_7697,03769.jpg,ood_test,test
standfordcars_7698,02477.jpg,ood_test,test
standfordcars_7699,05318.jpg,ood_test,test
standfordcars_7700,06611.jpg,ood_test,test
standfordcars_7701,00260.jpg,ood_test,test
standfordcars_7702,07269.jpg,ood_test,test
standfordcars_7703,00506.jpg,ood_test,test
standfordcars_7704,01618.jpg,ood_test,test
standfordcars_7705,06177.jpg,ood_test,test
standfordcars_7706,02311.jpg,ood_test,test
standfordcars_7707,04760.jpg,ood_test,test
standfordcars_7708,02305.jpg,ood_test,test
standfordcars_7709,04774.jpg,ood_test,test
standfordcars_7710,00512.jpg,ood_test,test
standfordcars_7711,06163.jpg,ood_test,test
standfordcars_7712,06605.jpg,ood_test,test
standfordcars_7713,00274.jpg,ood_test,test
standfordcars_7714,04012.jpg,ood_test,test
standfordcars_7715,02463.jpg,ood_test,test
standfordcars_7716,02488.jpg,ood_test,test
standfordcars_7717,03796.jpg,ood_test,test
standfordcars_7718,06836.jpg,ood_test,test
standfordcars_7719,01181.jpg,ood_test,test
standfordcars_7720,06188.jpg,ood_test,test
standfordcars_7721,07296.jpg,ood_test,test
standfordcars_7722,05481.jpg,ood_test,test
standfordcars_7723,04947.jpg,ood_test,test
standfordcars_7724,05495.jpg,ood_test,test
standfordcars_7725,04953.jpg,ood_test,test
standfordcars_7726,07282.jpg,ood_test,test
standfordcars_7727,06822.jpg,ood_test,test
standfordcars_7728,01195.jpg,ood_test,test
standfordcars_7729,03782.jpg,ood_test,test
standfordcars_7730,03972.jpg,ood_test,test
standfordcars_7731,01803.jpg,ood_test,test
standfordcars_7732,01817.jpg,ood_test,test
standfordcars_7733,03966.jpg,ood_test,test
standfordcars_7734,06349.jpg,ood_test,test
standfordcars_7735,01426.jpg,ood_test,test
standfordcars_7736,00738.jpg,ood_test,test
standfordcars_7737,07057.jpg,ood_test,test
standfordcars_7738,03231.jpg,ood_test,test
standfordcars_7739,05898.jpg,ood_test,test
standfordcars_7740,05640.jpg,ood_test,test
standfordcars_7741,05126.jpg,ood_test,test
standfordcars_7742,02649.jpg,ood_test,test
standfordcars_7743,03557.jpg,ood_test,test
standfordcars_7744,02891.jpg,ood_test,test
standfordcars_7745,04238.jpg,ood_test,test
standfordcars_7746,07731.jpg,ood_test,test
standfordcars_7747,01340.jpg,ood_test,test
standfordcars_7748,07725.jpg,ood_test,test
standfordcars_7749,01354.jpg,ood_test,test
standfordcars_7750,05132.jpg,ood_test,test
standfordcars_7751,03543.jpg,ood_test,test
standfordcars_7752,02885.jpg,ood_test,test
standfordcars_7753,03225.jpg,ood_test,test
standfordcars_7754,05654.jpg,ood_test,test
standfordcars_7755,01432.jpg,ood_test,test
standfordcars_7756,07043.jpg,ood_test,test
standfordcars_7757,04562.jpg,ood_test,test
standfordcars_7758,02113.jpg,ood_test,test
standfordcars_7759,06375.jpg,ood_test,test
standfordcars_7760,00704.jpg,ood_test,test
standfordcars_7761,00062.jpg,ood_test,test
standfordcars_7762,06413.jpg,ood_test,test
standfordcars_7763,02675.jpg,ood_test,test
standfordcars_7764,04204.jpg,ood_test,test
standfordcars_7765,02661.jpg,ood_test,test
standfordcars_7766,04210.jpg,ood_test,test
standfordcars_7767,07719.jpg,ood_test,test
standfordcars_7768,00076.jpg,ood_test,test
standfordcars_7769,01368.jpg,ood_test,test
standfordcars_7770,06407.jpg,ood_test,test
standfordcars_7771,06361.jpg,ood_test,test
standfordcars_7772,00710.jpg,ood_test,test
standfordcars_7773,04576.jpg,ood_test,test
standfordcars_7774,03219.jpg,ood_test,test
standfordcars_7775,02107.jpg,ood_test,test
standfordcars_7776,05668.jpg,ood_test,test
standfordcars_7777,05683.jpg,ood_test,test
standfordcars_7778,07094.jpg,ood_test,test
standfordcars_7779,00923.jpg,ood_test,test
standfordcars_7780,01383.jpg,ood_test,test
standfordcars_7781,03594.jpg,ood_test,test
standfordcars_7782,02852.jpg,ood_test,test
standfordcars_7783,03580.jpg,ood_test,test
standfordcars_7784,02846.jpg,ood_test,test
standfordcars_7785,01397.jpg,ood_test,test
standfordcars_7786,00089.jpg,ood_test,test
standfordcars_7787,07080.jpg,ood_test,test
standfordcars_7788,00937.jpg,ood_test,test
standfordcars_7789,05697.jpg,ood_test,test
standfordcars_7790,04589.jpg,ood_test,test
standfordcars_7791,05867.jpg,ood_test,test
standfordcars_7792,07916.jpg,ood_test,test
standfordcars_7793,07902.jpg,ood_test,test
standfordcars_7794,05873.jpg,ood_test,test
standfordcars_7795,07903.jpg,ood_test,test
standfordcars_7796,05872.jpg,ood_test,test
standfordcars_7797,05866.jpg,ood_test,test
standfordcars_7798,07917.jpg,ood_test,test
standfordcars_7799,00088.jpg,ood_test,test
standfordcars_7800,01396.jpg,ood_test,test
standfordcars_7801,02847.jpg,ood_test,test
standfordcars_7802,03581.jpg,ood_test,test
standfordcars_7803,04588.jpg,ood_test,test
standfordcars_7804,05696.jpg,ood_test,test
standfordcars_7805,00936.jpg,ood_test,test
standfordcars_7806,07081.jpg,ood_test,test
standfordcars_7807,00922.jpg,ood_test,test
standfordcars_7808,07095.jpg,ood_test,test
standfordcars_7809,05682.jpg,ood_test,test
standfordcars_7810,02853.jpg,ood_test,test
standfordcars_7811,03595.jpg,ood_test,test
standfordcars_7812,01382.jpg,ood_test,test
standfordcars_7813,06406.jpg,ood_test,test
standfordcars_7814,01369.jpg,ood_test,test
standfordcars_7815,00077.jpg,ood_test,test
standfordcars_7816,07718.jpg,ood_test,test
standfordcars_7817,04211.jpg,ood_test,test
standfordcars_7818,02660.jpg,ood_test,test
standfordcars_7819,05669.jpg,ood_test,test
standfordcars_7820,02106.jpg,ood_test,test
standfordcars_7821,03218.jpg,ood_test,test
standfordcars_7822,04577.jpg,ood_test,test
standfordcars_7823,00711.jpg,ood_test,test
standfordcars_7824,06360.jpg,ood_test,test
standfordcars_7825,00705.jpg,ood_test,test
standfordcars_7826,06374.jpg,ood_test,test
standfordcars_7827,02112.jpg,ood_test,test
standfordcars_7828,04563.jpg,ood_test,test
standfordcars_7829,04205.jpg,ood_test,test
standfordcars_7830,02674.jpg,ood_test,test
standfordcars_7831,06412.jpg,ood_test,test
standfordcars_7832,00063.jpg,ood_test,test
standfordcars_7833,02884.jpg,ood_test,test
standfordcars_7834,03542.jpg,ood_test,test
standfordcars_7835,05133.jpg,ood_test,test
standfordcars_7836,01355.jpg,ood_test,test
standfordcars_7837,07724.jpg,ood_test,test
standfordcars_7838,07042.jpg,ood_test,test
standfordcars_7839,01433.jpg,ood_test,test
standfordcars_7840,05655.jpg,ood_test,test
standfordcars_7841,03224.jpg,ood_test,test
standfordcars_7842,05641.jpg,ood_test,test
standfordcars_7843,05899.jpg,ood_test,test
standfordcars_7844,03230.jpg,ood_test,test
standfordcars_7845,07056.jpg,ood_test,test
standfordcars_7846,00739.jpg,ood_test,test
standfordcars_7847,01427.jpg,ood_test,test
standfordcars_7848,06348.jpg,ood_test,test
standfordcars_7849,01341.jpg,ood_test,test
standfordcars_7850,07730.jpg,ood_test,test
standfordcars_7851,04239.jpg,ood_test,test
standfordcars_7852,02890.jpg,ood_test,test
standfordcars_7853,03556.jpg,ood_test,test
standfordcars_7854,02648.jpg,ood_test,test
standfordcars_7855,05127.jpg,ood_test,test
standfordcars_7856,01816.jpg,ood_test,test
standfordcars_7857,03967.jpg,ood_test,test
standfordcars_7858,03973.jpg,ood_test,test
standfordcars_7859,01802.jpg,ood_test,test
standfordcars_7860,07283.jpg,ood_test,test
standfordcars_7861,04952.jpg,ood_test,test
standfordcars_7862,05494.jpg,ood_test,test
standfordcars_7863,03783.jpg,ood_test,test
standfordcars_7864,01194.jpg,ood_test,test
standfordcars_7865,06823.jpg,ood_test,test
standfordcars_7866,01180.jpg,ood_test,test
standfordcars_7867,06837.jpg,ood_test,test
standfordcars_7868,03797.jpg,ood_test,test
standfordcars_7869,02489.jpg,ood_test,test
standfordcars_7870,04946.jpg,ood_test,test
standfordcars_7871,05480.jpg,ood_test,test
standfordcars_7872,07297.jpg,ood_test,test
standfordcars_7873,06189.jpg,ood_test,test
standfordcars_7874,06162.jpg,ood_test,test
standfordcars_7875,00513.jpg,ood_test,test
standfordcars_7876,04775.jpg,ood_test,test
standfordcars_7877,02304.jpg,ood_test,test
standfordcars_7878,02462.jpg,ood_test,test
standfordcars_7879,04013.jpg,ood_test,test
standfordcars_7880,00275.jpg,ood_test,test
standfordcars_7881,06604.jpg,ood_test,test
standfordcars_7882,00261.jpg,ood_test,test
standfordcars_7883,06610.jpg,ood_test,test
standfordcars_7884,05319.jpg,ood_test,test
standfordcars_7885,02476.jpg,ood_test,test
standfordcars_7886,03768.jpg,ood_test,test
standfordcars_7887,04007.jpg,ood_test,test
standfordcars_7888,04761.jpg,ood_test,test
standfordcars_7889,02310.jpg,ood_test,test
standfordcars_7890,06176.jpg,ood_test,test
standfordcars_7891,01619.jpg,ood_test,test
standfordcars_7892,00507.jpg,ood_test,test
standfordcars_7893,07268.jpg,ood_test,test
standfordcars_7894,04749.jpg,ood_test,test
standfordcars_7895,03026.jpg,ood_test,test
standfordcars_7896,02338.jpg,ood_test,test
standfordcars_7897,04991.jpg,ood_test,test
standfordcars_7898,05457.jpg,ood_test,test
standfordcars_7899,01631.jpg,ood_test,test
standfordcars_7900,07240.jpg,ood_test,test
standfordcars_7901,07526.jpg,ood_test,test
standfordcars_7902,00249.jpg,ood_test,test
standfordcars_7903,01157.jpg,ood_test,test
standfordcars_7904,06638.jpg,ood_test,test
standfordcars_7905,03998.jpg,ood_test,test
standfordcars_7906,05331.jpg,ood_test,test
standfordcars_7907,03740.jpg,ood_test,test
standfordcars_7908,05325.jpg,ood_test,test
standfordcars_7909,03754.jpg,ood_test,test
standfordcars_7910,07532.jpg,ood_test,test
standfordcars_7911,01143.jpg,ood_test,test
standfordcars_7912,01625.jpg,ood_test,test
standfordcars_7913,07254.jpg,ood_test,test
standfordcars_7914,03032.jpg,ood_test,test
standfordcars_7915,04985.jpg,ood_test,test
standfordcars_7916,05443.jpg,ood_test,test
standfordcars_7917,01962.jpg,ood_test,test
standfordcars_7918,03813.jpg,ood_test,test
standfordcars_7919,03807.jpg,ood_test,test
standfordcars_7920,01976.jpg,ood_test,test
standfordcars_7921,01786.jpg,ood_test,test
standfordcars_7922,00498.jpg,ood_test,test
standfordcars_7923,03191.jpg,ood_test,test
standfordcars_7924,04826.jpg,ood_test,test
standfordcars_7925,05286.jpg,ood_test,test
standfordcars_7926,04198.jpg,ood_test,test
standfordcars_7927,06957.jpg,ood_test,test
standfordcars_7928,07491.jpg,ood_test,test
standfordcars_7929,06943.jpg,ood_test,test
standfordcars_7930,07485.jpg,ood_test,test
standfordcars_7931,05292.jpg,ood_test,test
standfordcars_7932,03185.jpg,ood_test,test
standfordcars_7933,04832.jpg,ood_test,test
standfordcars_7934,01792.jpg,ood_test,test
standfordcars_7935,07308.jpg,ood_test,test
standfordcars_7936,00467.jpg,ood_test,test
standfordcars_7937,01779.jpg,ood_test,test
standfordcars_7938,06016.jpg,ood_test,test
standfordcars_7939,02270.jpg,ood_test,test
standfordcars_7940,04601.jpg,ood_test,test
standfordcars_7941,04167.jpg,ood_test,test
standfordcars_7942,03608.jpg,ood_test,test
standfordcars_7943,02516.jpg,ood_test,test
standfordcars_7944,05279.jpg,ood_test,test
standfordcars_7945,06770.jpg,ood_test,test
standfordcars_7946,00301.jpg,ood_test,test
standfordcars_7947,06764.jpg,ood_test,test
standfordcars_7948,00315.jpg,ood_test,test
standfordcars_7949,04173.jpg,ood_test,test
standfordcars_7950,02502.jpg,ood_test,test
standfordcars_7951,02264.jpg,ood_test,test
standfordcars_7952,04615.jpg,ood_test,test
standfordcars_7953,00473.jpg,ood_test,test
standfordcars_7954,06002.jpg,ood_test,test
standfordcars_7955,05523.jpg,ood_test,test
standfordcars_7956,03152.jpg,ood_test,test
standfordcars_7957,07334.jpg,ood_test,test
standfordcars_7958,08007.jpg,ood_test,test
standfordcars_7959,01745.jpg,ood_test,test
standfordcars_7960,01023.jpg,ood_test,test
standfordcars_7961,06994.jpg,ood_test,test
standfordcars_7962,07452.jpg,ood_test,test
standfordcars_7963,03634.jpg,ood_test,test
standfordcars_7964,05245.jpg,ood_test,test
standfordcars_7965,03620.jpg,ood_test,test
standfordcars_7966,05251.jpg,ood_test,test
standfordcars_7967,06758.jpg,ood_test,test
standfordcars_7968,01037.jpg,ood_test,test
standfordcars_7969,06980.jpg,ood_test,test
standfordcars_7970,00329.jpg,ood_test,test
standfordcars_7971,07446.jpg,ood_test,test
standfordcars_7972,07320.jpg,ood_test,test
standfordcars_7973,08013.jpg,ood_test,test
standfordcars_7974,01989.jpg,ood_test,test
standfordcars_7975,01751.jpg,ood_test,test
standfordcars_7976,05537.jpg,ood_test,test
standfordcars_7977,02258.jpg,ood_test,test
standfordcars_7978,03146.jpg,ood_test,test
standfordcars_7979,04629.jpg,ood_test,test
standfordcars_7980,07877.jpg,ood_test,test
standfordcars_7981,05906.jpg,ood_test,test
standfordcars_7982,05912.jpg,ood_test,test
standfordcars_7983,07863.jpg,ood_test,test
standfordcars_7984,07693.jpg,ood_test,test
standfordcars_7985,02933.jpg,ood_test,test
standfordcars_7986,05084.jpg,ood_test,test
standfordcars_7987,03393.jpg,ood_test,test
standfordcars_7988,00842.jpg,ood_test,test
standfordcars_7989,01584.jpg,ood_test,test
standfordcars_7990,00856.jpg,ood_test,test
standfordcars_7991,01590.jpg,ood_test,test
standfordcars_7992,02099.jpg,ood_test,test
standfordcars_7993,03387.jpg,ood_test,test
standfordcars_7994,02927.jpg,ood_test,test
standfordcars_7995,05090.jpg,ood_test,test
standfordcars_7996,06599.jpg,ood_test,test
standfordcars_7997,07687.jpg,ood_test,test
standfordcars_7998,00103.jpg,ood_test,test
standfordcars_7999,06572.jpg,ood_test,test
standfordcars_8000,02714.jpg,ood_test,test
standfordcars_8001,04365.jpg,ood_test,test
standfordcars_8002,04403.jpg,ood_test,test
standfordcars_8003,02072.jpg,ood_test,test
standfordcars_8004,06214.jpg,ood_test,test
standfordcars_8005,00665.jpg,ood_test,test
standfordcars_8006,06200.jpg,ood_test,test
standfordcars_8007,00671.jpg,ood_test,test
standfordcars_8008,04417.jpg,ood_test,test
standfordcars_8009,03378.jpg,ood_test,test
standfordcars_8010,02066.jpg,ood_test,test
standfordcars_8011,05709.jpg,ood_test,test
standfordcars_8012,02700.jpg,ood_test,test
standfordcars_8013,04371.jpg,ood_test,test
standfordcars_8014,07678.jpg,ood_test,test
standfordcars_8015,00117.jpg,ood_test,test
standfordcars_8016,01209.jpg,ood_test,test
standfordcars_8017,06566.jpg,ood_test,test
standfordcars_8018,05047.jpg,ood_test,test
standfordcars_8019,02728.jpg,ood_test,test
standfordcars_8020,03436.jpg,ood_test,test
standfordcars_8021,04359.jpg,ood_test,test
standfordcars_8022,07650.jpg,ood_test,test
standfordcars_8023,01221.jpg,ood_test,test
standfordcars_8024,07888.jpg,ood_test,test
standfordcars_8025,00881.jpg,ood_test,test
standfordcars_8026,06228.jpg,ood_test,test
standfordcars_8027,01547.jpg,ood_test,test
standfordcars_8028,00659.jpg,ood_test,test
standfordcars_8029,07136.jpg,ood_test,test
standfordcars_8030,03350.jpg,ood_test,test
standfordcars_8031,05721.jpg,ood_test,test
standfordcars_8032,03344.jpg,ood_test,test
standfordcars_8033,05735.jpg,ood_test,test
standfordcars_8034,00895.jpg,ood_test,test
standfordcars_8035,01553.jpg,ood_test,test
standfordcars_8036,07122.jpg,ood_test,test
standfordcars_8037,07644.jpg,ood_test,test
standfordcars_8038,01235.jpg,ood_test,test
standfordcars_8039,05053.jpg,ood_test,test
standfordcars_8040,03422.jpg,ood_test,test
